t,mode_index,q,coherent_response_abs,coherent_plus_abs,coherent_response_real,coherent_response_imag,coherent_plus_real,coherent_plus_imag,structure_factor
0,0,0.0,0.0005625000000000001,0.003208333333333334,0.0005625000000000001,0.0,-0.003208333333333334,0.0,1.759529597192179e-33
0,1,0.06544984694978735,0.00023262937825390247,0.007840105982241925,-2.0489573363842857e-05,-0.00023172527917809254,0.006134605483341875,-0.0048819952249605295,1.0560805146620986
0,2,0.1308996938995747,0.024960127281817,0.022996253150700252,0.02495953070388667,0.00017257162641594613,0.02279530650703962,-0.003033423844636355,1.037416138266489
0,3,0.19634954084936207,0.0006769476748585264,0.0009990845134236076,0.0005203186163444356,0.000433043522041119,-8.014977261949076e-05,-0.0009958643878118802,1.0296742828747785
0,4,0.2617993877991494,0.000273139879200908,0.0017645936215862474,-2.7780160076712765e-05,-0.0002717234923888599,0.0016599419971019948,-0.0005986511635334131,0.9850111980576196
0,5,0.3272492347489368,0.0004163813530423039,0.0016952971561931705,0.0003278949527455982,-0.00025662878078130995,0.0016952458397406765,-1.319055110979497e-05,0.947374391122409
0,6,0.39269908169872414,0.00046635028765219306,0.0030803321743880494,-0.0004306532826095268,-0.00017894228390998666,0.0015089208388606352,-0.002685443018688411,1.0437537665904326
0,7,0.4581489286485115,0.00013120906795515149,0.004301806252137756,6.296844764058909e-05,0.0001151120936973781,0.0005493108579510302,0.0042665905137789575,0.9941597627779853
0,8,0.5235987755982988,0.0010580756230930764,0.0030012199361535716,0.0001611845891497003,-0.0010457263276806433,0.0008239186399201491,0.0028859104594491113,1.0057786266266817
0,9,0.5890486225480862,0.001032123639281393,0.0013215040892214254,0.0007227776334188488,-0.000736798275916085,9.906705306333865e-05,-0.001317785557982138,1.0358022189662428
0,10,0.6544984694978736,0.0004671567028875771,0.001605991502255817,0.00021943674203725677,-0.00041241108289771555,-0.001601550504537904,-0.00011935110695875677,0.988207109569442
0,11,0.7199483164476609,0.00030064163331038236,0.006338448965129999,-0.00029846454444506306,-3.611519609160937e-05,-0.004553106738041296,-0.004409666009525042,0.950808138709705
0,12,0.7853981633974483,0.0006612253134393968,0.004442690734143881,0.0005050550143149853,-0.0004267766952966369,0.0033952944601238614,0.0028652184015010296,1.0251436958936593
0,13,0.8508480103472357,0.0004019458066712922,0.0021868566358941503,0.00023132121007874343,-0.0003287110117844269,-0.001704378637881604,-0.0013701953892372898,1.0696941511202305
0,14,0.916297857297023,0.0003232954536751613,0.004479143664712942,-0.00016726061160582737,-0.000276665570991898,-0.004463896245228914,0.0003692672216285848,1.016573998522832
0,15,0.9817477042468102,0.00028789808098147925,0.0007964530466316235,6.945083284731566e-05,-0.0002793955741410959,-0.0007764636973062026,-0.00017731774376631565,0.9813555356845961
0,16,1.0471975511965976,0.0005324740799638352,0.0024968730444297725,0.0002968749999999998,-0.00044203379984830666,0.0007499999999999998,-0.0023815698604072065,0.99975
0,17,1.1126473981463851,0.000703849920642138,0.0051561454993486215,-0.0005585892447945904,0.0004282321407691782,-0.003335184178673834,0.003932223659047994,0.9736436433550931
0,18,1.1780972450961724,0.0005402417502980099,0.005089049174862586,-5.728664670200468e-05,-0.0005371958570900347,0.004829334558255315,-0.0016049763950321879,0.9622581717757628
0,19,1.2435470920459597,0.00028645066631691234,0.005848798137596571,0.00021687820416163293,-0.00018713051272581957,-0.005745606178540348,-0.001093823246906052,1.0451805241871517
0,20,1.3089969389957472,0.0005924890492782259,0.0013642049870227207,0.00029474710725511016,-0.0005139721940721701,-0.000171883957513268,0.00135333334835407,1.048545943807666
0,21,1.3744467859455345,0.0004680723083077683,0.00403796755004083,-0.00045356457760287167,-0.00011563243380856028,0.001416729286621583,-0.0037812775702943894,0.9919117795712418
0,22,1.4398966328953218,0.00016263646175134616,0.002214528194862991,-0.00013455926554632015,9.134781194222433e-05,-0.0017970099660417045,0.0012941755320627604,1.0384490306008305
0,23,1.505346479845109,0.0009623876719022051,0.003197473984278237,0.0008258776800334332,0.000494081054738937,0.0031947604292181034,-0.0001317029993519632,0.927715432004172
0,24,1.5707963267948966,0.0003638385249286036,0.000662093690919613,0.0003541666666666665,-8.33333333333334e-05,-0.0006041666666666669,-0.00027083333333333354,1.0034166666666666
0,25,1.636246173744684,0.0004463112313657232,0.0030479948868170803,-0.00024266026043612897,-0.0003745793817714186,-0.0005546875052879968,-0.00299709769636234,0.9982272175044294
0,26,1.7016960206944713,0.00046923336498365945,0.0047137812545622005,-0.00044640992163680825,0.00014456186453593798,-0.00412284320313875,-0.002285147180860481,0.9816531049338564
0,27,1.7671458676442586,0.00038812063026101714,0.004758774212423724,-4.168473924992211e-05,0.0003858756355976303,0.002686120130969311,0.003928191778265216,1.026653339628768
0,28,1.832595714594046,0.0009645868310477629,0.0019910236419936884,0.0005965989279704434,0.0007579561159956974,0.0017302974487068802,0.0009850105999309202,0.990094213214356
0,29,1.8980455615438334,0.0005135630242881626,0.0033555370253838574,-0.00019983789901561257,0.00047308751202396974,0.003349293934219129,0.00020459440589834445,0.991710241300979
0,30,1.9634954084936205,0.0002238791967096902,0.0026533615402403988,-0.00018050946918076816,0.00013243196840436022,0.00035770097139913487,0.0026291400644102274,1.0464301519433876
0,31,2.028945255443408,0.0008237470357860579,0.0046223693412298355,-0.0005382043386797038,-0.0006236146797443592,0.001888538100473227,-0.004218971695781156,1.017235852724694
0,32,2.0943951023931953,0.0008751859921372904,0.005114487864010541,0.000765625,0.00042399160393613133,-0.002270833333333334,0.0045827177616926534,1.0527499999999999
0,33,2.159844949342983,0.00034486356930564044,0.0015853925099607654,0.00022750403884350397,0.0002591771474187485,-0.0015615068655462604,-0.00027416367281532603,0.9821495088560682
0,34,2.2252947962927703,0.0003217403544697904,0.004054925488774,-0.0003166614894931707,-5.6941696201579265e-05,0.002341796053511273,-0.0033103492207421387,0.9498458052670545
0,35,2.2907446432425576,0.0004993646320093691,0.0053711120827725995,-0.00032264173256919403,-0.00038113953889173095,0.00070253722136338,0.005324968211952522,1.0022525824373791
0,36,2.356194490192345,0.00033634551742099076,0.0014253407532847466,0.0003282783190183482,7.322330470336332e-05,-0.0002286277934571944,0.0014068850681676964,1.0346896374396737
0,37,2.421644337142132,0.0001033775244558205,0.002647104638751305,-0.00010292190684034244,-9.69503248894177e-06,0.0026336765282955234,-0.00026629103027311484,0.9711683111832277
0,38,2.4870941840919194,0.0006578207580282325,0.0049022279991465375,-0.0005562374989663152,-0.0003511808571612878,-0.004838097565556951,0.0007903488481475597,1.0344010843410152
0,39,2.5525440310417067,0.0005996193970585748,0.003088905140530168,-0.00013881018745421207,0.0005833310836804562,0.001077143051709601,0.0028950125756803586,0.9674280900799821
0,40,2.6179938779914944,0.0004026909529576922,0.0035611676464251812,0.00035964874418363335,0.0001811429943473103,0.0035302480267465196,0.00046825620721755465,0.9630547067066515
0,41,2.6834437249412812,0.0007877600105261949,0.00213612113632423,0.00016836886201516862,0.0007695568598147559,-0.0016346668700236548,0.0013750918998736731,0.9673599213627294
0,42,2.748893571891069,0.00036143952798352026,0.0038792395095530977,0.0002517827318256325,-0.0002593144584155915,-0.00286262303518175,-0.0026179932259126613,0.9738912430237506
0,43,2.8143434188408563,0.00024794066116040777,0.003950870413756377,0.0001953607002063592,-0.00015267209395151816,0.00033435102061822987,-0.003936697400271836,0.9646707147610077
0,44,2.8797932657906435,0.00021307105080037737,0.001692571536303887,5.3100791517825536e-05,0.0002063481975432725,0.00011497784503772574,-0.0016886617484435954,0.9520153115870243
0,45,2.9452431127404313,0.00037991058795300124,0.002357890105225145,-0.0003226582838137646,-0.00020055843718266056,0.00047239414644145223,-0.0023100843098741,0.9976919110049937
0,46,3.010692959690218,0.0014071834156153755,0.0029822945852443464,0.0013588280079911905,-0.0003657206719364496,0.002852961590619996,-0.0008687296217033066,0.9771203951651453
0,47,3.076142806640006,0.0008894422659377459,0.005411814177751301,-0.0008281938900703808,0.0003243492329057711,-0.005288022640105775,-0.0011508906343518214,0.9900519341200408
0,48,3.141592653589793,0.0009375000000000001,0.00225,-0.0009375000000000001,0.0,-0.00225,0.0,1.039
1,0,0.0,0.00010416666666666663,0.0011875000000000002,0.00010416666666666663,0.0,-0.0011875000000000002,0.0,4.465075983067368e-33
1,1,0.06544984694978735,7.328121705784967e-05,0.005708218986358954,-2.8601362442437197e-05,-6.746924365898894e-05,0.003909441538836371,-0.004159330577226286,1.4209804630202783
1,2,0.1308996938995747,0.010630869326611465,0.0107595157951546,0.010630039532493087,-0.000132823857505498,0.01053670117923387,-0.00217832697401306,1.1310177893203572
1,3,0.19634954084936207,0.00015780219044981338,0.003179356151760038,-3.969893875896709e-05,-0.00015272696412936044,-0.0003305813256601084,-0.0031621229461959895,1.0255337310225887
1,4,0.2617993877991494,0.00022171944227299752,0.0021690885371051915,-3.3519810484823036e-06,0.00022169410299983103,-0.000758620208213216,0.0020321024731769005,0.9474141900297611
1,5,0.3272492347489368,0.0004510125013019175,0.0033017344592027407,-0.0003585897492532665,0.0002735428084616585,0.0033011773107624112,6.06531284788288e-05,1.0223595445107634
1,6,0.39269908169872414,0.0005087840179644384,0.004683844468302263,0.0004956052456993703,-0.00011505049922231876,-0.003979158332892163,0.0024707686992149975,0.9985968851277552
1,7,0.4581489286485115,0.0004046606395885714,0.0043865811592028415,-0.00038828527929874753,-0.00011395075740040209,0.0042607528246942986,0.001043110556524523,0.9513028514538305
1,8,0.5235987755982988,0.00039855465985176266,0.0024250512652996283,-0.00012071309654291526,-0.0003798343918243516,-0.0005566636349221672,-0.002360296429876249,1.0075724832468176
1,9,0.5890486225480862,0.0005496002911915011,0.002147454232365279,-0.00016139901444087645,0.0005253673364564042,0.0013124641403330344,0.0016997051392648723,0.9806796423505206
1,10,0.6544984694978736,0.0002185056478648445,0.001034741429378231,-0.00013161462995382983,-0.00017441991666937543,-0.00037730857639803285,0.0009634978276302413,0.959433257938331
1,11,0.7199483164476609,0.00021684028956505582,0.0016639143567319552,-2.3933433423960275e-05,0.00021551543319028944,0.0014934876749503397,0.0007335567812447414,0.9958911148539268
1,12,0.7853981633974483,0.0009143447046703045,0.0010517928324023228,0.000307968449556829,0.0008609190862306337,5.93592167691142e-05,0.0010501164914796157,1.0271686627784786
1,13,0.8508480103472357,0.0003499839565639901,0.00020979122515125102,-0.0003320326089404627,0.00011064861703778641,7.072306975270935e-05,-0.00019751102641426453,1.0419485891089784
1,14,0.916297857297023,0.0004434317264711827,0.0025520778125784076,-0.00044314291597739245,-1.6001626800655194e-05,-0.002015571531062872,0.0015654304726252964,0.9859942219701581
1,15,0.9817477042468102,0.00032525298990376995,0.0021432326347986647,-0.0002949476604340546,0.00013709626196880604,-0.0004978718174514074,-0.002084603027018252,1.0201862445691698
1,16,1.0471975511965976,0.00010825317547305526,0.004098557927287759,-9.375000000000052e-05,-5.4126587736527385e-05,-0.003875,0.0013351224975010096,1.0322916666666666
1,17,1.1126473981463851,0.00016540089450651786,0.00310547920133621,-2.7459330787793925e-05,-0.00016310561319661185,0.0013045891622654477,-0.0028181639745819124,0.9755207110727319
1,18,1.1780972450961724,0.0011329003911013991,0.00322118732282087,-0.0010579046599811942,-0.0004053406302701186,-0.0029996941727504487,-0.0011738324576654382,0.9366161131411873
1,19,1.2435470920459597,0.0005268864673387911,0.003315903172222862,0.00032446354124806057,0.00041512981086103546,0.0015276394121756123,-0.0029430480244001097,1.0245690096577769
1,20,1.3089969389957472,0.000628249330979395,0.004884416973101279,-0.00036170434900410715,0.0005136800422321004,-0.004335071270571851,-0.002250485780044482,0.9984067498241284
1,21,1.3744467859455345,0.00019147151868594383,0.0011573230305081653,-0.00018765474940328315,-3.803994603430376e-05,0.0006165570009524452,-0.0009794151630034783,0.9459723613199692
1,22,1.4398966328953218,0.0003198161048173694,0.0045022554022506635,-0.00030108902128232154,-0.00010783200899458544,-0.003834055790541074,-0.002360152516706016,0.9925374944121411
1,23,1.505346479845109,0.00020466156081274281,0.001491000194791949,-0.00015207850422521355,0.0001369616115082242,-0.0012840426127260743,-0.0007578364926375787,0.9847604550917866
1,24,1.5707963267948966,0.0002814428351272143,0.003127013240386992,-0.00017708333333333316,-0.0002187499999999999,0.001666666666666667,-0.0026458333333333334,0.9917916666666667
1,25,1.636246173744684,0.00035810657926217226,0.002346198468432179,0.00029908563645297776,0.00019694695777891993,-0.0018999396096068416,0.001376545216518697,0.9805719955122169
1,26,1.7016960206944713,0.00025315856597859105,0.00253292454588124,-0.0002444887731273793,6.568484865633381e-05,-0.0010998677205225939,0.0022816655654324365,0.9457061797401626
1,27,1.7671458676442586,0.00028900584884916305,0.0015851897845743747,-0.00014945723989096276,0.0002473598878419872,-0.0015844317545885144,-4.901701919246411e-05,1.0158831305448375
1,28,1.832595714594046,0.00042871250063159687,0.0014795262500105829,0.0002804142700739683,-0.0003242872882748883,0.0004348580303003803,0.0014141769401152218,0.9940109753335569
1,29,1.8980455615438334,0.00043561351986610606,0.002742062297423682,0.00036226709163928247,-0.00024191257306174497,-0.0013728272141045955,-0.0023736577434765645,0.985839062279899
1,30,1.9634954084936205,0.0005369697527712417,0.002674929593512955,0.000494537356640723,-0.00020921118105401255,0.000991318750801421,0.0024844587870522005,0.9839117127783572
1,31,2.028945255443408,0.000208673884911119,0.005442329510863922,-2.4114861585828364e-05,-0.00020727581550821427,-0.0054071818370677385,-0.0006175233483076521,0.9452173825047044
1,32,2.0943951023931953,0.0004925662673973706,0.002332682200815191,7.291666666666701e-05,0.0004871392896287469,0.0015625000000000005,0.0017320508075688774,1.020875
1,33,2.159844949342983,0.0006801885292331579,0.002246013664666049,-0.0006575673318820129,-0.0001739587288466355,-0.0022389015778267237,-0.00017859761104679689,0.916173108344315
1,34,2.2252947962927703,0.00019149002078799405,0.0044249895751659355,-0.00018977087426098137,2.5601627753117332e-05,-0.0013591995064333538,0.004211069869052108,0.9442286021942173
1,35,2.2907446432425576,0.0005267215039625639,0.004417224720824333,-0.0003074695158856158,0.0004276658035635422,0.004372903960906022,0.0006241675920408167,0.9356247322249399
1,36,2.356194490192345,0.000604093223064524,0.0005998980505389507,0.0005878648837765042,-0.00013908091376936627,-0.0005593592167691148,0.000216783158146282,0.9654146705548551
1,37,2.421644337142132,0.0005181226733329221,0.0029194404626074867,-0.00047500354669102523,-0.00020693654885640882,-0.0019607240365791733,-0.0021630288641371594,0.9528145564941503
1,38,2.4870941840919194,0.0007981900540040272,0.003955319759898631,0.0002752135647829782,-0.0007492428552014343,0.0009679991685768702,-0.0038350400275197977,0.9783362474157943
1,39,2.5525440310417067,0.0004901072718640422,0.004682228509994433,0.00034665510832473196,0.00034646121544320435,0.003651636093391584,0.002930668466620634,0.960573005761185
1,40,2.6179938779914944,0.00036917891597345405,0.0029085054819350865,0.00020404642987624893,-0.0003076656081756485,0.0020774969682555,-0.0020355369034570844,0.9632608500865166
1,41,2.6834437249412812,0.00023122290294589088,0.0019755023010937303,-2.9864670980959194e-05,0.00022928613624448367,0.0007951686263963153,0.0018084015586206565,0.9863776880293901
1,42,2.748893571891069,0.0002586666889251401,0.000562817227112285,-5.7237942358899194e-05,-0.0002522543833395458,0.00032086708817452363,0.0004623932772659696,0.9860419556193691
1,43,2.8143434188408563,0.0002419815787625353,0.004067330147804926,-0.00021707070575519537,-0.00010693639774814962,0.004040040451996019,-0.0004703697242368502,0.9839086820705574
1,44,2.8797932657906435,0.00018621290968454704,0.00028611389330465735,-0.00018619127335471196,-2.8385664931801263e-06,3.383344848468606e-05,0.00028410641968386243,0.9728347514792222
1,45,2.9452431127404313,0.000360024792848318,0.0014075537413876901,-0.00027259684018124094,-0.00023517826045082755,0.0014044625741830232,9.323310899933054e-05,0.9873321094207461
1,46,3.010692959690218,0.0004759017171739438,0.005153721754980948,-0.0004701468826741629,7.378585989791909e-05,-0.002902030556186148,-0.0042589983069644234,0.9580795403421735
1,47,3.076142806640006,0.00024577570888912876,0.0022857115593345506,-0.0002046460334031487,-0.00013610914771723144,0.002015457944015542,-0.0010781496224458956,0.9989798287807342
1,48,3.141592653589793,0.0001249999999999999,0.0021875,-0.0001249999999999999,0.0,0.0021875,0.0,0.9962916666666667
2,0,0.0,4.166666666666672e-05,0.006520833333333334,4.166666666666672e-05,0.0,0.006520833333333334,0.0,7.829547200582242e-33
2,1,0.06544984694978735,0.00013546109576456863,0.007370797230337889,2.8749819384917276e-05,0.00013237505939969307,0.0065644485019579965,-0.0033521139115337507,1.4938950369194295
2,2,0.1308996938995747,0.004688472077094886,0.006256359246046967,0.004685970935190671,-0.0001531235195739127,0.006119050605563439,-0.0013035531067628538,1.1562588643572667
2,3,0.19634954084936207,0.00010810951395614365,0.004689576135318398,-8.810006620309757e-05,-6.265816261943405e-05,-0.004185279506553818,0.002115551885671554,0.9700175029419023
2,4,0.2617993877991494,2.8663317391168482e-05,0.005076986013153002,-2.3717839797700466e-05,-1.609502529347119e-05,0.0033420130125549844,-0.0038218759793672494,1.0803219396917745
2,5,0.3272492347489368,0.00033980811010144547,0.005003565987266656,0.00030561708858133237,-0.00014855216880875927,-0.003935873431691926,0.003089429222143368,1.053753830357673
2,6,0.39269908169872414,0.0005974902098066732,0.0032045220707332283,-0.00038732425205671093,0.00045494447417627993,0.0010672670477149997,-0.0030215728934907538,1.0462752573518153
2,7,0.4581489286485115,0.00031999277386824467,0.0026029432261372,0.00021887900356832465,-0.00023342527096445855,-0.001610334810398199,0.0020450269526129314,0.9585458014041136
2,8,0.5235987755982988,0.00015793385884696397,0.006573643271519506,-0.00013569041085030023,-8.081594009580947e-05,-0.003771781611001992,-0.00538390651294215,0.9371466426222758
2,9,0.5890486225480862,0.00017376595225535965,0.003128744041881569,-7.301348577578136e-05,0.00015768207589349434,0.0024807311291337843,0.0019065708338679784,0.9883000388168846
2,10,0.6544984694978736,0.00021020313574864966,0.007198997562870956,-6.69530572897606e-05,0.00019925522928675992,0.0021336808341035985,0.006875534307121224,0.9835016668098325
2,11,0.7199483164476609,0.0002724720824903502,0.004734209263266979,0.0002164906884235842,0.00016544732564327167,0.0038374811961649547,-0.002772449353456842,0.9288188842454272
2,12,0.7853981633974483,0.00038867624560554373,0.0018407955345942845,0.00033660113019775797,-0.00019434223176554538,0.0015434012733476087,0.0010032151860948067,1.0000442941077146
2,13,0.8508480103472357,0.0006482970607029834,0.00425641566048664,0.0006170922078397026,-0.00019871156468522177,-0.0042562915807019715,-3.2500075098803814e-05,1.0057636985484257
2,14,0.916297857297023,8.725553535771267e-05,0.0011524591339625947,-8.31756709621661e-05,2.636922847856046e-05,0.0008476191005816428,-0.0007808353960874088,1.0460780638343805
2,15,0.9817477042468102,0.00037158859864337853,0.0025995076194377993,-0.00027483378545081755,-0.0002500889382130362,-0.0024574700747651375,-0.000847514421794109,1.0187209077377657
2,16,1.0471975511965976,0.00032089420418227835,0.002072052793192725,0.0003020833333333333,-0.00010825317547305482,-0.0019791666666666655,-0.0006134346610139775,0.9495833333333333
2,17,1.1126473981463851,0.0005022875502189358,0.0035127161301258774,0.000348784261286783,0.00036144477058545606,0.0012365400974629773,0.003287878221317324,1.0231883712768204
2,18,1.1780972450961724,0.0005317284938761983,0.00326265161056037,0.00047254869947455894,0.00024378867452109666,0.0017514194562591478,0.0027527123751182377,0.9574462868508543
2,19,1.2435470920459597,0.0004260699081309673,0.003171008127851852,5.630788914284548e-05,-0.0004223327932271042,-0.0025980310613442836,-0.0018181108742848446,0.9539301950154447
2,20,1.3089969389957472,8.772459990937229e-05,0.0030806469235600967,7.088248995074755e-05,5.168440816766323e-05,-0.0009236191838130639,0.002938930599883702,0.9116366277264206
2,21,1.3744467859455345,0.00019549553597247762,0.004804442966635589,-0.00013051116939451842,-0.00014555184385105403,-0.004744996793259145,-0.0007534438609575482,0.9124354697884819
2,22,1.4398966328953218,0.000539887238240113,0.0038741970148216892,-0.0003684786774961731,-0.0003945905399844348,0.0036185883695124287,-0.001383914997997591,0.9764326170090295
2,23,1.505346479845109,0.0007051350077753119,0.006352506486586264,0.0005408915698668197,-0.00045238444804977167,0.002560285011629863,-0.005813714760920425,1.020950131694776
2,24,1.5707963267948966,0.00023292374765622825,0.0045939743898333225,0.00010416666666666681,-0.00020833333333333343,0.003854166666666667,0.0025000000000000005,0.949875
2,25,1.636246173744684,0.00024219325848476205,0.00556350096432149,-0.00019997145085201898,0.00013663452455219845,-0.003700594558134331,0.0041542921053186336,0.9469310560894302
2,26,1.7016960206944713,0.0003609487312259321,0.003099275314993781,-4.225872658186432e-05,-0.00035846643720338644,0.00019752840998808548,-0.003092974297561714,0.9235378858273315
2,27,1.7671458676442586,0.00030848822821677186,0.0022158746252146596,-0.00022729149251131593,-0.00020857508091884212,-0.002111926264982355,0.0006707218543836834,0.9482782511341649
2,28,1.832595714594046,0.0006186060040795892,0.000170195068413393,0.00035116605690753796,0.000509269858483033,-0.00011027525454222037,0.0001296369142948413,1.0305362522074086
2,29,1.8980455615438334,0.0006695344452183986,0.002563457016636731,0.0006559309933179392,0.00013427920665110582,-0.00025505840364946857,-0.00255073657731877,0.9437658526294702
2,30,1.9634954084936205,0.0005144567335894813,0.003570436936178028,0.00043678947298670854,-0.0002718100200940943,-0.0030969566737097083,0.0017767608945463771,1.008153797326376
2,31,2.028945255443408,0.00020365292631381566,0.0012808191529141157,-1.7399575667782114e-05,-0.00020290827770882476,-0.0011540872831382293,0.0005554999958328118,0.971998189659348
2,32,2.0943951023931953,0.00017147997534535766,0.0012835768167291134,-0.0001458333333333334,-9.021097956087907e-05,-0.0007916666666666658,-0.0010103629710818455,0.9578333333333333
2,33,2.159844949342983,0.0003753904602571375,0.0024366064812615406,0.00033629955642781883,0.00016679510184210397,-0.0010678276936295565,0.002190158706862023,0.9746450642433716
2,34,2.2252947962927703,0.0002703463627423671,0.0009233065225860529,-0.00019668529482091463,0.00018547789800738365,-0.00017224982102876995,-0.0009070969814774527,0.9585728641323635
2,35,2.2907446432425576,0.00035303243855341594,0.0011590244529741801,-0.0001324749146837119,0.0003272343191820116,-0.0006360156177858869,0.0009689281792395832,0.9486493523865035
2,36,2.356194490192345,0.0001266154435541865,0.0013741839476722048,0.00010089886980224201,7.649110156778762e-05,-0.00046006794001427626,0.001294881852761473,0.9630390392256193
2,37,2.421644337142132,0.00037763323113306434,0.0012040926055666991,-0.0002148131904222016,0.0003105835644019711,0.001202005571066255,-7.086331848064347e-05,1.007233788843499
2,38,2.4870941840919194,0.00045747432922129056,0.0014549564656139175,-0.0001333402291587166,0.0004376107233425281,-0.0011844221275806835,-0.0008450103789474957,0.9950986939174594
2,39,2.5525440310417067,0.0002521623925156838,0.003952746697149945,7.34344387253874e-05,0.0002412327826153011,0.0039043399589653244,-0.0006167138207113941,0.9644527842285974
2,40,2.6179938779914944,0.00016605498288464092,0.005084602871515977,6.277374418363352e-05,0.00015373260676247616,-0.004457385055664672,0.00244640651294215,0.9956033573777247
2,41,2.6834437249412812,0.0003856597448916739,0.001991085403551974,0.0003852633678618821,1.7480738360581554e-05,0.0018741760380043236,-0.0006722241165029287,0.9410920556060026
2,42,2.748893571891069,0.00015903467310548775,0.0024845909714702645,-0.0001470139204045567,-6.0654220438911054e-05,-0.00247172983026444,0.00025247562593738693,0.9226246584709511
2,43,2.8143434188408563,0.00045010583067708025,0.0030457761478044736,-0.00042587244318114233,-0.00014569804716752096,-0.0026179058145306953,-0.0015567021194759887,0.9374843261860546
2,44,2.8797932657906435,0.000298067345990431,0.006231082487904814,-2.333070706058509e-05,0.0002971528577244925,-0.0058914519075330355,0.0020290843728882784,0.9836718470410646
2,45,2.9452431127404313,0.00028783106720237914,0.004700886999223643,-0.00019931732915100882,0.00020765193364611105,0.00034909591175757114,-0.004687906848889386,1.0121499811088333
2,46,3.010692959690218,0.0001958066084340993,0.0062847760502411105,7.992072111892509e-05,0.00017875375868019023,0.005690204628860258,-0.0026683293056483006,0.9755193441123335
2,47,3.076142806640006,0.00013585957243866835,0.002764052548774589,-5.0141981133940585e-05,0.00012626798941608802,0.0018225894784219565,0.002078016863630534,0.9799994291375788
2,48,3.141592653589793,4.1666666666666686e-05,0.0012291666666666666,-4.1666666666666686e-05,0.0,-0.0012291666666666666,0.0,0.9772083333333333
3,0,0.0,0.00015625000000000014,0.0012499999999999998,0.00015625000000000014,0.0,-0.0012499999999999998,0.0,5.190766386112478e-33
3,1,0.06544984694978735,6.686140661447352e-05,0.004864916374387047,3.355863393662667e-05,-5.782962720590072e-05,0.003956386845034249,-0.0028309741189596112,1.5224835152560114
3,2,0.1308996938995747,0.0017357167582315806,0.003472947681851731,0.0017347475772570141,-5.7995758524802786e-05,0.0033140299627533974,-0.0010385427323187182,1.2116955607646782
3,3,0.19634954084936207,0.000248443497518707,0.00205976963690659,0.000240389037032692,-6.274776756047032e-05,-7.869371717434629e-05,0.002058265837057883,1.0080581245862024
3,4,0.2617993877991494,0.00021232926627528522,0.004067627273322174,7.571782909033559e-06,-0.00021219421627504233,-0.003798474126546135,-0.0014550553063832176,0.9888110865729801
3,5,0.3272492347489368,0.0001125429314228541,0.0035724563995549567,-0.00010824617073575647,-3.0800615810316175e-05,-0.0016121614273346253,-0.003188005686779048,1.0358832246986862
3,6,0.39269908169872414,6.168557970553922e-05,0.005010978064568305,3.9498255786993e-05,4.73814154853325e-05,0.0008452874574672518,-0.0049391689865637585,1.0274459969276775
3,7,0.4581489286485115,1.2556975616439288e-05,0.006328582977002941,1.2427669266134323e-05,1.7974073671350116e-06,-0.0036025419240361505,-0.005203138877867217,0.9393314288525959
3,8,0.5235987755982988,0.00022294136526369938,0.000991077413549826,0.0001999599210698608,9.85843918243515e-05,-0.0009888747582116018,6.603902043912147e-05,0.9331336601330458
3,9,0.5890486225480862,0.00013019089187326242,0.001294497234500309,-3.8375687553474195e-05,0.0001244064907131201,0.0005124161170900998,0.0011887610412001453,1.007309130804322
3,10,0.6544984694978736,0.00019340294514819147,0.0030320597621924217,-9.412999793391211e-05,-0.0001689504148587865,-0.0014198164869905696,-0.002679087073011275,0.9509417637348266
3,11,0.7199483164476609,0.00022400026970376596,0.003417331226958975,-1.5689957682860533e-05,-0.00022345009746086472,0.0033821720527256534,-0.0004889426556463183,0.9808009413014859
3,12,0.7853981633974483,0.00026868802670521416,0.0032021822755391037,-0.00020855015916845118,0.00016941099965927698,0.002582720057259941,-0.001893020980233447,0.9470216570524844
3,13,0.8508480103472357,0.0003336813569705647,0.005414777905241426,-0.00022106197067640784,-0.00024994970116081443,1.0155642181932748e-05,-0.005414768381567452,1.001871281881215
3,14,0.916297857297023,0.0004360730728289438,0.00353630317732659,0.0003979066370659608,-0.00017840973354986859,0.0019939212502647075,-0.0029205681313253006,0.9950986136585981
3,15,0.9817477042468102,0.0001142062404807791,0.004991642934812971,-0.00011416365681338178,-3.1184656082652844e-06,0.00209583467847382,-0.004530339522505437,0.9373507365662203
3,16,1.0471975511965976,0.00021271435267356393,0.004979646071760522,-0.00015625000000000003,0.0001443375672974064,0.0043124999999999995,0.002489823035880261,0.945
3,17,1.1126473981463851,0.0004132941178679824,0.005513338653401188,-0.00036805956482947557,-0.0001880004909616217,-0.0044461441690645705,-0.003260169494823964,0.9707453860496947
3,18,1.1780972450961724,0.00029447038600144285,0.004792004249374614,0.0001710828847215454,0.0002396736422454358,0.0006153421417827359,0.004752331930176026,0.9788508244666482
3,19,1.2435470920459597,0.0002656551081844337,0.003205732165959771,-0.0001889267479994601,0.0001867600610270613,-9.879350684077588e-05,0.003204209506707579,0.9479014956728048
3,20,1.3089969389957472,0.00015488787317182405,0.003913237373016792,0.00015488569565623122,-8.213018789490188e-07,-0.0031189737087572713,0.002363351379218985,0.965120333729728
3,21,1.3744467859455345,0.00017776693789450803,0.002538157077498758,0.0001753735444855421,-2.9072394173295453e-05,-0.0012977281605090968,0.0021813167975969724,0.9455687435094037
3,22,1.4398966328953218,0.0002825348164663699,0.0012768109402846878,8.672679441758323e-05,-0.00026889474826730173,0.0011187064805549666,0.0006154201715860381,1.000052439338653
3,23,1.505346479845109,0.0003046330996069948,0.0015488933599713296,0.0002974919576567482,-6.557332160048583e-05,-0.0010391060926899223,-0.0011486205503550583,0.9166922297258996
3,24,1.5707963267948966,0.0002629047805025824,0.004825064766404695,0.00014583333333333326,0.00021874999999999981,0.002875,-0.003875,0.9463333333333334
3,25,1.636246173744684,0.00017639699357865657,0.003121801336163882,0.0001065675659016891,-0.00014056761092576681,0.00030389979800832777,-0.0031069741703537053,1.0163921214633118
3,26,1.7016960206944713,0.00039108166935274304,0.003100614260807524,-0.00034366403847009043,-0.00018665449570304075,-0.0022666877650646348,0.0021156406523862407,1.000967063153928
3,27,1.7671458676442586,0.00026260532816820074,0.002160242856819924,-0.0001199044519083371,-0.0002336332185175937,0.001766743488809772,0.00124308754526372,0.9697765245991233
3,28,1.832595714594046,0.000211620872640964,0.004585036345654663,-0.000196552362322898,7.842552264799603e-05,0.00164827345783513,0.004278522279849725,0.9983306281645942
3,29,1.8980455615438334,0.0003884827738187246,0.002941353957171432,-0.00018139288393890612,0.00034353382251274306,-0.0008016144520608073,-0.00283001366986368,1.0231876256633397
3,30,1.9634954084936205,0.00035657650075565027,0.002057583672643513,0.00018098992645786447,0.00030722865656042093,-0.0006174359972699929,0.001962759118996617,0.9435234420800104
3,31,2.028945255443408,0.0002980740676846222,0.002069390331640266,3.479892446682628e-05,-0.00029603578277297637,0.0007873196133826316,0.0019137670106544405,0.9959702819691535
3,32,2.0943951023931953,0.00017211157960269073,0.00556823206532678,0.00015625,-7.216878364870329e-05,0.003000000000000001,0.004690970937165709,0.9856666666666666
3,33,2.159844949342983,9.843996750768043e-05,0.003969076074517816,9.718954475748044e-05,-1.5640319457955012e-05,0.0014628197483050622,-0.0036896779357117973,0.9403275979555006
3,34,2.2252947962927703,0.0002124195772816309,0.0017679285878087765,0.00012376276534145257,0.0001726408257844688,-0.0011553893782658253,0.00133815054316846,0.9680457028811725
3,35,2.2907446432425576,0.00036640467386908355,0.0020841320669161066,-0.00031716819287952604,0.00018345768574427526,-0.0016535097989569068,0.001268665368448864,0.9537468316992266
3,36,2.356194490192345,0.00017451164359349376,0.0038405078956363866,4.1883492501784315e-05,0.00016941099965927706,0.0018756132760733924,-0.00335135431356678,0.955978342947516
3,37,2.421644337142132,1.6301636892872044e-05,6.794464714140344e-05,-1.2381305113044285e-05,-1.0604086433293081e-05,5.4446062328330235e-05,-4.0646049895523704e-05,1.0158194308164925
3,38,2.4870941840919194,0.000375731086122087,0.003920909290026034,0.0002990365194227041,-0.00022748848131287413,-0.003549483666812733,0.0016657416845483862,0.9728609621188228
3,39,2.5525440310417067,0.0002441850537376413,0.002647695263534808,-3.303854803894295e-05,0.0002419396511784152,0.0022489811589281794,0.001397273758191543,0.9203966136377932
3,40,2.6179938779914944,9.543537888669312e-05,0.004682864923706931,9.170674559680597e-05,2.6415608175648352e-05,0.004676374758211602,0.00024646097956087864,0.9790330065336206
3,41,2.6834437249412812,0.0004102547030679726,0.00283902235993074,-0.00027626907455542346,-0.00030328916867188027,0.0019436978215253743,-0.0020693203567317027,0.9564120431727923
3,42,2.748893571891069,0.00018575634315494454,0.0028550791361703284,-9.990440029973604e-05,0.00015660309646698436,-0.0012598602686466618,-0.002562075131076501,1.0061797365256637
3,43,2.8143434188408563,0.0004081567939995699,0.0041053322060183575,-7.385120451226775e-05,-0.00040141993981377474,0.0005240432820815627,-0.0040717479244517015,0.9727322661589203
3,44,2.8797932657906435,9.698723925792476e-05,0.0010778803804475435,-4.923844957570046e-05,8.355895919801267e-05,-0.0010641589558650572,0.00017144045965270866,0.9772379515326964
3,45,2.9452431127404313,0.0003028238691018064,0.002418250746982848,-0.00020746978196157858,-0.00022058691092311671,-0.0013770399805901588,0.001987887714922389,1.0045458616747693
3,46,3.010692959690218,0.0002472696943749644,0.006986354679794501,-0.0002460529237673791,-2.4500213505450664e-05,0.0006313862702273581,-0.006957765667917748,0.9213378943493225
3,47,3.076142806640006,0.00029784653864551214,0.0012388251778180797,0.0002782023216951037,-0.00010637682448055403,0.0009584169203823647,0.0007849361935347235,0.9966965622850372
3,48,3.141592653589793,3.1250000000000096e-05,0.0012500000000000005,-3.1250000000000096e-05,0.0,-0.0012500000000000005,0.0,0.9895
4,0,0.0,0.0004374999999999998,0.007416666666666666,-0.0004374999999999998,0.0,-0.007416666666666666,0.0,1.054279730623498e-32
4,1,0.06544984694978735,0.00013982854827033543,0.004368175868340193,-0.00013889537797934896,-1.6127519566359537e-05,-0.0012332992323640785,-0.004190457423742637,1.556264330057801
4,2,0.1308996938995747,0.0006937083941596584,0.005016282756851535,0.0006894051406085083,7.714848170984935e-05,0.004940520982168196,-0.0008685304378326892,1.1401555236697456
4,3,0.19634954084936207,0.00010271020591338958,0.00337987875274378,2.9717907710852494e-05,-9.831699934426469e-05,-0.002913966034332328,0.0017124200226598541,0.9963668754986094
4,4,0.2617993877991494,7.547579297582512e-05,0.0015469245778083885,-2.960864218826132e-05,6.942566984262467e-05,0.001544547491163135,8.572454123135485e-05,1.0093737873290511
4,5,0.3272492347489368,7.206997151195593e-05,0.0036180935574988394,-2.750275630537146e-05,6.661590793002441e-05,0.0013670025179791268,0.0033499112087715596,1.0246188785728154
4,6,0.39269908169872414,0.00033290907573522326,0.0038375586619693106,-0.00015457295901399382,-0.0002948485256000762,0.0038179174074162237,0.00038776688126227095,0.9984391286945759
4,7,0.4581489286485115,0.0001274952827509542,0.00621894279598593,-0.00011623551985391386,5.238655407674904e-05,0.006201766802642745,0.0004618852946172686,1.0152009549824237
4,8,0.5235987755982988,0.0003346434638746224,0.004916734753217198,0.00021279378364870324,0.0002582732149381243,0.0036393957843034114,0.0033059157519042034,0.8693633637555601
4,9,0.5890486225480862,0.00013473079056835712,0.0059022641482459615,6.614446565391478e-05,-0.00011737672508011372,-0.004358108011492849,0.003980404079466239,1.048559712261197
4,10,0.6544984694978736,0.00019140515150341343,0.004394149033940782,0.00015873485154996108,0.00010695409728222881,0.003816249285801452,0.0021782532270382634,0.9718397257655983
4,11,0.7199483164476609,4.108474405783174e-05,0.0020398629818541344,4.10120265838191e-05,2.443331697837158e-06,0.0020291808208326096,-0.00020848544578444105,0.9393758513451703
4,12,0.7853981633974483,0.000465768536398762,0.0031921943045880455,-0.0002870453040219172,0.0003668042024541295,-0.0030359983762782887,-0.0009863155364689086,1.0142267826775866
4,13,0.8508480103472357,0.00045936263917336284,0.00042706853158889217,-0.00032343631955361417,-0.00032619469870298244,0.0003919610722497368,0.00016957018757531982,0.9714202239972646
4,14,0.916297857297023,0.0001277535584059695,0.001296286196274391,2.994592361181298e-05,-0.0001241942564872584,-0.0012917567571088932,-0.00010826995481224369,0.9629580097015227
4,15,0.9817477042468102,0.00021742790457090225,0.002855204398622677,0.00014026898628891315,0.00016613098799313168,0.002724298004827826,-0.0008546300596196044,0.9529836252243357
4,16,1.0471975511965976,2.7559909490256085e-05,0.0008135676745736095,5.208333333333256e-06,2.7063293868263655e-05,5.2083333333333235e-05,0.0008118988160479109,0.96225
4,17,1.1126473981463851,0.00015573157515042454,0.005266175908860434,-0.00013088186855393375,8.439348305801301e-05,-0.005136043582141597,-0.001163471110687378,1.0010234194255234
4,18,1.1780972450961724,0.00019742455752860656,0.0038976368754377135,0.00018073041477735812,7.945422008786047e-05,-0.0013592570390705064,0.0036529431304783743,0.9240858253101302
4,19,1.2435470920459597,5.091448029861259e-05,0.0021223201891118464,4.9085593448430685e-05,1.3523639299137946e-05,0.0009555824586378712,0.0018950211476010882,0.9946479229997048
4,20,1.3089969389957472,0.00027356976518639475,0.004230465805362456,-0.0002734206845835846,-9.030263893325637e-06,0.0006132755849533758,-0.004185777584540429,0.976386714163514
4,21,1.3744467859455345,0.00022756412074716173,0.0016925716057641857,0.0001229304547220003,-0.0001915033481515951,0.0006807334679741498,-0.0015496453098109392,0.9428524463018029
4,22,1.4398966328953218,0.0002325312362442431,0.004735411210653992,-0.00015014065181383093,0.00017756283536312994,0.0017833464578797956,0.004386774982279703,0.9774900069378524
4,23,1.505346479845109,0.0001447665930107038,0.0018442120765682216,0.00010304372927182488,-0.0001016826254071049,9.8809307242306e-05,0.0018415631686592691,1.0026720521601415
4,24,1.5707963267948966,0.00026104091846128466,0.0035988038136148637,-0.0001249999999999999,0.00022916666666666664,-0.003583333333333333,0.00033333333333333305,0.9921666666666668
4,25,1.636246173744684,8.646815356891315e-05,0.002655282564561381,-8.56631192041357e-05,1.1771643463645378e-05,-0.0024290680410910936,-0.0010724523063584417,1.0280691987095314
4,26,1.7016960206944713,6.246282378031004e-05,0.001125861608872178,5.301731844275515e-05,-3.302678155299968e-05,-0.0010022426787505165,-0.0005129073748965188,0.9481875532723545
4,27,1.7671458676442586,0.00018428135429050417,0.002445950192800246,-5.1213474050333295e-05,0.0001770220257901207,-0.002432995019358137,-0.0002514111800180317,0.9455411736864686
4,28,1.832595714594046,0.00046625059705003536,0.0037878435974541195,0.00046575507640793623,-2.149018496318621e-05,-0.0032504277202028975,-0.001944859571925634,1.030668191904798
4,29,1.8980455615438334,0.0001086199659268222,0.00664542198299611,1.7989253522628055e-05,-0.00010711995031572144,0.006158404206349758,0.0024971365527943325,0.947114034468506
4,30,1.9634954084936205,0.0004551527394109385,0.0013527556318488501,-9.008733795706455e-06,-0.000455063576776564,0.0008406227827636661,0.001059859017321385,0.9565322723694708
4,31,2.028945255443408,0.00010922489438503382,0.0018953630988218053,7.03365458818832e-05,-8.356343618370137e-05,0.0018952414148384101,2.1476867944329346e-05,1.0063073559161007
4,32,2.0943951023931953,0.0001603625449827149,0.003840968392794249,0.00010937499999999991,0.0001172742734291425,0.002427083333333333,-0.002976962325509007,1.00525
4,33,2.159844949342983,0.00014817696208133894,0.004070103363543244,-6.170037542103568e-05,0.00013471999021881577,0.002096581967048152,0.003488564955017253,0.9583994369064007
4,34,2.2252947962927703,0.00021881104996481567,0.007568330604279956,0.00013809578596206648,0.00016972869376220446,-0.0025746679069745546,-0.007116931452843695,1.0116254856613027
4,35,2.2907446432425576,0.00011776274530974841,0.0033677218828064865,7.91027549800838e-05,8.724000422655595e-05,0.0002588320223161514,0.0033577606621314447,1.0525808418434242
4,36,2.356194490192345,8.377352704935213e-05,0.0027877770852977463,3.70453040219173e-05,7.513753578746279e-05,-0.002505668290388378,0.0012220177968644244,0.9674398839890802
4,37,2.421644337142132,0.0001714371036312073,0.0029110109930456374,0.0001679828051540139,-3.424116928561165e-05,0.0026712748033487473,-0.0011568387643170763,0.9141207672807962
4,38,2.4870941840919194,0.00020500029264037845,0.0026411085104329065,0.00015239010554282597,0.00013712175507660034,0.001342643623551447,-0.0022743707402307495,0.9612994409389266
4,39,2.5525440310417067,0.00015885476417548466,0.002850045283208159,0.00015706361877484455,-2.3787722854429374e-05,0.0008412473961286074,-0.0027230609495279227,1.0160007319966693
4,40,2.6179938779914944,0.00011782108317932666,0.0008128891750728774,6.845621635129674e-05,9.589345172854227e-05,-0.0006185624509700777,0.0005274175814291304,0.9354699695777735
4,41,2.6834437249412812,0.00028178180047595184,0.00245992013935292,-0.00013994249725430386,-0.00024457530648390956,0.0023685476494137384,-0.0006642206895684173,0.9601479724847662
4,42,2.748893571891069,0.00014957056181698743,0.0002914718459937426,0.0001495179446990087,3.967010868832574e-06,0.00020071684889061558,0.00021134943477194772,0.9382761069591576
4,43,2.8143434188408563,0.00011015020508398974,0.000795959272361141,9.932003276328361e-05,4.7629809698814366e-05,-0.00013667814438268508,0.0007841366259178198,0.9768621725636836
4,44,2.8797932657906435,0.0002230013878903373,0.003484279276871321,0.0001497742503639096,0.00016521892424581876,0.0005092713107530516,-0.0034468601380501073,0.9359046399359685
4,45,2.9452431127404313,0.0002110906474164804,0.00028162504928214957,-0.00015321158367915654,0.000145208374597451,0.00019554156253791255,-0.00020267255784492587,0.9299626647911854
4,46,3.010692959690218,0.00011881304628414914,0.006033343821820389,-0.00011311514057076571,-3.635250941785555e-05,-0.0022640930065669267,0.005592416340895319,0.9331109207193639
4,47,3.076142806640006,0.00023466234747244872,0.001325075677721162,-0.00016531528290134582,0.00016654511268880952,0.0012051525907949153,-0.0005508473332861837,0.9129073565256781
4,48,3.141592653589793,2.0833333333333207e-05,0.008333333333333333,2.0833333333333207e-05,0.0,0.008333333333333333,0.0,1.06775
5,0,0.0,0.0002812499999999999,0.005,-0.0002812499999999999,0.0,-0.005,0.0,6.483964146103694e-33
5,1,0.06544984694978735,3.7818610972090475e-05,0.002468808562777412,2.3040607311466148e-05,-2.998962738309922e-05,-0.0006114258265185393,-0.0023918976103314274,1.5969346959731079
5,2,0.1308996938995747,0.00035470047727387277,0.0030942070446303674,0.0003442603271461931,8.54239763269613e-05,0.0006704088168009348,0.0030207067473350937,1.2238793463014797
5,3,0.19634954084936207,0.00016832646693215857,0.0018002279001110223,0.00014357588465759163,-8.78621921798735e-05,-0.0013535931913284127,0.0011868470688035186,0.9881278293586134
5,4,0.2617993877991494,0.00014890770633885081,0.0030815782774590923,0.0001481842620059177,-1.4660474100756838e-05,-0.0017054363612599146,-0.002566634274258857,0.9483961117942554
5,5,0.3272492347489368,6.74354654724471e-05,0.00645647939123973,-8.683446855151485e-06,-6.687405890328001e-05,-0.0007531504212266705,-0.0064124013109372255,1.018244591549953
5,6,0.39269908169872414,0.0002997910241829281,0.002772995018559768,0.00028916718694158824,-7.910117683661568e-05,-0.0012417534449453765,0.002479425287223549,0.9789753945252696
5,7,0.4581489286485115,0.00020011905672619206,0.00429971324482299,7.61740117502831e-05,0.00018505446981591288,-0.0028821561678699543,-0.0031907224592113027,1.023677679087285
5,8,0.5235987755982988,7.024449733742462e-05,0.002868923665918558,-6.277374418363365e-05,-3.152374418363361e-05,0.0028423472374451255,-0.00038959617895410715,0.9344403265901481
5,9,0.5890486225480862,0.0001024547377404895,0.0029564842263386745,-9.712261466369827e-05,-3.26216340234401e-05,0.002922252709097385,0.00044859568072194304,0.9871650900466739
5,10,0.6544984694978736,0.00019112424445565814,0.0020121452028122972,0.00010452332120963863,-0.00016001047510101605,0.0018145282593208002,-0.0008696065278772736,0.9505700482215143
5,11,0.7199483164476609,0.00014114820650284625,0.001910552880955469,-0.00012949897336914833,-5.615008544345002e-05,0.0008438820677209224,0.0017140814936012533,0.9999651629803062
5,12,0.7853981633974483,6.918150120952187e-05,0.006191565151496993,-4.219013053848094e-05,5.482766632594364e-05,0.002238304170416929,0.005772821967281354,0.9719489056959912
5,13,0.8508480103472357,8.405573791333445e-05,0.004148641546128017,8.206426780165088e-05,1.8188541072172204e-05,0.0008449089395354149,0.004061693681477297,0.961931553551996
5,14,0.916297857297023,0.0001401484074353968,0.003939129556669789,7.189739880285259e-06,0.00013996386586234255,-0.003699800759627172,0.0013521153809093831,0.9510078120090637
5,15,0.9817477042468102,0.0003258364885768877,0.004504176641610643,-0.0002445770512181138,-0.0002152939462817485,-0.004202978330321646,0.0016194382895552376,0.9212155887502139
5,16,1.0471975511965976,0.0003254270698294439,0.0016991623753419736,-0.00027083333333333327,-0.0001804219591217581,-0.0015208333333333335,0.0007577722283113836,0.9983333333333334
5,17,1.1126473981463851,0.0001550789983099346,0.0027709071577159045,0.00014697200487708505,-4.948459860626114e-05,0.001501875539171423,-0.002328582474708547,0.9846533529311868
5,18,1.1780972450961724,0.00036157991687256794,0.0013746168082239523,0.0002644363625806476,-0.000246603824850081,-0.0005614333308051722,0.0012547366195791118,0.9772841575454073
5,19,1.2435470920459597,0.00011006826372160047,0.005475546134104211,0.00010902317090599014,1.51317839097396e-05,0.0050227750880190315,0.002180214641240393,1.0074070375542037
5,20,1.3089969389957472,0.00027527911593205586,0.0028082553301718035,0.0002734010878410354,3.210041799841073e-05,0.0007968106388206048,0.0026928406572429503,0.9762110528505308
5,21,1.3744467859455345,0.00010627789622299688,0.0054714700655712645,-9.569016538456298e-05,-4.6242658598539503e-05,-0.0008619108108397079,-0.005403155969671804,0.9789718861111854
5,22,1.4398966328953218,0.00048092969708486813,0.0041745286775983605,-0.0003932845123212436,-0.00027680438202164464,-0.00310724338529863,-0.0027877819542799663,0.9682221450973506
5,23,1.505346479845109,3.923419999098882e-05,0.004151940578033685,3.543827099815122e-05,-1.6836014896480133e-05,0.0035658425860217976,0.002126823268453697,1.0387527859692307
5,24,1.5707963267948966,0.00035247758991017975,0.0015331974577478414,-0.00029166666666666664,0.00019791666666666658,0.0010416666666666669,-0.0011249999999999997,0.94125
5,25,1.636246173744684,0.0002467235762135172,0.003543393914450796,-0.000166187833398734,-0.0001823571415925953,-0.0013849929623449483,0.0032615080756027417,0.9579201898331204
5,26,1.7016960206944713,0.00029404461119134193,0.0013178805815177792,-0.00010187298507177506,0.000275833515518389,0.00016067032629219483,0.001308049797748847,0.9449412574177627
5,27,1.7671458676442586,7.642094708443146e-05,0.0011451112033829332,-9.958768470160694e-06,-7.576928192769947e-05,-0.0003744323432235444,0.0010821645385343372,0.9460652705501326
5,28,1.832595714594046,7.939035254218107e-06,0.0036489489485963503,7.848912158964559e-06,-1.192836404783272e-06,-0.0026503905092237737,0.0025080387911830546,0.976974736601095
5,29,1.8980455615438334,0.00011577505673716192,0.004104064302017734,3.5915964722807605e-05,-0.0001100631965759813,-0.0037521187435124418,-0.0016628134981647603,1.0388691290247285
5,30,1.9634954084936205,0.00020862851834605546,0.0009163208558866214,0.00020862836202740532,2.5539191903363413e-07,0.00015242358847490455,-0.0009035546251385267,0.9774570461464873
5,31,2.028945255443408,0.00031100202341233777,0.0027152297417147786,-0.0002839453820223628,-0.0001268750511122763,-1.1069934647109977e-05,0.0027152071756754424,0.9801663891058361
5,32,2.0943951023931953,6.25e-05,0.0035714434523499506,-3.125000000000001e-05,5.412658773652742e-05,-0.002,-0.002958920129596832,0.9524166666666667
5,33,2.159844949342983,5.5274829771084654e-05,0.004221000425885532,-4.5562806781334524e-05,-3.129436761510229e-05,0.00395025975917886,0.0014873777026492008,0.9880286963939698
5,34,2.2252947962927703,0.00021532115732712177,0.0019079665116411232,0.0001494792426394857,0.0001549811498622232,-0.0016276056669327495,-0.0009956083579964544,0.9523824870103313
5,35,2.2907446432425576,7.500201274819293e-05,0.0007620059325522917,6.291550897240958e-05,4.082818446885368e-05,-0.00029753339828372555,-0.0007015175822106141,0.975656638297726
5,36,2.356194490192345,0.00031901056304586763,0.0024039767694595867,-0.00014530986946151907,0.00028399433299261057,-0.0012383041704169292,-0.0020605113660519788,0.9290510943040086
5,37,2.421644337142132,0.00021170327826511805,0.0033980738040727525,0.00019752712143804784,-7.61663595335677e-05,-0.0022565451079039254,-0.0025406514428233423,1.0052059471945118
5,38,2.4870941840919194,0.00019044972842633583,0.0016172868135372418,-0.00016410367794098495,-9.664927285761934e-05,0.0012925787056183723,0.0009720375131770268,0.9828007905993764
5,39,2.5525440310417067,0.00026260255987905015,0.004842024805065809,0.00022268966148373685,0.0001391740605259788,-0.004450582721457137,0.0019072277400299543,0.980829201059989
5,40,2.6179938779914944,0.00021513016611249657,0.0034591122495067966,0.0001356904108503004,0.00016694041085030026,-0.0009465139041117928,0.0033270961789541075,0.9008096734098517
5,41,2.6834437249412812,0.00023947419640457727,0.005183970468878317,-1.7844189806649043e-05,0.00023880844966994431,0.004535677164639417,-0.0025102156242783236,0.9239747479201075
5,42,2.748893571891069,0.00033099450680211333,0.0038007718531886977,0.00015443475511702545,0.00029275803993249894,-0.002349236812724356,0.0029878007091725775,0.9576167351161698
5,43,2.8143434188408563,0.00012473754791145623,0.0012702508778011097,-0.00011861636753607553,-3.859550765969387e-05,-0.0006961277522303705,-0.0010625175034460286,0.983552022911169
5,44,2.8797932657906435,0.00014609077292111758,0.006116545094331563,0.00013306573799408238,6.029944696910382e-05,-0.006065983768336917,0.0007848342584677052,0.9964180987541201
5,45,2.9452431127404313,0.0002150143966363008,0.0038149434447735846,0.00020997919370987508,-4.6259366292927514e-05,-0.002962348404439129,-0.0024038064434429595,0.9829297710625512
5,46,3.010692959690218,0.00011824457029294265,0.003296671709898466,-0.00011285812220826572,-3.528204437652125e-05,-0.0022535362961737526,-0.002406162613929566,0.8948627800097878
5,47,3.076142806640006,0.00014240856702681608,0.0005793445906971275,0.0001223719308768966,7.283756239805951e-05,-0.0003365077372369851,-0.0004715959049330966,0.9957547427822022
5,48,3.141592653589793,0.00042708333333333313,0.0009166666666666669,-0.00042708333333333313,0.0,0.0009166666666666669,0.0,1.0400833333333332
6,0,0.0,0.00032291666666666666,0.0002083333333333332,-0.00032291666666666666,0.0,0.0002083333333333332,0.0,8.084283534559861e-33
6,1,0.06544984694978735,0.00018583085866892595,0.0010217883424135019,0.0001701217131918718,-7.477774223853546e-05,4.2963354358729577e-05,-0.0010208846981292147,1.6197664863876142
6,2,0.1308996938995747,4.635935558083124e-05,0.0007278137984993845,1.945483243718181e-05,4.207967852433199e-05,-0.0005944171044779294,-0.00041997765558440955,1.2013916722199796
6,3,0.19634954084936207,5.595888777167222e-05,0.001442713780139253,5.341019887194961e-05,1.669574128636998e-05,0.0007740170767869629,-0.0012175058998813344,0.9934338136567004
6,4,0.2617993877991494,0.00022050294866144305,0.0024896594252164592,4.154218611006649e-05,-0.00021655437456118864,-5.2924863931866927e-05,0.0024890968266314878,1.0478789386651035
6,5,0.3272492347489368,0.00023645348314824601,0.0010079906282809393,-1.3416248166032066e-05,0.00023607256083265016,0.0008800326576716326,0.0004915156438340552,1.0179056768486907
6,6,0.39269908169872414,8.987112362391841e-05,0.003612749841261804,4.553499004102276e-05,7.748150452456111e-05,-0.003384409176915945,-0.001264015798455195,0.9380804091553346
6,7,0.4581489286485115,0.00013839654046025727,0.004523316424754968,1.7161250183816617e-05,-0.00013732841622729098,0.001677427571265858,-0.004200788999892185,0.9949790679190275
6,8,0.5235987755982988,8.932611958838563e-05,0.002137147474687565,-8.854166666666673e-05,-1.1812235377245455e-05,-0.00019178690345708497,-0.0021285246327505305,0.9771409740212996
6,9,0.5890486225480862,0.00026119258160416217,0.0025104567989686945,-0.0001263170190302348,0.00022861665597318631,-0.002509087707442258,8.289882900437034e-05,0.9063763904418384
6,10,0.6544984694978736,7.763119251611225e-05,0.003919798192666096,-1.5105561124173234e-06,7.761649484294509e-05,0.0007142355044868779,-0.003854177670445249,0.9644248482763791
6,11,0.7199483164476609,8.712473512963935e-05,0.0027885518591514048,-2.256258540799012e-05,8.415253538139516e-05,0.002021652911485721,-0.001920661598683657,0.9671444102409995
6,12,0.7853981633974483,0.00017962862331558432,0.004988744554356377,0.0001252168258351177,-0.00012879126073623895,-0.00353336564758156,0.003521775039537725,0.9799864718200612
6,13,0.8508480103472357,9.169252799548208e-05,0.0031877311091729485,7.761130200568813e-05,-4.882627869481898e-05,-0.0022565132156350852,0.0022516166929682337,0.9909381916397167
6,14,0.916297857297023,0.0001360549901745055,0.0018221317139137955,-9.769670517448015e-05,-9.469062334484599e-05,-0.001642774905187541,-0.000788323914223393,1.0294095715063583
6,15,0.9817477042468102,0.00020562587455344108,0.0034955932253100657,0.00018845726720702815,-8.225484011732245e-05,-0.0018210572387204256,0.0029837765549949554,0.9778847777576839
6,16,1.0471975511965976,0.0003031590043928176,0.0011929698585183674,-0.0002864583333333333,-9.923207751696691e-05,-0.0002187500000000001,0.0011727427342914274,0.9685
6,17,1.1126473981463851,8.855218680874965e-05,0.0016194086219105022,8.083921555680074e-05,3.614569153817367e-05,0.00013893187723725301,-0.0016134380118880938,0.9763013024806808
6,18,1.1780972450961724,0.00013445526352593077,0.0026768833038486365,-0.00013133409660551578,-2.8802308217233833e-05,-0.001214301226342071,-0.0023856187361201986,0.8790693662122822
6,19,1.2435470920459597,0.00023728350824069218,0.002627165766113525,-0.00023661419430973576,1.7809725830715008e-05,0.001653028417353339,-0.0020419346253152133,0.9980986153866515
6,20,1.3089969389957472,0.00012692489026374634,0.0038316488145972117,5.478540465989062e-05,0.00011449230194522287,0.001679343854089635,0.003444029160465339,0.9953127060899393
6,21,1.3744467859455345,0.0001175865090093449,0.0010369492007264024,-5.370511011762952e-05,-0.00010460567980878493,0.0007630386296567654,0.0007021650052079286,1.0012161853051806
6,22,1.4398966328953218,0.0003721194102522943,0.0006823782941828775,-0.0002134192667177075,0.00030483613972131216,-0.0006025865119381553,-0.00032020248593997685,0.9772897799884528
6,23,1.505346479845109,0.00019408754772998364,0.001295811876994776,-0.00014971652683331833,-0.00012351088120812252,-0.0007036725828534698,0.0010881053794100327,1.006207198159525
6,24,1.5707963267948966,0.00011646187382811411,0.0007778397792747696,-0.00010416666666666671,5.2083333333333384e-05,-0.0007291666666666668,-0.00027083333333333327,0.9815833333333334
6,25,1.636246173744684,0.0001548603538781399,0.005284334896540609,-0.000136726938704237,7.271501520202369e-05,-0.0018645247279792504,0.00494446587990561,0.9896309059986046
6,26,1.7016960206944713,7.148989487919651e-05,0.001657366580220982,6.855273233526002e-05,2.0281221837176427e-05,0.0014858635643944425,0.0007342162142301375,0.9607868838340793
6,27,1.7671458676442586,4.11595208376685e-05,0.002405307551669302,-4.028242715703647e-05,8.451758274141442e-06,0.0014584334755879894,-0.0019127143580267572,0.8739300133058059
6,28,1.832595714594046,8.51090787720087e-05,0.0035960175951324255,-1.3866621011187538e-05,-8.397185308871107e-05,0.0034800299893595022,-0.000905943606225296,0.9551281230363214
6,29,1.8980455615438334,0.00020088914941663146,0.0011103898261256885,1.6269155485397703e-05,-0.00020022928090848659,-0.0005196255113644776,0.0009813026515314437,0.9596767527594081
6,30,1.9634954084936205,0.0001541073135563264,0.0002013943676996881,-5.7646482808348284e-05,0.00014291937276441813,-6.097384523285445e-05,-0.000191942391197664,0.9755677610787536
6,31,2.028945255443408,0.00030483256146559304,0.000550833455741041,0.00017639914088953343,0.00024860859523176003,0.00024311148066801116,0.0004942816038768028,0.9275160223246055
6,32,2.0943951023931953,8.526409137367131e-05,0.0005866719933470299,-5.729166666666666e-05,6.314768569261527e-05,-0.00044791666666666656,0.00037888611415569167,0.9089166666666667
6,33,2.159844949342983,0.00019409558551404367,0.0016863332713856409,-7.826326471699651e-05,-0.0001776174476561263,0.0004248612591393467,-0.0016319352967151383,0.9964843425355804
6,34,2.2252947962927703,0.00016369225346476776,0.0067495122041414295,-7.298734793228555e-05,-0.0001465196262832569,-0.0014375791240837362,0.006594640343176627,0.9633406382178608
6,35,2.2907446432425576,0.00014762614776971605,0.0028060560405811256,0.00010202967248036882,-0.00010669313679367903,0.002219548492373811,-0.0017168444870992148,0.9878631386056625
6,36,2.356194490192345,0.0001252742077611842,0.0011069214035340637,-0.0001252168258351177,-3.791260736238793e-06,0.0010333656475815607,0.0003967750395377252,0.9163468615132722
6,37,2.421644337142132,8.831110765112556e-05,0.004115233372461305,3.8770804557610404e-05,7.934529884324757e-05,-0.0013767756618202215,0.0038780967608917053,0.9559383182517305
6,38,2.4870941840919194,0.00041819493545020497,0.003633521209647964,0.00039428323500760793,-0.00013938340872620574,-0.0036151307041816906,0.0003651114523599586,1.0345309435683576
6,39,2.5525440310417067,8.994006569509801e-05,0.0015370248255029031,5.0640813404627775e-05,7.432848333550348e-05,0.0015255879215146655,0.0001871545028600492,0.9282030462873809
6,40,2.6179938779914944,9.343935896465619e-05,0.005258124993684948,-8.854166666666662e-05,-2.9854431289421246e-05,-0.0005165464298762484,0.005232691299417197,0.9902756926453669
6,41,2.6834437249412812,0.00015125217250958032,0.003759559009120769,-7.55740675446827e-05,-0.00013101824301836587,-0.0033696156139302533,-0.0016673255703127025,0.9821215965094406
6,42,2.748893571891069,0.00010210661226536768,0.0030468740271571357,6.0112256039508046e-05,8.253651883954618e-05,0.002993017581824204,-0.0005703394535326605,1.0186157968869614
6,43,2.8143434188408563,0.0002938116909267683,0.003720813483905481,-0.00027606848605917086,0.00010055595820360041,-0.001975619978270623,0.003152995192427484,0.9183177249622326
6,44,2.8797932657906435,0.0001460853818694643,0.003781511850389437,-0.00014496096975876967,-1.809021952725491e-05,-0.003231448979517271,0.001964069593322123,1.0278468988753033
6,45,2.9452431127404313,0.00017553119262752267,0.003458615731375786,-0.00016060712512837487,7.082761427041724e-05,-0.002782460083189713,0.0020542489291164195,0.9771380973764964
6,46,3.010692959690218,0.0001197169642639041,0.002054424427476966,-1.334359050982569e-05,-0.0001189710053957307,-0.0006409440523455988,-0.0019518838208194827,0.9884923290551985
6,47,3.076142806640006,0.00015299980622440903,0.0006611043475786983,-0.0001018565406592538,-0.00011416735886248962,0.00035631719610569194,0.0005568635507436576,0.932927924858741
6,48,3.141592653589793,0.00030208333333333335,0.0052499999999999995,-0.00030208333333333335,0.0,0.0052499999999999995,0.0,1.01475
7,0,0.0,0.00030208333333333335,0.0036875,-0.00030208333333333335,0.0,0.0036875,0.0,7.198869341460236e-33
7,1,0.06544984694978735,0.00026715363696646726,0.004439306556225231,0.0002589960090578436,6.551437274766801e-05,0.004304487727907107,-0.0010857385046324137,1.6340286461613023
7,2,0.1308996938995747,3.8046604666829785e-05,0.0015587392318777544,-3.5332664257287995e-05,1.4111943989252412e-05,-0.0007574056525127091,-0.0013623526234190064,1.1472044488284778
7,3,0.19634954084936207,0.00013028192191051282,0.0023234684019685036,-1.5653651794203971e-06,-0.00013027251747222828,0.0022498894437951956,-0.0005800887049796931,1.055642529152747
7,4,0.2617993877991494,0.00014666988839378856,0.003743801194099631,8.011115310084028e-05,-0.0001228586965188062,-0.002398296180425967,0.002874756130856327,0.9653418303529783
7,5,0.3272492347489368,7.177056553205436e-05,0.0029517590475620385,-6.024635872543989e-05,-3.9005004000980736e-05,-0.002586173775958803,0.001422879712205968,0.9462407857300676
7,6,0.39269908169872414,0.0001769748461123493,0.004665570336947727,4.4671232481425075e-05,0.00017124420324519073,0.004634963689047135,-0.0005335336636249835,1.0553754045068946
7,7,0.4581489286485115,6.443641835916237e-05,0.002364056791837049,-5.617511513585626e-05,-3.1565938136388235e-05,0.0006030301885825119,0.0022858519433001387,0.9645218131635254
7,8,0.5235987755982988,0.00014715517727985705,0.0034634287791608194,0.000126021627201597,7.598154827145775e-05,0.0031334664157445257,-0.0014753735559920275,0.9521623864405607
7,9,0.5890486225480862,0.00029622620348113826,0.002737187631095802,0.0002544805633894995,0.00015162323860744975,0.002290539104100971,-0.0014985415377653595,1.057940080785891
7,10,0.6544984694978736,7.099928168392318e-05,0.004869272489317474,-6.273708429142268e-05,-3.324088227234644e-05,-0.004869246299368049,1.5970326062481978e-05,0.9835588921739334
7,11,0.7199483164476609,7.52243662313808e-05,0.003694225091288841,-1.8874177505389723e-06,7.520068436622006e-05,-0.0031560011459961916,0.0019201447319352697,1.0240308796387014
7,12,0.7853981633974483,0.0001492473417370193,0.0030411821161517626,3.072653612818582e-05,-0.00014605015916845115,0.0028540614451274303,-0.0010502961158827724,0.9578132004444506
7,13,0.8508480103472357,0.0002328230179839184,0.0012805294688194844,-0.0001756095190906945,0.00015286547847004242,-2.7148874468262835e-05,-0.001280241640914018,1.0009054791479086
7,14,0.916297857297023,5.196550893976707e-05,0.00355553089962307,7.91048978566176e-06,-5.135988970704622e-05,-0.002385854307905184,-0.0026361902813766516,0.8905506521677978
7,15,0.9817477042468102,0.00011712471020514174,0.0018284711560380951,-2.4588006162161048e-05,0.00011451474880384606,-0.001732125378237111,0.0005857033741837527,1.0072037101229565
7,16,1.0471975511965976,0.00012499999999999995,0.0013357725084925365,-6.250000000000003e-05,-0.00010825317547305477,-4.1666666666666415e-05,-0.0013351224975010094,0.9500416666666666
7,17,1.1126473981463851,3.1230272082788636e-05,0.0021352132629945527,-1.1223442206171082e-05,-2.914385423051908e-05,0.002069574899994576,-0.0005253526546809162,0.927407827194147
7,18,1.1780972450961724,0.00016397219982029355,0.0010623124609458123,0.00016273822188175003,2.0078681547167647e-05,-0.0009177169457088368,0.0005350732400705455,0.9933035021643559
7,19,1.2435470920459597,0.00012383080865772394,0.002165407563994442,0.0001238270067096463,9.703515626011553e-07,0.0007656506007657419,-0.002025529332236737,0.9998240793314918
7,20,1.3089969389957472,0.00011521163121317703,0.001298014217714271,7.274545746348025e-05,-8.934102296946288e-05,0.0011839572368580156,-0.0005320584278816787,0.9771867405796635
7,21,1.3744467859455345,8.611026558194717e-05,0.0017470174876067874,7.160226768797058e-05,-4.783401614472362e-05,-0.0016032957367947982,-0.0006939112928750742,0.9213693766775714
7,22,1.4398966328953218,5.36098717732569e-05,0.0010206743521180143,5.0195781968475875e-05,1.8825563049170127e-05,-0.0005837321083406578,-0.0008372771099007179,0.95324129450719
7,23,1.505346479845109,0.0001301650490665631,0.004197343312806776,-6.789829943180847e-05,0.00011105296453840958,0.004104312820703267,0.0008788100792404166,0.9651856908036155
7,24,1.5707963267948966,7.583447801333873e-05,0.0019067906792420725,2.083333333333335e-05,-7.291666666666666e-05,-0.0010624999999999996,-0.0015833333333333335,0.993375
7,25,1.636246173744684,5.268835177546934e-05,0.004110024446937344,-5.2299807629164224e-05,6.386903378634926e-06,-0.0029613256071822696,-0.002850061684011275,0.9497472096660736
7,26,1.7016960206944713,7.721188137566999e-05,0.004938945027083506,4.944798272065938e-05,5.930068827954618e-05,-0.001851084477385655,-0.004578937020546883,0.9365459582598442
7,27,1.7671458676442586,0.00012112543235657483,0.0022356649063314136,-5.765841522182753e-05,-0.00010652172321960678,-0.0014200562375426312,-0.0017267419771402194,0.9987723253830117
7,28,1.832595714594046,6.555283299830472e-05,0.004207698065024934,4.183787586985289e-05,-5.046549372395369e-05,-0.004204897961360992,-0.00015348009954632585,0.9524392182305238
7,29,1.8980455615438334,9.680246784882385e-05,0.004687543550234304,7.348810781022118e-05,6.300964840479498e-05,-0.001969191391862005,-0.004253862926512772,0.9643739308318081
7,30,1.9634954084936205,0.0001205484344959154,0.002053369198348364,0.00011820514008155355,2.365311644828881e-05,0.0018823318455039406,0.0008204583402754413,1.0100135012112377
7,31,2.028945255443408,7.198916102552696e-05,0.0014802676492392628,2.868365925366276e-06,-7.193199414778827e-05,-0.0005702396513006209,0.0013660230794056444,0.9882206290886902
7,32,2.0943951023931953,0.0002402617207223082,0.00233881424729142,0.00013541666666666663,0.0001984641550339338,-0.0017499999999999994,0.0015516288484471194,0.9410416666666667
7,33,2.159844949342983,9.718179191568848e-05,0.0016539763470494323,2.0159212132107166e-05,-9.506790649928543e-05,-0.0016365323042953264,0.00023958249851943142,1.010657279593277
7,34,2.2252947962927703,0.00019024108278327664,0.0044441622806811,-0.00012112781221751501,0.00014669602137056047,0.0006971376661611718,0.004389143134080727,0.9733506624404101
7,35,2.2907446432425576,0.00015716577312977723,0.006403006806480754,7.036468632045726e-06,0.00015700817925404665,0.006155026791167589,0.0017646929942196953,0.9864970041515901
7,36,2.356194490192345,0.00012703026929738721,0.0016116964674110794,-7.23932027948525e-05,-0.00010438349250178438,-0.0012707281117940972,0.0009913705507838939,0.9386034662222164
7,37,2.421644337142132,0.00019465024037439464,0.002583128675274437,-0.0001887853711994218,4.7421510930232156e-05,0.0011800530487466555,-0.0022978312721278716,1.0608856696887643
7,38,2.4870941840919194,0.0002406876588723428,0.006970425435377773,-2.6796651767742403e-05,-0.00023919132214084943,-0.003845134440061619,-0.00581392912650416,0.9979237986554322
7,39,2.5525440310417067,0.0001869337645751189,0.0003318110675596288,-9.558898681000625e-05,-0.00016064550394848413,0.00016390501605837056,0.0002885025654408741,0.9326134917337577
7,40,2.6179938779914944,0.00011239905802175693,0.0012931341051502798,7.189503946506968e-05,-8.639821493812446e-05,-0.0002584664157445256,0.001267040222658694,0.9030876135594398
7,41,2.6834437249412812,3.65297679022394e-05,0.0018591130348278788,-3.55032959465752e-05,8.598832474317479e-06,0.00030293251930396035,-0.0018342663833301534,0.9536532368907057
7,42,2.748893571891069,0.00012742366701140118,0.002468646962165541,-0.00011728126111139538,4.9818638146311716e-05,-0.0024329119221755727,0.0004185181032465787,0.9611409254508475
7,43,2.8143434188408563,0.0002545454235618313,0.00018088829134751494,0.0002516398661636214,-3.835036392821847e-05,0.00018067796641872734,-8.720458555413948e-06,0.9778629389015059
7,44,2.8797932657906435,0.000124918173047995,0.005109795857297549,3.447218023249311e-05,-0.00012006755909764859,-0.00466409642840439,-0.002087155530812358,0.9443655441701656
7,45,2.9452431127404313,0.00022433598416001099,0.003920014725735701,8.31587301638379e-05,0.0002083536882000861,0.00268767609291533,0.0028535789229590493,0.9501345398841218
7,46,3.010692959690218,0.00021206434783046642,0.0021590812839191653,-0.00019489337527416227,8.359342016573796e-05,-0.0005713470472539626,-0.002082112999374484,1.0352909596335822
7,47,3.076142806640006,0.00010011276050062906,0.006209022955943169,-6.822719718307425e-05,7.326400466530763e-05,-0.005895666116821985,0.0019475849420208663,0.9252808462767673
7,48,3.141592653589793,9.374999999999997e-05,0.004270833333333333,9.374999999999997e-05,0.0,0.004270833333333333,0.0,0.9642916666666667
8,0,0.0,0.0003124999999999999,0.0017916666666666665,-0.0003124999999999999,0.0,-0.0017916666666666665,0.0,7.99132531591077e-33
8,1,0.06544984694978735,0.00014601308658671985,0.004838573731960519,0.0001339875192515612,5.802728788590304e-05,0.004693344671190325,-0.001176567701846232,1.644477137006113
8,2,0.1308996938995747,8.258388946763802e-05,0.00292466255192261,-6.466121073361457e-06,-8.233035939352921e-05,-0.0013172317800850398,-0.0026112356232543374,1.1292877128123269
8,3,0.19634954084936207,0.00016676980986651143,0.0015959797241960503,-4.116911323421619e-06,-0.0001667189866933801,0.001595888826536536,-1.7033302109081883e-05,0.9800701552415588
8,4,0.2617993877991494,3.414691568378422e-05,0.00342730428256757,7.338822469122239e-06,3.3348966033179726e-05,0.000442263134024235,0.00339864943258187,0.922449953108096
8,5,0.3272492347489368,5.6255426284428894e-05,0.004766658725100746,1.2641073562466543e-05,-5.481675150564034e-05,0.0012608047588437638,0.004596890988663532,0.9859826908830742
8,6,0.39269908169872414,0.00014258078743532753,0.004925970454248666,-3.610986655196644e-05,0.00013793244173608045,-0.003730075985332222,-0.0032174085938498167,0.9236215813571763
8,7,0.4581489286485115,0.00010043581255195612,0.0038480651507565916,2.7752160991932718e-05,9.652548887858334e-05,0.0035619225483837606,-0.0014561295147694404,0.970390796809027
8,8,0.5235987755982988,3.897559777889523e-05,0.004741893565591413,-3.887552924550914e-05,2.7911374211575773e-06,-0.00014499244683431668,0.004739676336814386,0.9782844524592423
8,9,0.5890486225480862,5.4160565936138965e-05,0.005317494961971756,-1.246627953829531e-05,-5.270634475085458e-05,0.0024426976688460196,-0.0047232383773433695,0.9630683395833275
8,10,0.6544984694978736,0.00029684522344416097,0.001972035576342892,6.957753048884595e-05,0.0002885759067085947,-0.0018415473025913272,-0.0007054274212707131,0.9582983358556398
8,11,0.7199483164476609,0.0001998805274876651,0.0015548640131421987,-2.6551616456774093e-05,-0.0001981091540850135,0.0015331956601634111,0.0002586757951968939,0.9705669628315735
8,12,0.7853981633974483,1.3644357237824958e-05,0.0038068729790932563,-4.314724608053086e-06,-1.2944173824159171e-05,0.0011470598854801193,-0.0036299497927757486,1.0180134559672913
8,13,0.8508480103472357,4.7178776810243654e-05,0.0048559148102512726,5.779269254372844e-06,-4.682346664009666e-05,-0.003986602447477878,0.002772527650030031,0.924002867020057
8,14,0.916297857297023,0.00017304559949233163,0.0013156585550109499,0.00015951316923784565,6.708448660725408e-05,0.0012065417918852375,0.0005246087473611749,0.9711295773407418
8,15,0.9817477042468102,0.00018853988628350185,0.0023874333472977344,-8.611827358247871e-05,-0.0001677227822180671,0.00014208854163329492,-0.0023832013834600273,0.9655844170766832
8,16,1.0471975511965976,0.00016535945694153692,0.0017868151368659638,0.00012500000000000006,-0.00010825317547305478,0.0005624999999999998,-0.0016959664157445258,0.9566666666666667
8,17,1.1126473981463851,7.607718349196602e-05,0.001759368039903021,5.2227011468000554e-05,5.5317963820007026e-05,0.0009926657380541419,-0.001452580680143318,0.9128787355560903
8,18,1.1780972450961724,0.00012435693279511882,0.002655496621830408,-6.796949515882185e-05,-0.00010413834290051186,0.0026350923026255075,-0.00032855876977568304,0.9290985813254292
8,19,1.2435470920459597,0.00016767288890899077,0.0016742030795889934,0.00011481600618447185,-0.00012219444504122962,0.0010476780685949657,-0.001305881547572517,0.9987087705470236
8,20,1.3089969389957472,8.749819958905852e-05,0.0034753408440367185,8.430658348017688e-05,2.3416552120811602e-05,-0.0034698832462289283,-0.0001946901121517102,0.9581169064238071
8,21,1.3744467859455345,0.00012695630680241215,0.005392761027099035,0.0001261850975051509,-1.3972294175394333e-05,-0.0020657318831414123,-0.00498142783570848,1.0079489787977407
8,22,1.4398966328953218,5.530099668018997e-05,0.005237059462452368,-1.8551489962356588e-05,5.2096472567717716e-05,-0.0040256084055963134,-0.0033498162304899937,1.0270222857510813
8,23,1.505346479845109,0.00013190348199686682,0.004610046787038028,0.0001317030657866131,7.26849539484116e-06,-0.004483033578254683,-0.001074681959893558,0.9715706069472113
8,24,1.5707963267948966,0.00011785113019775788,0.0030970976556913554,-8.333333333333332e-05,-8.333333333333329e-05,-0.0030416666666666665,-0.0005833333333333333,0.9691666666666667
8,25,1.636246173744684,0.00014069677117510776,0.001568997185730482,5.220068798841906e-05,0.00013065477255973606,-0.00025974688136782615,-0.0015473473192692908,0.9878583355827849
8,26,1.7016960206944713,0.00021316532345354758,0.004336383038160062,-0.00020620647733148641,-5.4021697766682084e-05,-4.4573252071877845e-05,-0.004336153950085493,0.996065879126458
8,27,1.7671458676442586,1.6475326716453974e-05,0.0010746548109652942,-1.0546030665005893e-05,1.2657710204719395e-05,-0.0006287152596281786,0.0008715503915675355,1.038812399168993
8,28,1.832595714594046,8.957141774244288e-05,0.002848313891236186,-7.668105423466778e-05,4.629313985733902e-05,-0.0020880220644936484,0.0019372805375568879,0.9825577760288877
8,29,1.8980455615438334,0.00010088780533965137,0.0023068200322874126,3.3934603479350724e-05,9.50094308632076e-05,0.001682338558340847,0.0015783395187608205,0.996427083300881
8,30,1.9634954084936205,5.713125846864837e-05,0.0012250686471798526,-4.735412788144344e-05,-3.196196594077729e-05,-0.0009271182180984885,0.0008007777469266724,1.0081082789063531
8,31,2.028945255443408,6.76172890572775e-05,0.0018451941875764798,3.540657911616646e-05,-5.7606179657620625e-05,-0.0009830504183659023,-0.0015615228031689611,0.929740565730579
8,32,2.0943951023931953,7.216878364870314e-05,0.0031169340348775076,-6.249999999999992e-05,3.6084391824351585e-05,-0.0025416666666666665,-0.001804219591217581,0.98825
8,33,2.159844949342983,4.5832907940987894e-05,0.0032549124338863743,4.553469755622762e-05,5.219843751488166e-06,0.0032471578811454115,0.00022454542343001128,0.9903701780687295
8,34,2.2252947962927703,3.4059232380565223e-05,0.0017688479557646083,3.0364910260689702e-05,1.542736319704712e-05,0.0014507571728703365,-0.0010119914604273608,0.944998287928676
8,35,2.2907446432425576,0.00011184980317475796,0.0009216858612011313,2.7971161631647574e-05,0.00010829585674072828,0.0008817145245182158,-0.0002684852398022802,0.9674295730446834
8,36,2.356194490192345,7.952514182466622e-05,0.0026478652426571597,2.5148057941386325e-05,-7.544417382415923e-05,0.0025612734478532143,-0.0006716164594424163,0.9854865440327086
8,37,2.421644337142132,0.00012219143354437692,0.002618128533904687,-7.206115199029219e-05,9.868098502478523e-05,-0.0020287934923411714,0.0016548697790098221,0.959424534468497
8,38,2.4870941840919194,3.48043445934017e-05,0.004415706704842674,3.48017994497468e-05,-4.2090098105535104e-07,-0.002405869638244073,0.003702736418781099,0.9736501214944714
8,39,2.5525440310417067,7.043266422311052e-05,0.005126921620214995,2.3587073015106686e-05,6.636573043480694e-05,2.681311901137377e-05,0.005126851505210272,1.0039186838670189
8,40,2.6179938779914944,3.8975597778895284e-05,0.0037137882533042374,-2.791137421157496e-06,3.88755292455092e-05,-0.003500840886499017,0.0012394903298522807,0.9587988808740912
8,41,2.6834437249412812,0.00011400758071824981,0.0036137692445271465,-7.861652293900282e-05,8.256616003066565e-05,-0.0035019832021740633,0.0008918754421896589,0.9402192907580239
8,42,2.748893571891069,0.0001062511828081124,0.0030937434402196796,6.81001562588985e-05,-8.15578479708515e-05,0.003022101900805203,0.0006619279228525389,0.9558382250777063
8,43,2.8143434188408563,4.186581329591113e-05,0.0013125213225256903,-9.921282146829117e-07,4.1854056010543584e-05,-0.001152898763565695,-0.0006273250059205985,0.928546611608176
8,44,2.8797932657906435,6.315336629903356e-05,0.002148608571587566,-3.579768504796458e-05,-5.202762170334754e-05,-0.001092691156634993,0.0018500121162066054,1.0398753644392105
8,45,2.9452431127404313,8.647913765629599e-05,0.004594640720594558,-8.205937296728403e-05,-2.7292866430493597e-05,0.00023980110559695375,-0.004588378665836131,0.9408935148626166
8,46,3.010692959690218,2.1547243979054535e-05,0.004318818880980588,2.030001226340996e-05,7.224487884847428e-06,0.0004775314138330573,-0.004292337390690184,0.9918811330239407
8,47,3.076142806640006,0.00020430314830379792,0.005405210586590026,-0.0002001977191142509,-4.075106953559824e-05,-0.00325755574454221,-0.00431330871334118,0.9731087712395322
8,48,3.141592653589793,6.249999999999997e-05,0.006874999999999999,-6.249999999999997e-05,0.0,-0.006874999999999999,0.0,1.0176666666666667
9,0,0.0,0.00019791666666666666,0.0019999999999999996,-0.00019791666666666666,0.0,0.0019999999999999996,0.0,9.896712007557875e-33
9,1,0.06544984694978735,5.7968970327524023e-05,0.004531585972630046,4.195798256582268e-05,3.999911523820846e-05,0.004284871077472206,-0.0014748394071150885,1.6751176645545929
9,2,0.1308996938995747,8.168700710401549e-05,0.000818636368129997,-5.643740095456245e-05,-5.905579483086677e-05,-0.000766306523157662,0.0002879927356568006,1.214903339943956
9,3,0.19634954084936207,8.333036230299043e-05,0.004667116749309802,-8.224760109378773e-05,-1.3389600287716397e-05,-0.004633553957304991,-0.0005587096530679924,0.9726951981519615
9,4,0.2617993877991494,7.74911721920191e-05,0.004356669847277394,6.573738577647043e-05,4.1030206908674715e-05,0.001112997683944155,0.00421210260009309,0.9640441636632106
9,5,0.3272492347489368,0.00011491032153412514,0.004686615053794089,6.502320904726384e-05,9.474367672975253e-05,-0.0036825219478901793,-0.002898860597848143,1.0366042838039506
9,6,0.39269908169872414,3.0911083118297946e-05,0.0033388886283428963,-4.812617450321863e-06,-3.053414110177625e-05,0.0020227301398376718,-0.002656452531830708,1.0392530943518181
9,7,0.4581489286485115,6.826117444544645e-05,0.004706920451586274,-3.575762571578152e-05,-5.814619626288337e-05,-0.0016351210864160835,0.004413782863974917,0.9872608569073905
9,8,0.5235987755982988,0.00010057095593482589,0.001669702859993347,9.021097956087906e-05,-4.445780408782416e-05,0.0003361781663393123,-0.001635509670147719,0.9578321597408044
9,9,0.5890486225480862,4.9878293119927086e-05,0.003338979377582869,2.128172547681738e-05,-4.511022373350356e-05,2.9179880806022282e-05,-0.0033388518712994487,0.9223447612007929
9,10,0.6544984694978736,1.649623528668817e-05,0.0042194894208709074,1.6490303154285583e-05,4.423579020825277e-07,-0.003505326712550689,-0.002348781729135359,0.9189144958143062
9,11,0.7199483164476609,9.605592811633349e-05,0.0005981321737965093,9.583145844458981e-05,6.562994642164636e-06,3.322199397174636e-05,-0.00059720883821916,0.9102771507696015
9,12,0.7853981633974483,8.0148117363299e-05,0.0014665781147061537,-7.97588984322123e-05,7.889159509174153e-06,0.0007673333012961333,0.0012498203755968431,0.9575108285262423
9,13,0.8508480103472357,0.00015893055041209074,0.0023782455919446437,2.8084467050530985e-05,0.00015642948112417222,0.001846359040606903,-0.0014990031316756095,0.9663278320576086
9,14,0.916297857297023,0.00013763672017895776,0.0011177423751348875,0.00010111419102743527,9.337980035579454e-05,-0.0010640240643459155,-0.0003423460349777376,0.9890015928064839
9,15,0.9817477042468102,5.7532420697015714e-05,0.0018717211035856505,-4.7505178954990786e-05,-3.245361926985498e-05,-0.0005039656076905419,0.001802597724361425,0.9579255534467243
9,16,1.0471975511965976,0.00013661330258962502,0.0024623025865595344,5.208333333333324e-05,0.00012629537138523068,0.0008541666666666664,-0.0023094010767585023,0.99525
9,17,1.1126473981463851,0.00011083778745401125,0.0018881710993337816,0.00010666644924664311,-3.012115092113652e-05,0.0012811494543084499,0.0013870278209482684,0.9600296508665123
9,18,1.1780972450961724,0.00010142226004326454,0.0022767712659288106,9.955153063677749e-05,-1.9389883448807253e-05,0.0011516695401369982,-0.0019640123898997464,0.9401826705223643
9,19,1.2435470920459597,9.494595483300011e-05,0.00221246327012784,3.202746916960883e-05,8.938106934770838e-05,0.0010691220356462592,0.0019370007213628947,0.9724307238413993
9,20,1.3089969389957472,9.366955498691181e-05,0.0057416677137335755,-7.919570597128496e-06,9.333416273264143e-05,-0.001979106311022095,0.005389794647721104,1.023412511768108
9,21,1.3744467859455345,5.181687688941118e-05,0.002882395825003981,4.646816313923659e-05,-2.292811690997951e-05,-0.002601904510818605,0.0012402816650189498,0.975440313679813
9,22,1.4398966328953218,0.0001143826959629938,0.002152717652084911,-9.972945903365894e-05,5.601282118065845e-05,-0.0021515910794537955,6.963559731072854e-05,0.9609190360263186
9,23,1.505346479845109,0.00011181346908436972,0.002559756397408264,2.5587412562566928e-05,-0.00010884638802934296,-0.0018191637377069849,0.001800832060322252,0.9818311081007649
9,24,1.5707963267948966,9.375000000000003e-05,0.004684953011741122,9.375000000000003e-05,1.807003620809174e-20,-0.0012291666666666668,-0.004520833333333332,0.92925
9,25,1.636246173744684,7.058200245110465e-05,0.0033785815803051627,-4.521939891759283e-05,5.4194326562282766e-05,0.002915658068358625,0.0017069714476793641,0.9718671353982152
9,26,1.7016960206944713,0.00010962459451085234,0.0026043481083195767,2.6341502205447097e-05,0.00010641276701237132,-0.0005616453521018876,0.002543065781251068,0.9970148543083956
9,27,1.7671458676442586,5.569324670821156e-05,0.004149822189952379,-6.111103268615859e-10,-5.569324670485877e-05,-0.004076086722244935,0.0007788075763368648,0.9834851618656039
9,28,1.832595714594046,0.00010222983953316052,0.0017217397889211167,9.12529039304618e-05,4.6085221223659756e-05,0.0012194375273733922,-0.001215466995680096,1.0003361995378575
9,29,1.8980455615438334,3.9566605998349815e-05,0.004841963174572992,3.80075915841927e-05,-1.0997240208245686e-05,-0.0018417418452427751,-0.004478012322381739,0.9398739512199259
9,30,1.9634954084936205,6.33106827264797e-05,0.0037789665145563896,-4.3153472695391115e-05,-4.632515884075422e-05,0.003634223614602055,-0.0010358603367284815,0.9409122309854218
9,31,2.028945255443408,0.00013145660475187763,0.0020231447365568465,0.00013129714958203995,6.472823535583142e-06,-0.0004607687594561821,-0.0019699763387835104,0.997432394893495
9,32,2.0943951023931953,5.511981898051225e-05,0.0010439558180306292,-1.041666666666654e-05,-5.4126587736527385e-05,-0.0003749999999999999,0.0009742785792574935,0.95825
9,33,2.159844949342983,4.682475083744454e-05,0.002392549246977293,4.420283170955104e-05,-1.54488497903848e-05,-0.0005514803621972616,-0.0023281239892502265,0.9649740744808709
9,34,2.2252947962927703,0.00010942726364683812,0.00350002886200652,-0.00010895497348185594,-1.0155775834602129e-05,0.0034542375256480943,-0.0005643094463884045,0.9937599262796004
9,35,2.2907446432425576,4.098614580134017e-05,0.0021365816632872778,-3.652502899235636e-05,1.8595332875650324e-05,-0.0006445110901987113,-0.0020370534255405035,0.9689457455091842
9,36,2.356194490192345,0.00010353925103718435,0.0022677194295685527,3.809223176554571e-05,-9.627750715749257e-05,-0.0022673333012961333,-4.184629106982352e-05,0.9619891714737577
9,37,2.421644337142132,3.037925474888858e-05,0.00120656430973341,2.368104813466593e-05,1.90291113387227e-05,0.000896121330510127,-0.0008079381130552139,0.9714621171501534
9,38,2.4870941840919194,6.091407596041836e-05,0.004981952340155568,4.826820445782006e-05,3.715784020270416e-05,0.004972750855080886,0.00030265170224840453,0.9445701807002167
9,39,2.5525440310417067,3.568104922890457e-05,0.0030298035925883375,-1.79793782313777e-05,3.082011084484566e-05,0.002055159179746432,-0.0022262144001791847,0.963571844687538
9,40,2.6179938779914944,0.00012093413974427831,0.003033712544684232,-9.021097956087902e-05,-8.054219591217577e-05,0.0023929885003273537,0.0018646763368143865,0.9696678402591955
9,41,2.6834437249412812,4.44215498809827e-05,0.0011677691318962584,-3.518480882638321e-05,2.711647694077349e-05,-0.00039704180108785485,-0.00109819968748796,0.9679047357234215
9,42,2.748893571891069,4.0949614091105214e-05,0.0022342144209300096,3.1747892842268705e-05,2.5863916839610088e-05,-0.001891956627910058,0.001188366188007224,1.0153186708070665
9,43,2.8143434188408563,0.0001387166233913766,0.00469954195531346,-3.27418667901772e-05,-0.00013479715043056102,0.004698442428062475,-0.00010165303701244043,0.9291694659955735
9,44,2.8797932657906435,8.033816271027601e-05,0.0023547588047104777,1.7595947556863e-05,-7.838751824901021e-05,-0.0017283289002954516,-0.0015993024231723753,1.0112071250308248
9,45,2.9452431127404313,3.7990869141126596e-05,0.0030699076748906696,3.5780049064877974e-05,1.277083501628339e-05,0.0016159854330372134,-0.002610157890351495,0.9535630924866974
9,46,3.010692959690218,0.00012906885815985823,0.002425545710432048,0.00011457429929175593,5.9426425843161206e-05,-0.0020447613157856975,0.0013046927434693782,0.9782499074540554
9,47,3.076142806640006,0.00015588388654967498,0.003805201282536709,-0.00015273550814563357,3.117131112621091e-05,0.0016225915057286474,-0.003441911330373904,0.9314651832082125
9,48,3.141592653589793,7.29166666666668e-05,0.0022916666666666667,-7.29166666666668e-05,0.0,0.0022916666666666667,0.0,0.98325
10,0,0.0,0.00012499999999999992,0.0017291666666666664,-0.00012499999999999992,0.0,-0.0017291666666666664,0.0,7.420222889735142e-33
10,1,0.06544984694978735,1.3563403376330262e-05,0.005887707730130125,8.241768138981729e-06,-1.0772147840255108e-05,0.004824485073989958,-0.003374825341596529,1.625278419614281
10,2,0.1308996938995747,4.297721461091355e-05,0.004366646936659615,-4.280247568733806e-05,3.871569545721197e-06,0.0024933587872983413,-0.003584796706542918,1.196508452941285
10,3,0.19634954084936207,4.2870298998331486e-05,0.001738708183860391,3.875336812222044e-05,1.833136643543003e-05,0.0009288653903890368,-0.0014698010869367735,0.9917489472991278
10,4,0.2617993877991494,8.926444738096144e-05,0.001956321554898779,-7.850301582221075e-05,4.2490211496839635e-05,-0.0019555439523418934,-5.515321042896815e-05,1.0196727349006849
10,5,0.3272492347489368,6.816173320857678e-05,0.00305644522564101,2.4713478066181577e-05,-6.352374261541554e-05,0.002193196407754402,-0.0021287900165016067,1.0481873201473662
10,6,0.39269908169872414,9.279242059911149e-05,0.0037306665731561624,-5.4238749158636634e-05,-7.5290048547925e-05,-0.0013153934629752163,0.0034910762119476583,1.0524161489208461
10,7,0.4581489286485115,3.590496330199232e-05,0.0037060662264313928,2.7859104400043906e-05,-2.2650313281384638e-05,-0.000623271604629966,-0.0036532806327405796,0.9315877524114972
10,8,0.5235987755982988,4.150442939231457e-05,0.0006573991610091301,1.7020568710578836e-05,3.785390204391207e-05,0.0006573986723193558,8.015786027846793e-07,0.9845801270189205
10,9,0.5890486225480862,0.00014862697091873222,0.0021059837227149414,-7.926778062085604e-05,-0.00012572428341383184,-0.0020028391205321357,-0.0006510014574533188,0.9795761183787257
10,10,0.6544984694978736,5.1708819820802614e-05,0.003465675699974713,4.211507184829703e-05,3.0002046104774395e-05,0.001984934532367387,0.0028409405061723273,0.9948388220026384
10,11,0.7199483164476609,0.00020101570572497206,0.0035889626350091596,7.505763788768253e-05,-0.00018647698234052932,0.0013610658332180712,-0.0033208662413801446,1.0236438333183984
10,12,0.7853981633974483,0.0001031507093915826,0.0024058534650391672,-3.199028970693213e-05,9.806472460805302e-05,0.00038536405589704753,0.0023747895569215275,0.959739977139746
10,13,0.8508480103472357,5.738976086752563e-05,0.0038216217732474312,5.535426097902157e-05,1.5148942005900812e-05,-0.0037323187716896723,-0.000821334015033917,0.9550702411804135
10,14,0.916297857297023,4.2138128859399444e-05,0.002156677013675291,-3.597360521253132e-05,2.194360115806637e-05,-0.001320714529937181,-0.0017049835400167893,0.9261763100846157
10,15,0.9817477042468102,0.00010021706841704603,0.00028851533396642747,5.158983468549986e-05,-8.591827372119205e-05,-0.0002827697374221097,5.729200233881102e-05,1.0019418230486472
10,16,1.0471975511965976,0.00010259226876870943,0.0009824855102126327,-7.291666666666671e-05,7.21687836487032e-05,0.0006666666666666668,0.0007216878364870316,0.9513333333333334
10,17,1.1126473981463851,0.00016140696214241024,0.002485909447353231,0.00016125111524728622,-7.091210020008604e-06,-0.0017506132072464668,-0.001764964356312695,0.934029653904012
10,18,1.1780972450961724,0.0001032127501526937,0.0041830251284207896,7.040185822980362e-05,7.547483124772792e-05,-0.002111692390089993,-0.0036108800138796885,0.9354808513747521
10,19,1.2435470920459597,7.618089645945526e-05,0.0017250679158657008,7.28850256363153e-05,2.2165333820177517e-05,0.0016730839290351213,0.0004202968959600266,1.0224662968684746
10,20,1.3089969389957472,0.00017505237744874495,0.0016198756888946301,0.00015165618084850567,8.742847168344652e-05,-0.0010786503315604822,-0.0012085159120575593,0.9705780296172651
10,21,1.3744467859455345,2.985458619865703e-05,0.0008904049192052025,1.4518263073334098e-05,-2.608670838619749e-05,-0.000651651437568653,0.0006067712287670956,1.0011511074470665
10,22,1.4398966328953218,0.00017003075129854272,0.0038888137316015377,0.00015377929649601144,7.254229356960452e-05,0.00339328376355836,-0.001899604574395389,0.9496821533017
10,23,1.505346479845109,3.501778152489644e-05,0.0030307443345743467,-8.738071269971898e-06,-3.3910044727282064e-05,-0.0018372234084594896,0.0024103985913045576,0.9642083702482771
10,24,1.5707963267948966,6.588078458684127e-05,0.003247127469865567,-2.0833333333333485e-05,-6.249999999999999e-05,-0.002979166666666667,0.0012916666666666667,0.950625
10,25,1.636246173744684,5.921231109191139e-05,0.0028545633618207384,2.6118267857091813e-05,-5.3140698800359194e-05,0.0014241593420086518,-0.0024739244441208787,0.9670959816415486
10,26,1.7016960206944713,3.0134291009229653e-05,0.00352251567882388,-2.9905012382347733e-05,-3.710219540750627e-06,0.0031328075186170244,0.0016104762521865082,1.0095988035428494
10,27,1.7671458676442586,9.638994763593226e-05,0.006072555711362844,-9.417715782903871e-05,2.053496891894647e-05,0.0027952807396726823,-0.0053909496801602995,0.9672033551690283
10,28,1.832595714594046,0.00016902418870024647,0.004798038467412527,-0.00010311186795429338,0.00013392953017446487,-0.002892235926323765,-0.003828334426516637,0.9309441001204445
10,29,1.8980455615438334,7.869548622483733e-05,0.0012613075759905059,3.794285877348747e-05,-6.894431825943852e-05,-0.00016596407238730844,0.001250341044646486,0.9767316951633606
10,30,1.9634954084936205,7.250669759510955e-05,0.004465279563208713,9.357040202408502e-06,7.1900396346607e-05,-0.0028745179248396797,0.00341699696771665,0.92343021173631
10,31,2.028945255443408,0.00011273344630364624,0.0014890752882058356,1.3966442621435763e-05,0.0001118649560675694,-0.0013967068296269526,0.0005162898856444106,0.9320101931971748
10,32,2.0943951023931953,8.267972847076842e-05,0.0018545177570223244,6.249999999999995e-05,-5.412658773652742e-05,0.0009583333333333334,0.0015877132402714715,0.9470000000000001
10,33,2.159844949342983,5.215511234915171e-05,0.0028410899584002114,-5.1831264917612396e-05,5.803078596134924e-06,-0.0014258659621299533,0.002457376326442846,0.9627932897608588
10,34,2.2252947962927703,0.00013060005252232972,0.0037278074790566,9.28125422275085e-05,-9.188147650153555e-05,0.0032571657691965305,0.001813124307069071,0.9720990718021731
10,35,2.2907446432425576,6.350258612237282e-05,0.003472524067537342,-1.605067912551415e-05,6.144065546394473e-05,0.0027453872399980533,0.0021263283617734014,0.9670161619974585
10,36,2.356194490192345,0.00013418555989877073,0.006109466783814838,0.00011532362304026531,-6.860194205861357e-05,-0.0016770307225637143,0.005874789556921528,0.9401766895269209
10,37,2.421644337142132,9.145247645216169e-05,0.0038751019371526265,-1.4661484686269812e-05,-9.026957580507104e-05,0.0020588945665238148,0.00328289021858221,0.9858356326028123
10,38,2.4870941840919194,7.071816292150632e-05,0.0015751130192785357,4.129704962774413e-05,-5.7407423379179366e-05,0.00156985441449699,0.00012860070289488074,1.0214364682148107
10,39,2.5525440310417067,9.821371960498688e-05,0.001707371192791764,-7.495357169647082e-05,-6.346571364594424e-05,-0.001706207955650782,-6.30143003543639e-05,0.9697300506986001
10,40,2.6179938779914944,6.598311321624101e-05,0.0028707903884149398,3.506276462275465e-05,5.5896097956087985e-05,0.0018842679943473107,0.002165865088063881,0.9759198729810793
10,41,2.6834437249412812,2.763397751171289e-05,0.0014353641826637764,-1.7453610157031648e-06,-2.7578803963238094e-05,-0.0004742994050258547,-0.001354736288458448,0.9563671695577844
10,42,2.748893571891069,4.8879401708170956e-05,0.0004144246421157369,1.6146517393091066e-05,4.6135516550954033e-05,0.0002182704445715552,0.00035228652687733077,0.9601727879680929
10,43,2.8143434188408563,1.733451409641225e-05,0.004877746331992605,-1.470388008034399e-05,-9.180484167056674e-06,-0.004411940611661451,0.0020801897313561793,0.9223183115204968
10,44,2.8797932657906435,5.596290930193971e-05,0.0040149283281878285,-5.337463040533476e-05,1.682248633915463e-05,0.0015930968768928082,-0.0036853346959698913,0.9866384686949385
10,45,2.9452431127404313,6.514737355371717e-05,0.0025098507448517004,-5.463169081707634e-05,3.5490261191134456e-05,-0.0016548119167580848,0.0018870475037974185,0.9855219748646095
10,46,3.010692959690218,2.9246344787508837e-05,0.0031913365268259426,-1.298953358401048e-05,2.6203448259717824e-05,0.002822643077735882,0.0014890651037356214,0.9856599181099298
10,47,3.076142806640006,5.2512668262006605e-05,0.0006445268167816686,5.250951657027504e-05,5.753238666757887e-07,0.0006120655181990891,0.00020196687595343756,0.9814862999599708
10,48,3.141592653589793,8.333333333333337e-05,0.0008958333333333333,8.333333333333337e-05,0.0,-0.0008958333333333333,0.0,0.9079583333333333
11,0,0.0,0.0001145833333333333,0.0002916666666666663,-0.0001145833333333333,0.0,-0.0002916666666666663,0.0,7.932263464282896e-33
11,1,0.06544984694978735,3.760008777655255e-05,0.0038734524429306573,-3.546283345776607e-05,-1.2496161168583096e-05,0.0008675894997220222,-0.0037750393756380302,1.591391310360521
11,2,0.1308996938995747,7.549894569842075e-05,0.00513541217443585,-9.35229717093664e-06,7.491745683884082e-05,0.0030181404083551165,-0.004154911151492647,1.1765428043140258
11,3,0.19634954084936207,1.9732787305160282e-05,0.0024735293339436947,1.8820801101867933e-05,-5.929615562127239e-06,0.0006903111824587849,-0.0023752511103570274,0.9369216498612079
11,4,0.2617993877991494,3.100471901860941e-05,0.003035668070776526,-1.5193957188664317e-05,2.7026584437770828e-05,0.0026820615543953867,0.0014219094395798485,0.9568521262657699
11,5,0.3272492347489368,8.624279268928213e-06,0.0016650267493863882,-8.62406612561825e-06,-6.063307207106536e-08,0.0016371431852817181,-0.00030344071423893035,0.9900069798058938
11,6,0.39269908169872414,2.720421035986353e-05,0.0023368843270819262,-2.617576401578417e-05,-7.409348115299002e-06,-0.0023211608421683993,-0.00027063019592284035,1.0153339824077336
11,7,0.4581489286485115,6.149160657578793e-05,0.0011407834563282625,-3.393738317870806e-05,-5.1278374606192704e-05,0.00014329005657211322,0.0011317485824686583,0.9600479615515304
11,8,0.5235987755982988,8.825604033542771e-05,0.0038285982346457728,-7.152109795608791e-05,5.170939182435161e-05,0.0021409452459241604,0.0031740381056766576,0.9489030973811734
11,9,0.5890486225480862,3.248135773882972e-05,0.004106508946714993,2.91880026828903e-05,-1.425128415060979e-05,-0.0018206396480051402,0.0036808541130506655,0.9650701190273931
11,10,0.6544984694978736,6.048981404291063e-05,0.0033701703660163882,-4.864723777682755e-05,-3.595085339224524e-05,-0.0030366570223103496,-0.0014617668845709553,0.9384378804451563
11,11,0.7199483164476609,5.667959224976385e-05,0.004988215453733915,3.129839577261672e-05,-4.7254487613983694e-05,0.00015632794182261853,0.004985765235896627,0.9602868969281809
11,12,0.7853981633974483,5.412658773652745e-05,0.0016169506838656733,2.6411811520132687e-05,4.7245144853466054e-05,-0.0009912961479199725,0.0012774433299261039,0.9705459415460194
11,13,0.8508480103472357,2.982919935823605e-05,0.004247695721322274,2.4150697297058264e-05,1.7507854078077433e-05,0.0035260465583841763,-0.0023685258303524277,0.9270083680543784
11,14,0.916297857297023,1.7723476477981195e-05,0.002909029185846064,1.7421885323077393e-05,3.2556919779200997e-06,0.00039628704652916805,-0.00288191037002496,0.9635130098759791
11,15,0.9817477042468102,4.914414323946786e-05,0.003839628000553657,-4.071056873827391e-05,-2.7528102145763878e-05,-0.00270316701514621,0.002726835394896656,0.9948528101343195
11,16,1.0471975511965976,5.2083333333333384e-05,0.003530435623891822,2.6041666666666743e-05,4.510548978043953e-05,0.0009791666666666668,0.0033919328314890506,1.0121666666666667
11,17,1.1126473981463851,6.372760982620347e-05,0.003899307317748858,5.1905169305544585e-05,-3.6973796850250274e-05,-0.0018895485172705007,-0.0034108948912463786,1.0263389575694466
11,18,1.1780972450961724,6.447939012460129e-05,0.0020840988059423237,4.639048939079249e-05,4.478296824601179e-05,0.0016555419612392698,-0.0012659576009907485,1.0184562451501125
11,19,1.2435470920459597,2.49805437857976e-05,0.003607111596479903,-2.437544577727093e-05,5.464907226429002e-06,0.0014112360200221469,-0.0033195883728636966,0.9623065941035797
11,20,1.3089969389957472,7.48520131522939e-05,0.0005732569703343876,-4.391265337565606e-05,-6.061767684809987e-05,-0.00031926390435223933,0.0004761240525479941,0.9678086733107784
11,21,1.3744467859455345,7.838614060780871e-05,0.0025304583972731052,6.397199953875682e-06,7.812466238094915e-05,0.002383493087706392,0.0008498119799025085,0.9884867276026558
11,22,1.4398966328953218,8.137896307925715e-05,0.0021000535707569354,5.5925057916526505e-06,-8.1186572232269e-05,0.0020768983339251876,0.00031099567615601063,0.9678276082911617
11,23,1.505346479845109,5.5440438411574437e-05,0.0032756086291891007,-3.19997130153722e-05,4.52731772488015e-05,0.0027564807863435974,0.0017695834442423679,0.985008775793851
11,24,1.5707963267948966,6.98771242968684e-05,0.0004379957508672633,-6.249999999999997e-05,-3.125000000000003e-05,-2.083333333333299e-05,0.00043749999999999995,1.0298333333333334
11,25,1.636246173744684,2.8045951377631867e-05,0.0031775859712044855,1.1447874804206121e-05,2.5603155101348613e-05,0.0028890253723228227,-0.0013230967472072964,1.0288292707675624
11,26,1.7016960206944713,3.6071863104005015e-05,0.00291535898053556,-4.068918604757135e-06,-3.584164071554119e-05,-0.0009803012328198273,-0.0027456014784234925,0.9521141730382855
11,27,1.7671458676442586,7.253287571643761e-05,0.004247885822549688,7.074688636496576e-05,1.599675371313836e-05,0.002910033367906936,0.0030945500091429856,0.9174999645916344
11,28,1.832595714594046,1.3521151377272877e-05,0.002896358057366379,-1.3005071782028877e-05,-3.6999516904149526e-06,-0.00036353401520069334,0.0028734531519172546,0.9860118347649088
11,29,1.8980455615438334,8.309842113561279e-05,0.004577236671076556,-7.896192956587597e-05,2.5891335895725845e-05,0.003685288784578334,0.0027147268955291133,0.9562707825669259
11,30,1.9634954084936205,6.119475749735896e-05,0.0033863608380148478,-6.112188066551229e-05,-2.985640479268461e-06,-0.0033840953518325433,0.00012384819314789245,0.9452982401723196
11,31,2.028945255443408,3.4279536377619154e-05,0.002224312284954857,3.0524590148126894e-05,-1.5599231088530917e-05,0.0004375109557191835,0.002180859762714417,0.9772262857408869
11,32,2.0943951023931953,7.291666666666667e-05,0.0011882307692999334,-6.770833333333333e-05,-2.7063293868263716e-05,-0.0007291666666666667,-0.0009381941874331422,0.9876666666666667
11,33,2.159844949342983,1.590422838908613e-05,0.0018756473854966756,-1.5818150303189257e-05,-1.652453218075102e-06,0.0005528485193911516,-0.0017923201804720958,0.966948870372415
11,34,2.2252947962927703,0.00010833879876563564,0.0035930680611166855,-8.144547250997298e-05,7.14417967691752e-05,0.00274217108683689,0.002321774283243875,0.952067319940637
11,35,2.2907446432425576,4.720701480459451e-05,0.003653406410227832,-4.6359430530375695e-05,-8.905360613724466e-06,0.0011084189553349946,-0.003481204650368589,0.985329198910903
11,36,2.356194490192345,5.412658773652739e-05,0.004493635738754644,-4.7245144853465945e-05,2.6411811520132755e-05,-0.00396703718541336,0.0021107766632594374,0.9514540584539808
11,37,2.421644337142132,3.9820674414806155e-05,0.003815726472004013,3.777885616432394e-05,-1.2587459543741158e-05,-0.002966417756838232,-0.0024000279583927813,0.9580709052461325
11,38,2.4870941840919194,1.524125473303289e-05,0.002001417637187677,1.4086433139371384e-05,5.819643223361477e-06,0.0019651861870520725,0.0003790986793245797,0.9791066057972437
11,39,2.5525440310417067,0.00010119400370926562,0.003450615723618038,-2.122066190866707e-06,-0.00010117175110569375,-0.003014323230478372,0.0016794654906482807,0.9837972480241864
11,40,2.6179938779914944,5.7258882958408157e-05,0.0006072440035846316,-5.347890204391202e-05,-2.0459391824351653e-05,0.000192388087409173,0.0005759618943233419,0.9422635692854939
11,41,2.6834437249412812,4.436296846207673e-05,0.0027948081629094812,-4.432985867060389e-05,1.7136513681315942e-06,0.0027941508683899732,-6.0610165327517156e-05,0.9557628620088964
11,42,2.748893571891069,8.092288344416194e-05,0.0018282908458451947,4.090715529050385e-05,6.982204315942079e-05,0.0012997142327616734,0.0012858422648824668,0.9375781989365018
11,43,2.8143434188408563,3.7093650445048665e-05,0.002795932475469534,3.563014021570227e-05,1.0316589143164257e-05,0.0027526164831940614,0.0004902457586084311,0.936527273483942
11,44,2.8797932657906435,3.26429470339117e-05,0.006932300422435048,3.0445015679682668e-05,1.1775525946752504e-05,0.00558406969849088,0.0041079136735439215,0.9623273656585419
11,45,2.9452431127404313,6.799853063021401e-05,0.004098630430621706,-6.650210487126995e-05,-1.418697344604431e-05,0.004001443736166457,0.0008872538718498171,0.97442261038619
11,46,3.010692959690218,2.8555355329476024e-05,0.0011956612101855831,-1.8586898191607348e-05,2.1677996531217045e-05,-0.0011817248075682567,-0.00018202255003218603,0.9537239316308432
11,47,3.076142806640006,8.23088567984343e-05,0.0014434119502316834,8.131493661401198e-05,-1.275260722065799e-05,0.0011908408064209672,0.0008156814524275344,0.985587577107364
11,48,3.141592653589793,5.208333333333332e-05,0.002416666666666667,-5.208333333333332e-05,0.0,0.002416666666666667,0.0,0.9931666666666666
12,0,0.0,9.37500000000001e-05,0.0003124999999999997,-9.37500000000001e-05,0.0,-0.0003124999999999997,0.0,7.861902823647949e-33
12,1,0.06544984694978735,1.3973148847257399e-05,0.0066166496365563125,1.3317605018075605e-05,-4.22969092134854e-06,-0.0023405621196268935,-0.006188846530421355,1.629030246008239
12,2,0.1308996938995747,0.00010226546797863754,0.005802579567974102,-6.422164662235913e-05,7.958521248324068e-05,-0.0044833470316242826,-0.003683684166252075,1.1467148211133298
12,3,0.19634954084936207,2.6983935681325744e-05,0.0028087644827063988,-2.3816591002278766e-05,1.2684745873847802e-05,-0.002095526355270991,0.0018702746358964563,0.9968228471964619
12,4,0.2617993877991494,1.936521736344045e-05,0.0031369762663148834,1.594322987899598e-05,1.0992045512950961e-05,0.0012649869565251742,0.002870614584935436,0.9411453923140658
12,5,0.3272492347489368,9.561623369724712e-05,0.0011724077274254598,-2.210823346460817e-06,9.55906711273507e-05,-0.0003664987234807504,-0.0011136510068301972,0.9992697631446968
12,6,0.39269908169872414,5.985748527240404e-05,0.002397825116106886,-4.6123784462875225e-05,3.815121295526914e-05,0.0010752788606574032,0.002143208029859985,0.9922804474084105
12,7,0.4581489286485115,2.8451850558205318e-05,0.002350062747456993,9.19148194257644e-06,-2.6926278240517004e-05,0.0016029060389301617,0.001718571251751387,0.9749931972361722
12,8,0.5235987755982988,4.034357652299389e-05,0.006008886123726285,-3.608439182435157e-05,1.804219591217581e-05,-0.0038341742198323503,0.004626642465101802,0.9924482848254214
12,9,0.5890486225480862,6.102678107558788e-05,0.0039156530030341466,-6.084743207407161e-05,-4.67525597576994e-06,0.002392878737251348,-0.0030994305588253994,0.923258526347078
12,10,0.6544984694978736,3.100179031294821e-05,0.0020130474649650786,2.984863460382068e-05,8.376754436869235e-06,-0.0016547095306720804,0.0011464276973735905,0.9666493026353483
12,11,0.7199483164476609,3.8757784068694406e-05,0.0062183239071566575,2.2755759773556882e-05,-3.1374212707950335e-05,-0.00548009030360551,0.0029387348432012234,0.9287618665171786
12,12,0.7853981633974483,5.0848302019077626e-05,0.0033962229154878647,4.419417382415929e-05,-2.51480579413864e-05,-0.002429917478527522,-0.002372726520109585,0.9548769811560832
12,13,0.8508480103472357,5.60832066141884e-05,0.002435142965331122,4.031248748071361e-05,-3.899011948233878e-05,-0.0011772035459340349,0.0021316925371736854,0.9806987408611701
12,14,0.916297857297023,3.7672510727107545e-05,0.0037961860108408703,-5.234394750573176e-06,3.7307092838751254e-05,-0.0033235771775920104,-0.0018343562831395236,0.9463543789674113
12,15,0.9817477042468102,3.448012595139231e-05,0.0025432856760107423,-3.437537360083626e-05,-2.685661078171818e-06,-0.0007748303773662138,-0.002422383106800398,0.9616749994605859
12,16,1.0471975511965976,7.291666666666669e-05,0.006012393161443934,7.291666666666669e-05,-2.9235974640968114e-20,0.0025416666666666678,-0.005448743165477093,0.9329583333333332
12,17,1.1126473981463851,0.00010243178398943912,0.0009840365629307855,0.00010167358515081506,1.2439953932353459e-05,-0.0007518950271214348,0.0006348084950397959,0.8916776989319728
12,18,1.1780972450961724,1.7425049549912503e-05,0.0030667914905146334,1.731787962193582e-05,-1.929610638715985e-06,-0.0008944269112924814,-0.0029334639160297775,0.959592977132491
12,19,1.2435470920459597,8.8673196976237e-05,0.002756464700917195,8.245885613799004e-05,3.261093231419161e-05,-0.0002426918811439117,-0.002745760058386266,1.0042788417129398
12,20,1.3089969389957472,6.7384606094485e-05,0.0015166164366444046,-1.020874803298741e-05,6.660680597437384e-05,-0.0005486126789644841,-0.0014139128489335485,1.0329977200813822
12,21,1.3744467859455345,3.61306267971162e-05,0.0024500310740183454,-2.7731891618984146e-05,-2.3159541877710105e-05,-0.0004174819259775168,-0.002414199889225743,1.0153916367034104
12,22,1.4398966328953218,9.405391339856378e-06,0.004437038676148079,-4.728900428589023e-06,-8.130122200332286e-06,0.001865800984420023,-0.004025679930169707,0.9745021543711531
12,23,1.505346479845109,4.492924367597825e-05,0.002238296765811915,6.33448744903534e-07,4.4924778018182925e-05,-0.0021459766841693435,0.0006362047491536252,0.9596326030659826
12,24,1.5707963267948966,3.125000000000001e-05,0.0024374999999999996,-3.125000000000001e-05,-1.807003620809174e-20,0.0022499999999999994,-0.0009375000000000002,0.9623750000000001
12,25,1.636246173744684,3.459602089920247e-05,0.0033910888767093132,-5.97540251873962e-06,3.407607997990811e-05,-0.0016045781511730168,-0.0029874425059772808,0.9693637530357307
12,26,1.7016960206944713,4.362787316554697e-05,0.0031252330782807233,-4.348595665200402e-05,3.5160903016106823e-06,0.00280351118375116,0.0013810890037076447,0.9325416562200779
12,27,1.7671458676442586,8.796575155197219e-05,0.005785447597331816,2.493229680581028e-05,-8.435848518133953e-05,0.005482079349428088,-0.001848840152107963,0.976321201727072
12,28,1.832595714594046,6.782982455147146e-05,0.0027727739806567646,5.950094394516323e-05,3.256566855321633e-05,-0.0018450307008997795,-0.0020698157552169775,1.0087073915168623
12,29,1.8980455615438334,1.9306240974328658e-05,0.0008783269297034612,-1.6134592514898892e-05,1.0602163219693208e-05,-0.0003082900274653975,0.0008224448032589745,0.9644481639451122
12,30,1.9634954084936205,2.6002390167034287e-05,0.0022534732379297442,6.042960868890037e-06,-2.529045112954186e-05,-0.0006700617226555393,-0.002151548029186766,0.9986235211797149
12,31,2.028945255443408,9.356011384917758e-05,0.0011098819072342992,-2.742927571928981e-05,-8.944903429879078e-05,-0.0005815805434166414,0.0009453051991421869,0.975121221392241
12,32,2.0943951023931953,3.1249999999999994e-05,0.0036284107517387454,3.1249999999999994e-05,-8.907183906864909e-21,0.0008124999999999995,0.003536270398786457,0.969125
12,33,2.159844949342983,4.979366433067719e-05,0.0010030882141723832,4.5278201021692804e-05,-2.071939959833128e-05,-0.0003164429939953387,-0.0009518664806383335,0.971228290108792
12,34,2.2252947962927703,4.279315572280418e-05,0.001986122173227457,3.7298103318490984e-05,2.0978695516150188e-05,0.0005999707784499556,0.00189333471736825,1.012538036968002
12,35,2.2907446432425576,6.340455750502866e-05,0.002771476070298077,-4.9397032754115204e-05,-3.9750107767116266e-05,0.0006830095219514835,0.0026859965750459323,0.9625489796979795
12,36,2.356194490192345,4.440429988687292e-05,0.002798103855487298,-4.419417382415927e-05,-4.314724608053066e-06,-0.0026950825214724777,0.0007522734798904138,1.0092063521772503
12,37,2.421644337142132,6.935441897940265e-05,0.0009286954236135594,-6.916918241988477e-05,5.065534062192277e-06,-0.00019324533237260905,-0.0009083674539287327,0.9683842909623376
12,38,2.4870941840919194,8.023514322262357e-05,0.0026979052587780272,-6.749461801405351e-05,4.338380742963808e-05,0.0020310412970636054,0.00177582770418876,1.0060014515722775
12,39,2.5525440310417067,2.2235361301890146e-05,0.0033776231093229554,-2.118484456289115e-05,6.753788053510058e-06,-0.0025289322043362834,0.0022389371975344227,0.9997153246206518
12,40,2.6179938779914944,4.034357652299394e-05,0.0034689930170136852,3.608439182435161e-05,-1.8042195912175837e-05,-0.0004783257801676497,0.003435857534898198,0.9503017151745784
12,41,2.6834437249412812,3.8623497543467925e-05,0.0026854028711633046,-3.7302193095688435e-05,1.0016034781401623e-05,-0.002507406683323551,0.0009614053800954672,0.991513502822481
12,42,2.748893571891069,3.285857455458864e-05,0.0017701419368663371,-1.890372269461736e-05,-2.6876294202223433e-05,0.0010725431066239501,-0.001408209416630337,0.959336387612718
12,43,2.8143434188408563,1.5661067301977178e-05,0.002536332377035926,3.588411760326352e-06,1.5244419637211847e-05,0.002074900263420759,0.0014586880487812244,0.956529747977752
12,44,2.8797932657906435,5.919671825876608e-05,0.005399409025973016,-2.735425791171782e-06,-5.913348373255817e-05,-0.005246343576660909,0.0012765174912188646,0.9793161627543568
12,45,2.9452431127404313,2.3888718031396987e-05,0.0023953275003150494,1.441230169822544e-05,-1.9051414880342078e-05,-0.002075077563066424,-0.0011965144967880056,0.9979205071692804
12,46,3.010692959690218,3.473061271699341e-05,0.006440002808609919,3.468544521193386e-05,-1.770691996852927e-06,0.0048279761628702966,-0.004261957572015453,0.9343648648190657
12,47,3.076142806640006,3.511101435084705e-05,0.0036836323501390432,1.7020199693453433e-05,-3.070987025600003e-05,0.003672536531864023,-0.0002856968902789561,0.9864140493546883
12,48,3.141592653589793,7.291666666666674e-05,0.001770833333333333,7.291666666666674e-05,0.0,-0.001770833333333333,0.0,0.8774583333333333
13,0,0.0,0.00013541666666666666,0.0029374999999999996,-0.00013541666666666666,0.0,-0.0029374999999999996,0.0,9.677926365875486e-33
13,1,0.06544984694978735,7.940112973129672e-05,0.005072366424364442,-5.725968261850084e-05,5.500789169778063e-05,-0.00453123652242213,-0.002279648376589582,1.5644609521527943
13,2,0.1308996938995747,5.289349369686491e-05,0.004671841728106461,-4.09254154827931e-05,3.350868608317918e-05,-0.0028849852368025173,-0.003674638120401557,1.1671416465275526
13,3,0.19634954084936207,3.510514296032129e-05,0.0011376707162755089,-2.3318841082372135e-05,2.6241240687888004e-05,-0.0007199943968623368,-0.0008808534084384697,0.9460908565965848
13,4,0.2617993877991494,3.2867264041308466e-05,0.003906664540199313,-3.130191497447008e-05,-1.002233328582392e-05,0.00014409424332893797,-0.0039040062344584147,0.9499954365295299
13,5,0.3272492347489368,6.040623411677583e-05,0.0027472409949714834,2.9136908046042682e-05,5.2914588817141775e-05,-0.0021953094508664114,0.0016516505379130667,1.006105085585339
13,6,0.39269908169872414,1.6624189867609867e-05,0.001996124577359091,-4.593161624049178e-06,1.5977063405072425e-05,-0.0019323068703658978,-0.0005007029928747765,1.0385409116909685
13,7,0.4581489286485115,3.7306564940493276e-05,0.0019008193379932944,-8.963214902408677e-06,-3.62138173391384e-05,0.0007605398240001088,0.0017420371212460283,1.0346571054646525
13,8,0.5235987755982988,3.608439182435157e-05,0.0015105941403133814,3.1249999999999946e-05,1.8042195912175813e-05,0.0015104703622514884,1.9337567297405613e-05,1.0092920386805908
13,9,0.5890486225480862,4.4189844261132264e-05,0.004050318110102032,-2.6393581142757007e-08,4.418983637899103e-05,-0.003876481106782357,0.0011738701043045303,1.0440257958231123
13,10,0.6544984694978736,1.9154355748634e-05,0.0006197742706198659,-1.5430141339899748e-05,-1.134901239650152e-05,-0.0004767561139984336,-0.00039600979064601346,0.9633792446819524
13,11,0.7199483164476609,1.9216947642370357e-05,0.0035728690820456045,1.4328712130373492e-05,1.2805431869893776e-05,0.0016875771363847971,0.0031492025794141424,0.9326838391178258
13,12,0.7853981633974483,5.6232767059043425e-05,0.002005043004132505,-1.7782362304026576e-05,5.3347086912079593e-05,0.0016643931867762521,-0.0011180307546009155,0.9685088834764826
13,13,0.8508480103472357,6.32521096444585e-05,0.002496731030319081,5.27568878848866e-05,3.489326804952648e-05,-0.002063451520885944,-0.0014056435034217115,0.9193219771610681
13,14,0.916297857297023,9.407517761088123e-06,0.0010419611936248999,5.1891140047737345e-06,-7.8469412047402e-06,-3.798514529837135e-05,0.0010412685809899807,0.9946996751423346
13,15,0.9817477042468102,1.7900635797037002e-05,0.002925972541521677,6.95568528375596e-06,-1.6493974783887092e-05,0.0007245145283852101,-0.002834853437463316,0.9451308001343359
13,16,1.0471975511965976,2.0833333333333346e-05,0.0033311842030191675,1.041666666666666e-05,-1.8042195912175823e-05,-0.0014583333333333334,0.002995004521421184,0.9195000000000001
13,17,1.1126473981463851,3.738566216884125e-05,0.0013871618173869795,1.9755403637164623e-05,3.173975051785113e-05,0.0009926486870030435,0.0009689512329356324,0.9770394592954975
13,18,1.1780972450961724,7.154486174682253e-05,0.0034884273405904197,2.150553975361784e-05,-6.823620008673924e-05,-0.0006224627851199253,-0.003432443064599833,0.9900838635083242
13,19,1.2435470920459597,5.250903400984147e-05,0.003308023634837223,3.3700696005548076e-05,-4.0267378129055336e-05,-0.0011274653477266919,-0.003109958562154358,0.9331394045479637
13,20,1.3089969389957472,7.405308520793055e-05,0.002727117997965212,1.6203063487145236e-05,-7.225870302215895e-05,0.0005108908524720356,0.0026788361487194738,1.0354757154975938
13,21,1.3744467859455345,6.54254595751388e-05,0.0024067868518850566,-7.773601545231392e-06,-6.496200335299164e-05,0.0014628981865032861,-0.0019111650494743194,0.9602713192622389
13,22,1.4398966328953218,4.8078661030362625e-05,0.008268911006629652,-8.847932427028755e-06,-4.7257504570589024e-05,-0.0012092714520805798,0.00818000927815757,0.9751430098720015
13,23,1.505346479845109,4.871803284063664e-05,0.0010633479701763124,-3.2549337796788875e-05,-3.624896319692305e-05,6.523091765573961e-05,-0.0010613452939830063,0.940208049634665
13,24,1.5707963267948966,3.125000000000001e-05,0.002502169197805065,-9.03501810404587e-21,-3.125000000000001e-05,0.0015833333333333333,-0.0019374999999999996,0.9110416666666666
13,25,1.636246173744684,7.349993617202366e-07,0.002415501505213308,-1.616626155085985e-07,7.170001816429856e-07,0.002393208159321235,-0.0003274175130411074,0.9889334058147847
13,26,1.7016960206944713,2.9681939773781346e-05,0.0022746247593520602,-2.9317718199502607e-05,4.635617360065073e-06,-0.002274472320170853,-2.6333640728813668e-05,0.92418944542215
13,27,1.7671458676442586,5.132337292985911e-06,0.0011612460309999345,-1.6306877588219129e-06,4.866389166743892e-06,-7.772260071476089e-05,0.001158642111202262,0.9538073797469352
13,28,1.832595714594046,2.6032000695470073e-05,0.001958280737707404,1.2255799091697188e-05,-2.2966507109983197e-05,-0.0008553887354899996,0.0017615826857893084,1.0268277867751723
13,29,1.8980455615438334,3.5743642930764054e-05,0.00336769157710431,1.742127466512876e-05,3.121069046022695e-05,0.0020312591776764123,-0.0026861371356661336,0.976147969296814
13,30,1.9634954084936205,4.8790782739231435e-05,0.002060730447252522,-3.623693102833757e-05,-3.267147547868614e-05,0.0014155048096612202,-0.0014976501961604827,1.0052770491951502
13,31,2.028945255443408,5.314497635361506e-05,0.003348690885291942,-2.6059127346982883e-05,-4.631749554477263e-05,0.003334379294516009,0.0003092658492951521,0.9683409275812958
13,32,2.0943951023931953,2.0833333333333343e-05,0.003913285331193387,-1.0416666666666651e-05,-1.8042195912175826e-05,-0.00375,0.0011186161465549,0.9885833333333333
13,33,2.159844949342983,0.00010298454147435635,0.003511964268639751,-8.898796192071868e-05,5.183587961904522e-05,0.0024943753180610784,-0.0024722428676912053,0.9711272972659625
13,34,2.2252947962927703,1.5329427451139282e-05,0.004177619462466974,7.46101846776627e-06,-1.3391211648069538e-05,-0.0037198527062473905,-0.001901367985689991,0.960926417673706
13,35,2.2907446432425576,2.3921085977666864e-05,0.003976515267842787,2.1133840165066183e-05,1.1206210520437565e-05,0.0014089702446973883,0.0037185315011364598,0.9720585036999975
13,36,2.356194490192345,9.648017527797805e-06,0.0020907643595429056,-3.050971029306791e-06,-9.152913087920387e-06,4.394014655708141e-05,0.0020903025787324184,0.9667411165235177
13,37,2.421644337142132,1.322683496488131e-05,0.0025584752651372647,-4.2980241437543635e-06,-1.2509042795030776e-05,0.0005661282345922035,-0.002495054008296556,0.9848183539507344
13,38,2.4870941840919194,5.1929803981326376e-05,0.0039431539352889474,3.886440069171145e-05,3.444216747553904e-05,-0.0021657266658969177,-0.0032951617511144623,0.9988895447354916
13,39,2.5525440310417067,2.0662416197523853e-05,0.0015188606750116183,1.0929221001999331e-05,-1.7535323533061853e-05,0.0014951123046439163,-0.00026753868243509465,0.9942266165407837
13,40,2.6179938779914944,3.608439182435159e-05,0.0035414531008433675,3.124999999999997e-05,-1.8042195912175823e-05,0.003531196304415179,-0.0002693375672974062,0.9952912946527434
13,41,2.6834437249412812,5.071954044069219e-05,0.002475362392925227,2.404322555030457e-05,4.465865075942389e-05,0.0001822980542015856,0.0024686405967136696,1.017635962022778
13,42,2.748893571891069,2.1701529124571064e-05,0.0021451078052074153,1.9324552898768947e-05,9.875121346458827e-06,-0.00169406848750873,-0.001315910124435426,0.9645981756055568
13,43,2.8143434188408563,2.4960127306824497e-05,0.003521144265706085,2.4800284660572688e-05,2.8202545855736275e-06,-0.0034576242966403645,-0.0006658011438838692,0.9689443957579434
13,44,2.8797932657906435,2.3889714636573996e-05,0.0012661314803863902,2.3676385728960866e-05,3.185470802000236e-06,-0.0006329296936443083,0.0010965805618050842,0.9417010611977009
13,45,2.9452431127404313,5.344398802814773e-05,0.002041855215461278,2.051924626919826e-05,4.934795222597176e-05,0.000997297766765963,-0.0017817322709402904,0.9463199346300492
13,46,3.010692959690218,4.367308930526788e-05,0.0010662814444992914,4.300667428497295e-05,-7.600308968203201e-06,-0.0008976170261716012,0.0005755343545005339,0.9276310159448101
13,47,3.076142806640006,5.193497122674591e-05,0.0031643618995722926,-2.4452849987810106e-05,-4.581811174411906e-05,-0.00304715259150698,-0.0008532568871899389,0.9675046089158444
13,48,3.141592653589793,1.0416666666666702e-05,0.0023541666666666667,1.0416666666666702e-05,0.0,0.0023541666666666667,0.0,0.9446249999999999
14,0,0.0,9.375e-05,0.0008541666666666663,-9.375e-05,0.0,-0.0008541666666666663,0.0,7.53321077980586e-33
14,1,0.06544984694978735,8.584988660882547e-05,0.006026817290351966,-6.23669235483017e-05,5.8996354784583794e-05,-0.0046441913312074146,-0.003841095355549419,1.5659029468730152
14,2,0.1308996938995747,3.4703600034389264e-05,0.0024765646283540603,2.571717960454292e-05,-2.33016421853599e-05,-0.0024633078244452734,0.00025590412353297155,1.151750339766474
14,3,0.19634954084936207,1.036228363681704e-05,0.0010922791391782785,-6.744573817194834e-06,-7.866870165081923e-06,-0.0010073031968892607,0.00042239079940348674,1.0172136878926588
14,4,0.2617993877991494,1.343201945590242e-05,0.0029847358742910637,-9.618163642726016e-06,9.376037265576785e-06,-0.0003111354718632925,-0.002968474853763873,0.9665272203246181
14,5,0.3272492347489368,3.434548376024235e-05,0.0032385713628901628,1.2993395404916463e-05,3.179282828841383e-05,0.002288149169065919,-0.0022918808548079437,0.9714950203041576
14,6,0.39269908169872414,2.467920467558372e-05,0.003491484639321333,3.9862857538030395e-06,2.4355136405045658e-05,0.0016088216181669498,0.0030987349011387688,1.0416806427452614
14,7,0.4581489286485115,9.948681500364886e-06,0.0012338098465257748,-7.318698461713391e-06,6.7389106257774745e-06,-0.0012296448662073498,0.00010129284473182189,1.002510975768818
14,8,0.5235987755982988,2.218505068851301e-05,0.004537770021942049,-1.4229431289421213e-05,-1.702056871057874e-05,-0.002947515877365274,-0.0034501459280319663,0.9760318329410936
14,9,0.5890486225480862,1.78915785327922e-05,0.0022072800697353102,-1.0607778122212894e-05,1.4407762689084387e-05,0.0013958911523622177,0.0017098459570989415,1.002035871493567
14,10,0.6544984694978736,2.3428833772396085e-05,0.0042825943706533715,-4.799094960265556e-06,-2.2932050486097423e-05,0.000673705989309902,0.004229271188221431,0.9708033820301578
14,11,0.7199483164476609,2.6157028453292315e-05,0.003023417714608184,2.4660958055637344e-05,8.719362665036893e-06,-0.0015215330929855373,0.0026126598944287483,0.9325740141430784
14,12,0.7853981633974483,1.7609603377293415e-05,0.002994457791166018,7.3656956373598795e-06,-1.5995144853466043e-05,0.0025944902897069317,-0.0014951246100881725,1.001667472332656
14,13,0.8508480103472357,7.242225953059667e-05,0.0043329844918447,1.2474230616460135e-05,-7.133987136268519e-05,0.004323295426175791,-0.00028960536005770985,0.9861796381752769
14,14,0.916297857297023,6.641861379420639e-05,0.002530776009110439,-6.595926011325381e-05,-7.79796535360788e-06,-0.002197727096533643,0.0012549194465983722,1.0004189180676237
14,15,0.9817477042468102,1.4110906231638805e-05,0.006555347470460924,-5.869072076250278e-06,1.2832445894757635e-05,0.0027244508864301517,0.00596237769903152,0.9967055525035994
14,16,1.0471975511965976,4.1666666666666665e-05,0.0013512789723484598,4.1666666666666665e-05,1.0164395367051604e-20,-0.000989583333333333,-0.0009201519915209655,0.9908333333333333
14,17,1.1126473981463851,2.1199036906131734e-05,0.005162635521864356,-3.0066570761783115e-06,-2.098473680973393e-05,0.005141731763896186,-0.0004641120551727411,1.0214869138823321
14,18,1.1780972450961724,1.4424762146708233e-05,0.004509578655590859,-9.623745130325911e-06,1.0745105520916721e-05,-0.0025681864791015055,-0.00370684742868126,0.958389032088422
14,19,1.2435470920459597,4.560884317174554e-06,0.0006653927237218437,-2.3820745358610065e-06,3.889394125085727e-06,-0.00016568450001503985,0.0006444347315568428,0.9912701011857744
14,20,1.3089969389957472,8.96886010676665e-06,0.0024396527956468254,-8.874077280278265e-06,-1.3004630092391714e-06,0.001184243484986267,-0.0021329493973310646,0.9300005860900743
14,21,1.3744467859455345,6.665001901177418e-05,0.000491641784194462,4.988024870828089e-06,-6.646310737663309e-05,-0.0003181835867067883,-0.0003747944091316166,0.9530664614983491
14,22,1.4398966328953218,5.65927982096533e-05,0.0038096209477634538,-1.5132333808749556e-05,-5.453216741244669e-05,0.002558267069188104,0.0028228498664197186,1.0068164941308257
14,23,1.505346479845109,5.046767510331457e-05,0.001914932363125911,-4.222746924882873e-05,-2.7637421572443065e-05,-0.0009827031686060355,-0.0016435511667601478,0.9799666948721714
14,24,1.5707963267948966,4.294901693351729e-05,0.0005208333333333333,4.166666666666666e-05,1.0416666666666658e-05,0.0005,0.00014583333333333324,0.981375
14,25,1.636246173744684,1.1924119433412636e-05,0.004046191110639909,6.450130903183342e-06,1.0028979788297915e-05,0.000976484449923536,0.00392659402318077,1.0313907185394784
14,26,1.7016960206944713,2.1434795101261603e-05,0.001836272625834416,7.659011566933914e-06,-2.0019739829744064e-05,-0.001713189241953137,0.000660968817452728,0.9654494789384714
14,27,1.7671458676442586,3.448321515683097e-05,0.002273363857475048,-3.445080742026755e-05,1.494655694110002e-06,0.0007663039034471925,-0.002140318096927517,1.0430463711641003
14,28,1.832595714594046,5.8603323887592034e-05,0.0036086305502791337,-5.846031454407334e-05,-4.091600430396665e-06,0.0034580901358041757,0.0010314199246968907,0.9453583977585468
14,29,1.8980455615438334,1.70055133439006e-05,0.001812315943061596,-6.884837403971437e-06,1.554948545806121e-05,-0.00045232150791143697,0.001754962771957276,0.9426259569012266
14,30,1.9634954084936205,2.1046802694888342e-05,0.002375442622976491,9.623745130325886e-06,-1.8717677028522743e-05,-0.0023486289932930027,0.0003559065985858185,0.9739992856484386
14,31,2.028945255443408,7.5127197261949775e-06,0.004714992491272791,-7.2551631154756816e-06,1.9502732762872846e-06,-0.00011556791196503374,-0.004713575951491908,0.9726703446478325
14,32,2.0943951023931953,3.608439182435161e-05,0.0025684213428572127,3.125000000000001e-05,1.80421959121758e-05,-0.0006979166666666663,-0.0024717808399680858,0.9228333333333333
14,33,2.159844949342983,4.4075695722310316e-05,0.0029211910092308713,3.5331854625689774e-05,2.6350085428985002e-05,0.0015317718430083952,-0.002487374506056123,0.9815382629220099
14,34,2.2252947962927703,2.2569504422626607e-05,0.001632073779681841,2.240154604708662e-05,-2.748320320344729e-06,-0.0012419404205529982,-0.0010588903692647375,0.9720383246985685
14,35,2.2907446432425576,7.074459646831755e-05,0.0012315739851548875,7.044963769697101e-05,-6.453408233686335e-06,-0.0007642417694957437,-0.0009657686051370202,0.9351502142852491
14,36,2.356194490192345,5.813035334492237e-05,0.003779200243618956,-7.365695637359862e-06,-5.766181152013268e-05,0.002447176376959735,0.0028798753899118277,0.9865825276673439
14,37,2.421644337142132,1.9572212107284293e-05,0.004797662923950534,-8.41235184147838e-06,-1.76721199426583e-05,0.00037675345273218384,0.004782847098507747,0.9443137108607204
14,38,2.4870941840919194,4.627463632657967e-05,0.004184475577131094,1.2272417202081161e-05,4.461759454716569e-05,-0.0018179586018200922,0.003768933851591845,0.9750451712426761
14,39,2.5525440310417067,5.066221403425106e-05,0.00570711656538685,4.007056067165235e-05,-3.1000162875567174e-05,0.0014162032143154564,-0.005528611755827639,0.943895601718839
14,40,2.6179938779914944,3.5269457566841313e-05,0.004106414041900744,3.812764622754556e-06,-3.5062764622754595e-05,-0.0018649841226347254,0.0036584792613653,0.9419681670589064
14,41,2.6834437249412812,4.4351203733385085e-05,0.0013270458301647067,-3.056091956623988e-05,-3.214124247545586e-05,0.0008735818893651592,0.0009989521099285662,0.9594406409084705
14,42,2.748893571891069,6.479083519087724e-06,0.001016677287721673,-3.986285753803014e-06,-5.107646144393844e-06,-0.0006920061457724413,0.0007448222617391804,0.9460977061845445
14,43,2.8143434188408563,4.806100492726413e-05,0.004052494575934682,4.441495475452325e-05,-1.8362243565865235e-05,0.0006505665852167492,-0.003999934425234924,0.964067210483717
14,44,2.8797932657906435,3.284960253341048e-05,0.002378478947680693,1.4452555467077614e-05,-2.949949197993235e-05,-0.0007478648155938183,-0.0022578441757918283,0.9781137958267614
14,45,2.9452431127404313,2.274807677363291e-05,0.0030436493661138123,-2.271820873224465e-05,1.165327806782234e-06,0.00232419911736597,-0.001965171729564685,0.9688315241402069
14,46,3.010692959690218,7.583907010090191e-05,0.003470121461340043,1.784053446162431e-05,7.37107853973427e-05,0.0029521501268071387,0.001823883928665788,0.9900112244585374
14,47,3.076142806640006,5.482098535860231e-06,0.0009865996954719605,-1.0282126336430108e-06,5.384810408630725e-06,-0.0005880079213152662,-0.0007922282774401988,0.9616215648353458
14,48,3.141592653589793,1.0416666666666666e-05,0.0018958333333333327,1.0416666666666666e-05,0.0,-0.0018958333333333327,0.0,0.8742083333333334
15,0,0.0,6.250000000000006e-05,0.00020833333333333408,-6.250000000000006e-05,0.0,0.00020833333333333408,0.0,8.91679885185365e-33
15,1,0.06544984694978735,6.019811111529166e-05,0.0021985079905970776,-4.954003799225973e-05,3.4199374520222786e-05,-6.252134854754671e-06,0.0021984991006431995,1.57523646146499
15,2,0.1308996938995747,3.312245516805874e-05,0.0004053872031355135,2.9274137882810297e-05,-1.5495866790156408e-05,0.00013853503944465857,0.00038098140021804346,1.2100295894813444
15,3,0.19634954084936207,4.227575017137915e-05,0.0017661903313861745,-5.303651026663254e-06,-4.194174934763973e-05,-0.0015019238061729182,-0.0009293294179853876,0.989592144207518
15,4,0.2617993877991494,1.652819458940074e-05,0.0025557749565297,-6.325066236269981e-06,-1.5270060690511134e-05,-0.0004753679412043053,0.002511177203802943,0.9746265447488374
15,5,0.3272492347489368,4.0376644542212145e-05,0.00284074896142966,3.6436406232235284e-05,-1.739717578711198e-05,0.0003022917572652409,-0.002824619329281945,1.0407903193402586
15,6,0.39269908169872414,4.0449568548068805e-05,0.0012140546185736764,-2.985020259341307e-05,-2.7297124406374982e-05,0.0006013244279321772,-0.0010546741436349499,0.9961065490253648
15,7,0.4581489286485115,2.20936159981003e-05,0.0024302713449657356,-7.891646851509086e-06,2.0636127976017696e-05,0.002416795341349197,-0.00025557599299304794,0.972750400289021
15,8,0.5235987755982988,3.090758159362731e-05,0.0028995192595922736,-1.4229431289421247e-05,2.7437235377245447e-05,0.001357999085237537,-0.0025618451204630893,0.9725259074277052
15,9,0.5890486225480862,2.439478603825182e-05,5.527667439682426e-05,2.3791950694726223e-05,5.389681622489611e-06,3.490105971538434e-05,-4.286521623782741e-05,0.980319345223397
15,10,0.6544984694978736,2.890931631573355e-05,0.001373001194686172,1.3921278896938958e-05,-2.5336664415758837e-05,0.00018623690880646153,0.0013603117636806165,1.0050958784933537
15,11,0.7199483164476609,4.741817683911757e-05,0.001217088202315953,-2.5237733054917192e-05,-4.014399488086065e-05,0.0011356171053654724,0.00043780986994130584,0.992039915490861
15,12,0.7853981633974483,7.972571507606055e-06,0.003458144087027825,-7.365695637359885e-06,-3.050971029306807e-06,0.002022567940014276,0.0028049918813914444,0.9792228415160156
15,13,0.8508480103472357,2.2339072665689913e-05,0.0005139287630216852,-2.2149117213789653e-05,2.907021536346282e-06,0.00037001112528850185,-0.0003566714743622429,1.0070060741633668
15,14,0.916297857297023,2.559498695426947e-05,0.0030504362798462396,2.4435580321874074e-05,7.616152015451423e-06,0.0015183954669663535,-0.002645682653550534,1.0241186490371978
15,15,0.9817477042468102,1.2775319723246609e-05,0.0014420911855317848,-1.1580472963984872e-05,-5.394575049212793e-06,-0.0005884470259640265,0.0013165701975293839,0.9445524810349161
15,16,1.0471975511965976,1.0416666666666671e-05,0.006387786740682914,1.0416666666666671e-05,1.0164395367051604e-20,0.00010416666666666647,-0.0063869373529102345,0.9577916666666666
15,17,1.1126473981463851,3.9675814166878456e-05,0.003120758615274284,2.2419396048047232e-05,-3.273439950030361e-05,0.002200426118736351,0.0022129751988649907,0.9945989945362128
15,18,1.1780972450961724,6.652454264493729e-05,0.003112966746789156,-3.67014137104283e-05,-5.548442128898944e-05,-0.0009163133819089323,0.0029750515546372765,0.9542313397502286
15,19,1.2435470920459597,9.857228601310752e-06,0.0025056737216654465,1.9716528837064987e-06,9.658029851096473e-06,-0.0001001560834980519,-0.0025036712161110733,0.9798163766778294
15,20,1.3089969389957472,2.0655101278621074e-05,0.001619842124395027,1.908282531326572e-05,-7.904365053151263e-06,0.0013796674331123466,-0.0008487675076095827,0.9606602534305222
15,21,1.3744467859455345,5.078537746272621e-05,0.002815642625749992,5.0689951809593546e-05,-3.111808087376739e-06,0.001889521237134636,-0.002087475243052598,0.9257379357924974
15,22,1.4398966328953218,2.9683686367137968e-05,0.0014914147987618507,2.953895458060307e-05,2.9276951049727385e-06,0.0002327492791133662,-0.0014731414986477232,0.9728932786178658
15,23,1.505346479845109,3.013953981740936e-05,0.0034589350450313903,3.0006368376326117e-05,2.830144390207007e-06,-0.003022950980246615,0.0016810707946937676,0.982644319871408
15,24,1.5707963267948966,1.4731391274719745e-05,0.006628667747829206,1.0416666666666675e-05,1.0416666666666666e-05,0.00625,0.002208333333333333,0.9782500000000001
15,25,1.636246173744684,4.0039801727741704e-05,0.004870418053428218,-3.781012967654752e-05,1.317496930696722e-05,0.004217914576356077,0.002435193758558535,0.9481089231607146
15,26,1.7016960206944713,4.5848614930784284e-05,0.0008380567486473031,1.1417833467085868e-05,4.440415036896021e-05,0.00023173841764044767,-0.0008053796742796471,0.9245855371969225
15,27,1.7671458676442586,1.9174894813902218e-05,0.0025537715635688997,-1.0609128215608388e-05,-1.597256991310403e-05,0.0024244021068252526,0.0008025108244219629,1.0253991879034776
15,28,1.832595714594046,2.7192956712510818e-06,0.0032451197155511733,-1.040629401089905e-06,2.512301613515411e-06,-0.0004976967834037473,-0.003206727284950888,0.9798759594175098
15,29,1.8980455615438334,2.3010386844956867e-05,0.0015643852133643576,2.2182070951203384e-05,-6.118302956730976e-06,-0.0015632248462550515,6.024264140886828e-05,0.9358149283922104
15,30,1.9634954084936205,4.1906883837857416e-05,0.007351863592009095,9.766138318481385e-06,-4.0753030014269676e-05,-0.007196272290895369,0.0015045143371867156,1.0051669647405603
15,31,2.028945255443408,1.2433236263676484e-05,0.002615863441640448,-2.1113370315230744e-06,1.2252657667939609e-05,0.0008199725709677514,-0.0024840262736475927,0.9580693857156656
15,32,2.0943951023931953,1.8042195912175833e-05,0.004706120423920795,3.3881317890172014e-21,1.8042195912175833e-05,0.0014583333333333343,-0.004474464586219599,0.993375
15,33,2.159844949342983,5.323716136602139e-05,0.0016788306033407698,4.038637780492424e-05,3.468624854477236e-05,0.0012812485378570107,-0.001084838411447901,0.9709845056559884
15,34,2.2252947962927703,8.534569772562888e-06,0.0018726341546511135,1.7898164510951168e-06,-8.344785094544582e-06,0.001628543278537114,0.0009244487368683447,0.9448864242975595
15,35,2.2907446432425576,1.6336044307047462e-05,0.0028318596971398297,-3.5904496938017363e-06,1.593659356945821e-05,-0.00011725675529955446,-0.002829431073134935,0.9610243476781494
15,36,2.356194490192345,1.924749026065182e-05,0.00015452625098470987,7.365695637359885e-06,1.7782362304026542e-05,1.9098726652391557e-05,-0.0001533414519418894,0.987943825150651
15,37,2.421644337142132,1.3267556872311808e-05,0.0018653796514122873,-5.940425195176351e-06,-1.1863364356730442e-05,-0.0018438211274466893,-0.0002827806462335174,0.9728050025078799
15,38,2.4870941840919194,3.0908579040429445e-05,0.0020480541473681963,1.51999099675852e-06,3.087118212294838e-05,0.0007746767318617335,-0.0018958907541480584,0.9669383830741795
15,39,2.5525440310417067,1.1574112398051627e-05,0.0029085302274172702,-1.0931188868998933e-05,3.8038385498081006e-06,0.0017831259546342306,-0.0022978272158083865,0.9258634612745106
15,40,2.6179938779914944,4.563897286834705e-05,0.0017860599893272605,3.8127646227545682e-06,4.5479431289421267e-05,-0.001420499085237537,0.0010826784537964235,0.9674740925722949
15,41,2.6834437249412812,9.155340155963555e-06,0.0018750385110770482,2.834646326003203e-06,8.705459986575972e-06,-0.001579172049128242,-0.0010109327659513976,0.9541492532180257
15,42,2.748893571891069,2.9371521457236346e-05,0.0006243218782508627,-2.6547855347973346e-05,-1.2565733131655231e-05,-0.00040540542179454304,0.00047478863891448964,0.9901618131505123
15,43,2.8143434188408563,5.1180262128712434e-05,0.0027120877372774693,-4.5339071576126896e-05,2.3744216562745518e-05,0.0026757169213731794,-0.00044267239734148607,0.9407835074820637
15,44,2.8797932657906435,1.2682529771015024e-05,0.003478723665339994,-1.171712967590584e-05,-4.853394023844456e-06,-0.00232326937517096,-0.002589196352189084,0.9286705757364656
15,45,2.9452431127404313,1.4832920813147902e-05,0.0043213936419304435,6.889494099344764e-06,-1.3135844506700355e-05,0.004177171935970429,0.0011071032588959,0.9102176055743639
15,46,3.010692959690218,5.430714760327161e-05,0.006042103035137549,-2.856425926383257e-05,-4.618819517487217e-05,0.002205791544296532,0.005625077132833674,0.9697855931349082
15,47,3.076142806640006,2.9296239445507298e-05,0.006430618529639829,4.260741347961967e-07,2.929314094596473e-05,0.005594088460027189,-0.0031715972277604485,0.9856951233446779
15,48,3.141592653589793,4.166666666666671e-05,0.0020416666666666665,4.166666666666671e-05,0.0,0.0020416666666666665,0.0,0.9184166666666668
16,0,0.0,3.125000000000001e-05,0.00022916666666666685,-3.125000000000001e-05,0.0,0.00022916666666666685,0.0,9.64402999885427e-33
16,1,0.06544984694978735,2.91845894789146e-05,0.007507034436446118,-2.917798418357181e-05,6.208881026449077e-07,0.0018934314138083048,0.007264329529364136,1.5117564082196473
16,2,0.1308996938995747,1.3625651922946428e-06,0.0015563427375146113,-1.0244307518523662e-06,8.984016573404864e-07,0.0013459819874865144,-0.0007813675229853918,1.1860039619882015
16,3,0.19634954084936207,3.426229441080485e-05,0.003795788904909636,1.644674092126428e-05,-3.0056771805393208e-05,-0.003747760896598694,-0.0006019150044323917,1.047498078948467
16,4,0.2617993877991494,2.993935743950892e-05,0.005851234591103524,-2.6960317198179167e-06,-2.9817721858928354e-05,0.0021204932329272922,-0.005453480969916003,1.0143360354644957
16,5,0.3272492347489368,1.3605287466546306e-05,0.0038393609247546964,1.3486745146241938e-05,-1.7920804690865572e-06,-0.0020511716632181853,-0.0032455180046556485,1.0101130341348423
16,6,0.39269908169872414,3.0716837445486934e-05,0.0022533467833009135,2.6613185898011683e-05,-1.5338267144965906e-05,-0.002251230036184178,9.76475805883487e-05,0.9905496614710868
16,7,0.4581489286485115,8.017314290362696e-06,0.0060944937963183935,-6.518522388470858e-06,-4.667568349950334e-06,0.006063134267744616,0.0006174605126357008,0.994017112862915
16,8,0.5235987755982988,3.648503366409837e-05,0.0020822063328208226,1.3955687105787603e-06,3.645833333333334e-05,0.001264850269189626,-0.0016540063509461107,0.9266948791493487
16,9,0.5890486225480862,3.4353218062376554e-05,0.0010592426387027267,2.6946028719962253e-05,2.1308569343439378e-05,0.0006447865325004982,0.0008403840164781214,0.9057674332855833
16,10,0.6544984694978736,6.696655527149191e-06,0.003628807987121571,6.006047801734326e-06,-2.9618550019506497e-06,-0.003334031693760844,0.0014326479233906383,0.9924258174357856
16,11,0.7199483164476609,9.037221764402642e-06,0.0034076261598276684,-9.034031449020354e-06,-2.4011038524812e-07,-0.0024341034551715168,-0.0023847550009726253,0.9941359696781494
16,12,0.7853981633974483,1.535026831466564e-05,0.003677083907929195,-1.4731391274719744e-05,-4.314724608053084e-06,0.0023201569243363985,-0.0028526860872528023,0.9921512656496159
16,13,0.8508480103472357,1.964889954768376e-05,0.0023873484434354876,-1.861983862196564e-05,6.275417366751295e-06,-0.002285254405214908,-0.000690684366277174,0.9750550691650092
16,14,0.916297857297023,9.214347712895852e-06,0.00214972853329936,2.961855001950659e-06,8.725343472985399e-06,0.0017091879856404133,0.0013038440077800272,0.9211605360314262
16,15,0.9817477042468102,7.83480362929524e-06,0.0015657642998247896,1.9506347242491515e-06,-7.588094100772032e-06,0.0010547401333588272,0.0011572126397892556,0.9921154007774171
16,16,1.0471975511965976,1.041666666666666e-05,0.0020619738386097705,-5.208333333333323e-06,9.021097956087901e-06,-0.00014583333333333245,-0.002056810333988042,0.9697083333333333
16,17,1.1126473981463851,2.095790061040604e-05,0.0023241532405195637,1.995420091003283e-05,6.408078029932435e-06,0.0011808906878283266,0.0020017955611944817,0.9407956828867624
16,18,1.1780972450961724,2.6620104469442157e-05,0.003884068006661781,6.068758702461695e-07,-2.661318589801167e-05,0.0033648105268550815,-0.0019401119552074433,0.9785734871870413
16,19,1.2435470920459597,3.6419752788188174e-05,0.0023033269410515753,-3.6315358798779005e-05,-2.7555595563668413e-06,-0.0011228927429669789,0.0020110760515619744,0.9431118408128544
16,20,1.3089969389957472,2.39574485240608e-05,0.0031318506610693644,-1.0061727357177801e-05,2.174214760259075e-05,0.0013732885496644132,-0.0028147055125894126,0.9213209801382978
16,21,1.3744467859455345,9.78364800293653e-06,0.0019292775800864386,8.05066746247235e-06,-5.559363421656564e-06,0.0017454322206443941,0.0008219357299452091,0.9954549036116104
16,22,1.4398966328953218,1.3736371147918102e-05,0.005893737494610645,-8.984016573405057e-07,-1.3706960522867377e-05,0.0015347215503525476,-0.005690410478890151,0.9656818323490262
16,23,1.505346479845109,1.7132671605483305e-05,0.0061469422290314464,1.076447500893928e-05,-1.332871014476853e-05,-0.004184645065714779,-0.004502626393677255,1.0257477937534876
16,24,1.5707963267948966,2.3292374765622818e-05,0.002756384633899993,1.0416666666666666e-05,-2.0833333333333343e-05,0.00018749999999999995,-0.00275,0.9180416666666668
16,25,1.636246173744684,1.003243583888241e-05,0.0017036300751330491,8.483015251712524e-06,-5.356138637162493e-06,-0.0007324417905225294,0.0015381431846203362,0.9232410785634183
16,26,1.7016960206944713,1.5663329322478703e-05,0.00173534794345427,1.5629792932060244e-05,1.0244307518523618e-06,0.0017318977598000881,-0.00010937382890984584,0.9915830968637506
16,27,1.7671458676442586,1.3688349620702577e-05,0.002629880571249106,-7.80959548663122e-08,1.3688126838995243e-05,-0.0005414111595006644,0.0025735473136124136,0.9880403664955897
16,28,1.832595714594046,4.3748256357658594e-05,0.006147513116224311,1.00617273571778e-05,4.2575480935924086e-05,-0.004712096766670419,-0.003948171928333938,0.9623387600747164
16,29,1.8980455615438334,3.2791727154689684e-05,0.003640715643011074,2.8342787291172966e-05,1.6491930704284964e-05,0.0019476018972306585,0.0030759806961632706,0.9924691762574406
16,30,1.9634954084936205,1.9402048409393005e-05,0.002486979028046348,-1.533826714496591e-05,-1.1881794623291929e-05,-0.002072127751120102,-0.0013752640724531075,0.9989385317850233
16,31,2.028945255443408,4.1756145317345076e-05,0.0028835722705477028,-3.9201691170684637e-05,1.4380649537538475e-05,0.002743434181186796,0.0008880078451047425,0.9596685665952799
16,32,2.0943951023931953,1.8042195912175813e-05,0.0021339680045503132,-1.5625000000000007e-05,9.021097956087903e-06,-0.0017708333333333337,0.001190784930203603,0.9455416666666667
16,33,2.159844949342983,2.6296289035741186e-05,0.0009685380913137115,-2.1198124984900958e-05,-1.5560665608378066e-05,0.0008035112304947871,-0.0005407732767013921,0.9728263661905258
16,34,2.2252947962927703,1.868484878193101e-05,0.0028015101203105104,-1.7693246276670398e-05,-6.00604780173434e-06,0.001186320533168674,0.0025379327309415834,0.938881723915827
16,35,2.2907446432425576,1.6782102733840948e-05,0.005132860636137302,1.0647267114359606e-05,-1.297207289390051e-05,0.005023240805596661,0.0010551351188338063,1.0259476318546528
16,36,2.356194490192345,2.9145131790956403e-05,0.003263177097152634,1.4731391274719744e-05,-2.5148057941386417e-05,-0.0008618235910030653,0.003147313912747197,1.0184320676837169
16,37,2.421644337142132,2.5864862710991002e-05,0.0016061221989206883,1.7006602956626393e-05,-1.9487600645899925e-05,0.0015482674926383974,-0.0004271958439697611,0.9157136688796865
16,38,2.4870941840919194,1.972771103114803e-05,0.0008525626309465906,8.725343472985414e-06,-1.7693246276670388e-05,-0.0007638270942378688,-0.0003787231307891114,0.9762638049042218
16,39,2.5525440310417067,1.5398582164823934e-05,0.002297133730825875,-7.698538459310448e-06,1.3335997835833345e-05,0.0022598228480251127,-0.0004123397541368908,0.9791598114110345
16,40,2.6179938779914944,4.13163014193436e-05,0.0012259520603300662,1.943776462275457e-05,3.645833333333334e-05,0.00011014973081037386,-0.001220993649053891,0.9803884541839848
16,41,2.6834437249412812,2.597711403729951e-05,0.002364346279227048,2.5766012649122662e-05,3.3050031576557035e-06,0.0009499310203215357,-0.0021651245656371994,0.9907585652515477
16,42,2.748893571891069,1.1897282958389128e-05,0.003394285046153036,-1.1881794623291943e-05,-6.068758702461627e-07,-0.0032914527395508015,0.000829162130009351,0.9447716528901825
16,43,2.8143434188408563,1.830566693427199e-05,0.0025942070794101016,-5.5141736386359015e-06,1.7455409791565246e-05,-0.0019314418920868047,0.0017318898892116762,0.9413301968327535
16,44,2.8797932657906435,9.380182525575282e-06,0.0035253755377949495,2.696031719817919e-06,-8.984388525595022e-06,-0.0014900183492546214,-0.0031950145541714773,1.0006708909891553
16,45,2.9452431127404313,2.670474465356798e-05,0.0019007938431346316,-2.441931242887032e-05,-1.0809281544741403e-05,-0.0018857875755909277,-0.00023837460822288478,1.00413763927977
16,46,3.010692959690218,2.0788727567470896e-05,0.004763873176487213,-1.3706960522867374e-05,1.5629792932060224e-05,-0.004660251028449525,-0.0009882044289971142,1.011665893178426
16,47,3.076142806640006,1.3132488630345945e-05,0.0020077892356917828,9.930493922920008e-06,8.593459610250944e-06,-0.0014413140847929265,-0.0013977951652289118,0.9341382042515537
16,48,3.141592653589793,1.0416666666666675e-05,0.0030208333333333337,1.0416666666666675e-05,0.0,-0.0030208333333333337,0.0,0.8984583333333332
17,0,0.0,4.166666666666667e-05,0.0014375,-4.166666666666667e-05,0.0,0.0014375,0.0,8.895742017795017e-33
17,1,0.06544984694978735,2.1186435580248696e-05,0.002564200159179324,-1.8560385443735396e-05,1.0216513337533656e-05,0.00241936085700823,0.0008495972574765478,1.5643721842706482
17,2,0.1308996938995747,1.8788951338350237e-05,0.0026605958859453917,9.623745130325916e-06,-1.613716896055257e-05,0.0025711946450695288,-0.0006839068397635194,1.1657178167478848
17,3,0.19634954084936207,3.757555845305464e-05,0.0006982556445490612,1.8009041734845096e-06,-3.7532377185795895e-05,-0.0006756811583555184,-0.0001761133651599725,1.0060870749652142
17,4,0.2617993877991494,1.92474902606518e-05,0.0017162810900594066,-7.365695637359872e-06,-1.7782362304026526e-05,0.0010987981786349564,0.0013184321532502185,1.0055499228563434
17,5,0.3272492347489368,1.331715552787469e-05,0.006291320082574475,1.1993959483802882e-05,5.7871899272875396e-06,0.004461094419776137,0.004436140773154872,1.0299582927692537
17,6,0.39269908169872414,2.6180930410128624e-05,0.0006621922084947973,2.6083372665882637e-05,2.258049492966039e-06,0.0004994564049547052,-0.0004347893979168979,0.9458060711023774
17,7,0.4581489286485115,1.3094462737363342e-05,0.0006065290686477545,1.2935809008784708e-05,-2.0321908543346626e-06,0.0005993361386499712,-9.313272262129508e-05,0.9517159721611453
17,8,0.5235987755982988,7.6255292455091525e-06,0.00492403345657735,-1.4827380355497603e-20,7.6255292455091525e-06,0.004102617205045917,0.002722983207872263,1.0234788444931586
17,9,0.5890486225480862,9.94434915441003e-06,0.0028966186872327747,-5.927682072077569e-07,9.92666640707439e-06,-0.001723247500046729,0.002328264991964794,0.920613358662352
17,10,0.6544984694978736,5.813570679220671e-06,0.0006615219943980405,-3.986285753803031e-06,4.231681690690039e-06,-0.00021941988933661728,-0.0006240723205173161,1.0155384913076826
17,11,0.7199483164476609,7.047207142520971e-06,0.004511347246072615,-4.02138797619685e-06,5.787189927287507e-06,0.0031694047919252344,0.0032104714980152574,0.9540248515788106
17,12,0.7853981633974483,7.972571507606035e-06,0.002120428702841222,7.365695637359872e-06,3.0509710293067876e-06,-0.0020340841451941894,-0.0005989320279485241,0.9913376082126856
17,13,0.8508480103472357,1.1070731175059877e-05,0.0009286681492600407,6.895339843727506e-06,-8.661141794818197e-06,0.0002709579967180804,0.0008882602633601224,1.020493949978617
17,14,0.916297857297023,9.725876887739063e-06,0.004778506430707718,-9.62374513032589e-06,-1.4057776858328498e-06,0.004560809024671068,-0.0014258838482828656,0.9771706374852785
17,15,0.9817477042468102,2.3438830122806332e-05,0.0012174275361442567,-7.59155427599123e-06,2.2175370598942712e-05,-0.0007183543586932923,-0.0009829022439228755,1.003752693727782
17,16,1.0471975511965976,2.0833333333333353e-05,0.001167596355766838,1.0416666666666685e-05,1.8042195912175816e-05,-0.0011562500000000002,-0.00016237976320958243,0.927
17,17,1.1126473981463851,1.0239592658178962e-05,0.006153764741112881,-6.871048169163897e-07,-1.0216513337533643e-05,-0.006036490173627876,0.0011956616882120856,0.9610886772879911
17,18,1.1780972450961724,3.369092855603432e-05,0.0028311649738949536,-3.1720832042405516e-05,-1.1351981391162882e-05,-0.0026364448361561287,0.0010318205926009125,0.9696696350791353
17,19,1.2435470920459597,2.78246319186439e-05,0.003154324513379744,-2.644229120590858e-05,8.661141794818197e-06,-0.0024417016313415577,0.0019969617620806705,0.9592894633710908
17,20,1.3089969389957472,7.972571507606032e-06,0.0027745618335414924,7.3656956373598685e-06,-3.0509710293067855e-06,-0.0017320039476640841,0.0021675690746597114,0.9774638944402582
17,21,1.3744467859455345,3.6893954371135e-05,0.0010277596374489678,1.2647427548621194e-05,-3.465842531826524e-05,0.0008290443003108637,-0.0006074334700123991,0.9932860578114416
17,22,1.4398966328953218,3.0013103350210086e-05,0.0018056100506265171,-3.986285753803036e-06,-2.9747199844681495e-05,-0.0017044445842197462,0.0005958995840302881,0.9092199379216122
17,23,1.505346479845109,6.630770686248459e-06,0.002044710828322281,6.311681251867078e-06,2.032190854334676e-06,0.0014997830842691563,0.0013897816632832962,0.9455041271130229
17,24,1.5707963267948966,3.294039229342062e-05,0.0013328449626436097,3.125000000000001e-05,1.0416666666666666e-05,-0.0012083333333333336,0.0005625000000000001,0.9285416666666667
17,25,1.636246173744684,2.6821804595617125e-05,0.001452031328642648,2.674470792693438e-05,2.0321908543346626e-06,0.0011437052983418819,0.0008946134192512657,0.9290155264797885
17,26,1.7016960206944713,1.1230956124032259e-05,0.0028365889942086283,3.9862857538030064e-06,1.049970958402969e-05,0.002395425735293286,-0.0015192671485818872,0.9725592260691042
17,27,1.7671458676442586,2.355265237662059e-05,0.005906342495328463,-4.674856041015163e-06,2.308404546369019e-05,0.000323069263632435,0.00589750014184136,0.975065577063352
17,28,1.832595714594046,1.92474902606518e-05,0.0010641201915953552,-7.3656956373598685e-06,1.778236230402653e-05,-0.0010312431643199713,0.00026246774697906775,0.9536829054136017
17,29,1.8980455615438334,1.7206689546250862e-05,0.002154046303200259,-1.486791135133354e-05,8.661141794818162e-06,-0.0010289081792736953,-0.001892422636451591,0.9801128025663114
17,30,1.9634954084936205,1.2923028529161599e-05,0.002634669551918969,-1.2473341781753714e-05,3.379409883556846e-06,0.00259773932831719,-0.0004395839281901194,0.9809894257252462
17,31,2.028945255443408,1.126737631300321e-05,0.0002834110804278175,-4.751486525585727e-06,-1.0216513337533656e-05,-0.0002260391497825286,0.00017096240310329768,0.9472306880232507
17,32,2.0943951023931953,2.0833333333333336e-05,0.0014063657359781392,-1.0416666666666648e-05,-1.804219591217582e-05,0.0007187500000000004,-0.0012088271261157786,0.9401666666666667
17,33,2.159844949342983,1.17854404256935e-05,0.002004217936529041,-1.1655935984660562e-05,-1.7423439238754064e-06,0.0005454693201001012,0.00192856235521029,1.0428574164040267
17,34,2.2252947962927703,1.3437630145511058e-05,0.0020644661503177136,9.623745130325918e-06,9.378349193438881e-06,0.0009977846099080384,0.0018073312806561794,0.9854830233358731
17,35,2.2907446432425576,2.0399654970705048e-05,0.001496743406556187,1.846971969830255e-05,-8.661141794818163e-06,0.0005120105178533661,0.0014064444726603845,0.9804399908555829
17,36,2.356194490192345,1.9247490260651802e-05,0.00233952990400265,-7.365695637359872e-06,-1.778236230402653e-05,-0.002299249188139144,-0.0004322653612818576,0.9722457251206481
17,37,2.421644337142132,2.211433659788725e-05,0.003089494269825821,-2.134367156583321e-05,5.787189927287541e-06,-0.0026077155295862763,-0.0016567421525515516,0.991795434134739
17,38,2.4870941840919194,1.5535925499329293e-05,0.003518006926455392,3.986285753803004e-06,1.5015808569961772e-05,-0.002862891219478034,0.002044560246122303,0.9195591365652005
17,39,2.5525440310417067,2.4277258565343176e-05,0.003888356048244719,1.984025846785955e-05,-1.3991048115743727e-05,0.0029735435543177986,0.002505464325927703,0.9571956509767966
17,40,2.6179938779914944,2.8458862578842484e-05,0.002066491609966626,-2.1312692060685876e-20,-2.8458862578842484e-05,0.001793216128287416,0.001027016792127737,1.0113544888401744
17,41,2.6834437249412812,7.767758518650107e-06,0.004440855953148761,-7.497217666282592e-06,-2.032190854334676e-06,0.0028193858365447317,-0.003431073461951486,0.9746454771135812
17,42,2.748893571891069,2.4832281735542064e-05,0.001131313371269204,1.8110801158276596e-05,1.6989440767685767e-05,-0.0011274175637824334,9.380608129207083e-05,0.9400348680932407
17,43,2.8143434188408563,2.9881995836882652e-05,0.004617474140651978,2.931624307343924e-05,5.787189927287504e-06,-0.0010481714849132943,-0.0044969327299621,1.0082899047413874
17,44,2.8797932657906435,7.972571507606035e-06,0.0017444995024484449,7.365695637359872e-06,3.050971029306789e-06,0.0016227822666824323,0.0006402001475975299,0.9619699439564621
17,45,2.9452431127404313,2.2449247427350365e-05,0.0020775003760700205,-9.773475681090542e-06,2.0210093596159538e-05,0.0017794899120676746,-0.0010721116851431366,0.9528088370556995
17,46,3.010692959690218,2.5959508003339285e-05,0.00350789551175099,-9.623745130325887e-06,2.4109740468158613e-05,0.0026782083447591414,0.00226550898992373,0.8987517305673646
17,47,3.076142806640006,1.773446557026887e-05,0.001660978002844342,-1.449600373506606e-05,1.0216513337533643e-05,0.0016606538741051025,3.2812137274085664e-05,1.0213559908881154
17,48,3.141592653589793,2.0833333333333343e-05,0.0023124999999999995,-2.0833333333333343e-05,0.0,0.0023124999999999995,0.0,1.053875
18,0,0.0,3.124999999999996e-05,0.0018124999999999999,-3.124999999999996e-05,0.0,0.0018124999999999999,0.0,7.543482406175925e-33
18,1,0.06544984694978735,1.041666666666668e-05,0.002717657773374158,1.5074671103837685e-20,1.041666666666668e-05,0.002695974357332045,-0.00034261645872470234,1.5312868415833396
18,2,0.1308996938995747,2.662010446944213e-05,0.00342173517898713,1.8389238174272683e-05,-1.9247490260651778e-05,-0.00036548423063601984,-0.003402160036252628,1.165306831096805
18,3,0.19634954084936207,1.0416666666666653e-05,0.0019241428592803346,-2.6584238293874677e-20,-1.0416666666666653e-05,0.00032518194064771496,0.0018964657783350817,0.9958501212258227
18,4,0.2617993877991494,1.5350268314665608e-05,0.004693397589692493,4.314724608053061e-06,1.4731391274719718e-05,0.004565398333003899,-0.0010886317081256298,0.9302609674849164
18,5,0.3272492347489368,1.041666666666663e-05,0.0007473104644614357,5.2097414004138374e-21,1.041666666666663e-05,-0.000665637494832577,0.0003397052483647813,1.0286369370846618
18,6,0.39269908169872414,1.1897282958389102e-05,0.0007163602819009868,-8.830823593985124e-06,7.972571507606026e-06,-0.0006539771304351862,-0.0002923798323294899,0.9593357093356906
18,7,0.4581489286485115,1.0416666666666641e-05,0.0019592906687796847,2.2644618783936093e-20,-1.0416666666666641e-05,0.001954825589403397,-0.00013219999917097564,1.0042748956081904
18,8,0.5235987755982988,2.3292374765622774e-05,0.0007243434459182269,-1.0416666666666654e-05,-2.0833333333333302e-05,0.00017713702891815455,-0.0007023502691896261,1.0041558165801516
18,9,0.5890486225480862,1.0416666666666673e-05,0.00409448591858618,-2.2537029000352488e-20,1.0416666666666673e-05,0.004091970958169789,-0.00014348733392023047,0.977269147508339
18,10,0.6544984694978736,3.0716837445486894e-05,0.0052755738212168,2.9664156927318436e-05,7.972571507606026e-06,0.005235684082546668,-0.0006475270889124859,0.9980462408214499
18,11,0.7199483164476609,1.0416666666666685e-05,0.0009135226012413723,-5.448324204799623e-21,-1.0416666666666685e-05,-0.0008138524845621252,-0.00041493092961462745,0.9210823505336947
18,12,0.7853981633974483,2.9145131790956355e-05,0.0008504536095997542,-2.514805794138638e-05,1.4731391274719718e-05,0.0008129336516702354,-0.0002498203755968427,0.9862643849079803
18,13,0.8508480103472357,1.0416666666666661e-05,0.0030587346946511582,2.6767128528160676e-20,1.0416666666666661e-05,-0.002291150069251651,-0.0020264474561238616,0.9488449034886318
18,14,0.916297857297023,1.940204840939298e-05,0.004793324678397946,2.444095159060633e-06,-1.9247490260651778e-05,-0.002056157860900856,-0.004329916433788808,1.0353594846158476
18,15,0.9817477042468102,1.0416666666666634e-05,0.0030730052223757577,-1.505876134020327e-20,-1.0416666666666634e-05,0.0030621637901776006,0.000257903119162667,0.9632490208170531
18,16,1.0471975511965976,1.0416666666666644e-05,0.0028479250487562576,1.0416666666666644e-05,-3.2602975918362393e-21,0.0006249999999999997,0.002778498170475074,0.9632916666666667
18,17,1.1126473981463851,1.0416666666666634e-05,0.0021751383534753944,-1.527693183901425e-20,1.0416666666666634e-05,0.0013654417190876581,0.0016931614714889396,0.9252736199853383
18,18,1.1780972450961724,1.9402048409392985e-05,0.004449673983920314,2.444095159060632e-06,1.924749026065178e-05,-0.0021806431260247084,-0.0038787103681634265,0.9642106915353992
18,19,1.2435470920459597,1.0416666666666661e-05,0.002682323776702353,2.6814585598597127e-20,-1.0416666666666661e-05,0.0022086108101080594,-0.001522136371202198,1.0132409959435609
18,20,1.3089969389957472,2.9145131790956352e-05,0.0036890312282472286,-2.5148057941386376e-05,-1.4731391274719718e-05,-0.0024782810259165165,-0.002732594839994659,0.9524047435343128
18,21,1.3744467859455345,1.0416666666666685e-05,0.0013262932705568064,-5.287933774019572e-21,1.0416666666666685e-05,-0.0012319448326375028,-0.0004912899030735573,0.9674673590524129
18,22,1.4398966328953218,3.0716837445486894e-05,0.004648153386466212,2.9664156927318436e-05,-7.972571507606026e-06,-0.004612015930980222,0.000578479866980642,0.9703580990590331
18,23,1.505346479845109,1.0416666666666673e-05,0.0016424804072048378,-2.2779765086470928e-20,-1.0416666666666673e-05,0.0009482017750784864,0.0013411395459793799,0.9536479632371305
18,24,1.5707963267948966,2.329237476562278e-05,0.0012135304899342251,-1.0416666666666658e-05,2.0833333333333306e-05,0.001,-0.0006875000000000002,1.009625
18,25,1.636246173744684,1.0416666666666641e-05,0.002731590917240141,2.2779765086470928e-20,1.0416666666666641e-05,0.002588037484918936,0.000873871223810066,1.0042135577177922
18,26,1.7016960206944713,1.1897282958389102e-05,0.0018345850220246132,-8.830823593985122e-06,-7.972571507606026e-06,0.001036789318287117,0.0015135290259928238,0.9761561732612893
18,27,1.7671458676442586,1.041666666666663e-05,0.0032139251306325524,5.287933774019572e-21,-1.041666666666663e-05,-0.0032137281679257288,-3.5581006059521866e-05,0.986995568484764
18,28,1.832595714594046,1.5350268314665608e-05,0.0022664048327502304,4.314724608053061e-06,-1.4731391274719718e-05,-0.0014575084257082698,-0.0017355863720665131,0.9919887349036275
18,29,1.8980455615438334,1.0416666666666653e-05,0.0029495484213330845,-2.6814585598597127e-20,1.0416666666666653e-05,0.0025641228948461788,-0.0014577755896962136,0.9411937178018843
18,30,1.9634954084936205,2.662010446944213e-05,0.0016878393465579998,1.8389238174272683e-05,1.924749026065178e-05,0.0009499958799441778,-0.0013951019632551676,1.0155361879247506
18,31,2.028945255443408,1.041666666666668e-05,0.0029422378248426763,1.527693183901425e-20,-1.041666666666668e-05,0.00093674419778826,0.0027891349422078868,0.9705695107975344
18,32,2.0943951023931953,3.124999999999996e-05,0.0032502003143396146,-3.124999999999996e-05,-3.2602975918362393e-21,-0.0032499999999999994,3.6084391824351206e-05,0.9358749999999999
18,33,2.159844949342983,1.041666666666668e-05,0.002927157980421845,1.505876134020327e-20,1.041666666666668e-05,-0.0009851228618425883,0.0027564083132624534,0.9743903754533728
18,34,2.2252947962927703,2.662010446944213e-05,0.003048234857311874,1.8389238174272683e-05,-1.9247490260651778e-05,-0.002931944477414682,0.0008339288498958946,0.9327068146735934
18,35,2.2907446432425576,1.0416666666666653e-05,0.005250509359078689,-2.6767128528160676e-20,-1.0416666666666653e-05,0.0035318595026928514,-0.0038850761875426736,1.0022397897166127
18,36,2.356194490192345,1.5350268314665608e-05,0.001007692381481832,4.314724608053066e-06,1.4731391274719718e-05,0.0003120663483297644,-0.0009581537089301758,0.9668189484253525
18,37,2.421644337142132,1.041666666666663e-05,0.0047778444912531205,5.448324204799623e-21,1.041666666666663e-05,-0.001151968268588121,-0.00463689196453442,0.9677918302787263
18,38,2.4870941840919194,1.1897282958389102e-05,0.0023252241286088977,-8.830823593985122e-06,7.972571507606026e-06,-0.0021397293580594666,0.0009100689658061252,0.964495385246714
18,39,2.5525440310417067,1.0416666666666641e-05,0.0029809121920350125,2.2537029000352488e-20,-1.0416666666666641e-05,-0.002942403545670942,-0.00047759697554114813,0.973266744859254
18,40,2.6179938779914944,2.3292374765622777e-05,0.0022439301249568004,-1.041666666666666e-05,-2.0833333333333302e-05,0.0021978629710818452,0.00045235026918962536,0.9598441834198481
18,41,2.6834437249412812,1.0416666666666673e-05,0.002700730256503136,-2.2644618783936093e-20,1.0416666666666673e-05,0.0016871687241902446,0.0021088872929831406,0.9042968326269755
18,42,2.748893571891069,3.07168374454869e-05,0.0019130102663351494,2.966415692731844e-05,7.972571507606026e-06,-0.0002820422901509495,-0.0018921047607545643,0.9447507445374951
18,43,2.8143434188408563,1.0416666666666685e-05,0.0031581793980596457,-5.2097414004138374e-21,-1.0416666666666685e-05,0.0018948759821154106,-0.002526567260678121,0.9685225418514575
18,44,2.8797932657906435,2.9145131790956352e-05,0.000681413250820712,-2.5148057941386376e-05,1.4731391274719718e-05,-0.00012960888137911387,-0.0006689735093871098,0.9815122207438097
18,45,2.9452431127404313,1.0416666666666661e-05,0.0005288451454955118,2.6584238293874677e-20,1.0416666666666661e-05,0.0003938827190816575,0.00035289317296174644,0.9958449959323153
18,46,3.010692959690218,1.940204840939298e-05,0.0008712617820890755,2.4440951590606306e-06,-1.9247490260651778e-05,0.00074952512382413,-0.00044419498160768795,0.9602376378919325
18,47,3.076142806640006,1.0416666666666634e-05,0.004329018475950889,-1.5074671103837685e-20,-1.0416666666666634e-05,-0.003953254720327053,-0.0017641366390776063,0.991550378411134
18,48,3.141592653589793,1.0416666666666648e-05,0.0019375000000000004,1.0416666666666648e-05,0.0,0.0019375000000000004,0.0,1.0100416666666667
19,0,0.0,6.250000000000001e-05,0.0033750000000000004,-6.250000000000001e-05,0.0,0.0033750000000000004,0.0,7.340104204048634e-33
19,1,0.06544984694978735,4.29290557146826e-05,0.0028919666241835652,2.840326645588682e-05,3.21894125325427e-05,0.002836523349531367,-0.0005635656509715989,1.6198429144902047
19,2,0.1308996938995747,4.833861978612031e-05,0.00556412219796707,2.84312433057348e-05,-3.9093305909288515e-05,-0.0024265536387870564,-0.0050071242517036865,1.1928110004326853
19,3,0.19634954084936207,4.582101415371989e-05,0.0007875777164579495,-4.188557250817531e-05,1.8578593965577342e-05,0.0006310646135488093,0.00047120708079103637,0.9828781677311732
19,4,0.2617993877991494,2.1885447808494375e-05,0.00285055444309183,1.7782362304026553e-05,1.275775907699572e-05,0.00195091622829829,-0.00207836149483023,0.9731738248433864
19,5,0.3272492347489368,3.568879274734579e-05,0.005892477821518078,-1.610733826016569e-06,-3.5652425784295906e-05,-1.7500070668090745e-05,-0.005892451834729669,1.0175098925039807
19,6,0.39269908169872414,3.4999553753854005e-05,0.001777524430047853,-3.986285753803022e-06,3.477180307171233e-05,-0.001489867933052434,0.0009694775095271746,0.9917957489465422
19,7,0.4581489286485115,2.4253335437568418e-05,0.006132063568174478,2.3346972435914307e-05,-6.56834514347942e-06,-0.0034924832801035218,0.005040313893234235,0.9607508546326967
19,8,0.5235987755982988,4.8178975014002504e-05,0.0025170495004857483,-3.887552924550915e-05,-2.8458862578842478e-05,-0.0024838936673213753,0.0004071982776686595,1.0112640409802478
19,9,0.5890486225480862,3.9582543293462114e-05,0.004451205676796059,1.2161394000686775e-05,3.766800007352212e-05,0.003944525771010989,0.0020625102227556646,0.9290527184397127
19,10,0.6544984694978736,3.943220108756761e-05,0.002866109626242442,3.6986866387529496e-05,-1.3670047455711666e-05,0.00201797597523995,0.002035278200392753,0.9493433479066384
19,11,0.7199483164476609,4.7667975480988516e-05,0.003200302757395746,-4.525208378339994e-05,-1.4982816815147766e-05,-0.0027288614843785997,0.0016719009354832725,0.955010943621826
19,12,0.7853981633974483,2.2306718140992182e-05,0.0012458583027149808,3.050971029306808e-06,2.2097086912079617e-05,0.0012409368991136583,-0.00011062785753159492,0.9378796957655081
19,13,0.8508480103472357,3.299861130981289e-05,0.0012190437937867947,2.995541289157134e-05,-1.3841300042683585e-05,-0.001019431033423052,-0.0006684520470939629,0.9594805078319522
19,14,0.916297857297023,1.9680887112175203e-05,0.0008108955423379084,-1.8666877239991606e-05,6.235784764507787e-06,-0.00034687399797595056,-0.0007329597602267609,0.9718935401889671
19,15,0.9817477042468102,4.0456165074474576e-06,0.0036833896387549704,-2.5035821237350523e-06,3.1779064610283368e-06,0.0014897553823221498,-0.003368677504857011,0.9730235062212209
19,16,1.0471975511965976,1.804219591217581e-05,0.006221009151344428,-1.3622749379570935e-20,-1.804219591217581e-05,-0.005739583333333334,-0.002399612056319381,0.9925
19,17,1.1126473981463851,2.15911742426996e-05,0.004793447398374365,5.509148992853095e-06,2.0876495935696692e-05,-0.002635660870633126,0.004003801910184294,1.0145163499672545
19,18,1.1780972450961724,9.629347974523134e-06,0.0018898931224446667,9.623745130325911e-06,3.284388542500442e-07,0.0008772126960871485,0.001673975477743676,0.95333283175941
19,19,1.2435470920459597,3.0088032100121156e-05,0.001671944266676668,-2.1337079256247726e-05,-2.1213644771008213e-05,-0.0011361802187214742,-0.0012265774094850287,0.9457312500198792
19,20,1.3089969389957472,1.3117501320310065e-05,0.0038576029050848477,3.0509710293068092e-06,1.2757759076995726e-05,-0.0022566772317988344,0.0031286591448733765,1.0086933731242458
19,21,1.3744467859455345,2.2479917877516858e-05,0.0029149578091958095,2.0215847657255553e-05,9.83189764381918e-06,0.0012400262343395313,0.0026380511684842953,0.9727482619159291
19,22,1.4398966328953218,1.563745843936903e-05,0.0014523541144883813,-1.2101916750354813e-05,-9.903217528181196e-06,0.0013700648912358458,0.00048192807313357495,0.9785706484937705
19,23,1.505346479845109,1.4667737900323576e-05,0.002848288697470568,-1.1559058001087446e-05,-9.029435931445826e-06,0.0025521629126058903,0.0012645999255328157,0.9887681003371442
19,24,1.5707963267948966,1.4731391274719727e-05,0.002786531346395451,1.0416666666666658e-05,1.0416666666666658e-05,-0.0025208333333333333,0.0011875000000000004,0.9550833333333334
19,25,1.636246173744684,1.4668628355854081e-05,0.0037001261088432974,1.088862383354111e-05,9.828862032494245e-06,0.003685130387472425,0.0003327870921042116,0.9508425000807025
19,26,1.7016960206944713,2.0882764089421022e-05,0.0023002063706761993,-1.3413601403636623e-05,-1.600515958679481e-05,0.0022861210069580777,0.0002541654761063302,0.9545010545756178
19,27,1.7671458676442586,8.171151014054276e-06,0.000985007821649539,-7.727177163717464e-06,-2.656772849718913e-06,-0.0008613188750438889,-0.00047788095191574585,0.9741226352779334
19,28,1.832595714594046,2.1885447808494372e-05,0.0029232526034159707,1.7782362304026542e-05,1.2757759076995726e-05,0.00224153356447746,-0.0018764149494979042,0.9977662334824462
19,29,1.8980455615438334,3.5786035437847156e-06,0.003835716881395605,-3.357546118235968e-06,1.2382598222938144e-06,-0.0033964995112473013,-0.0017822780547153885,0.985458050815482
19,30,1.9634954084936205,1.2709179492048801e-05,0.002089683562621586,-9.623745130325911e-06,-8.301010361856088e-06,-0.0010313162298302733,0.0018174609283226738,1.0264612519052239
19,31,2.028945255443408,1.0566424391649187e-05,0.0028474426218145165,5.095335592646342e-06,-9.25672078128914e-06,-0.0027353378803986667,0.0007911107157547899,0.9722986958064229
19,32,2.0943951023931953,1.8042195912175796e-05,0.004325162569198989,-4.447286828520803e-21,1.8042195912175796e-05,-0.0011562499999999993,-0.004167747255712611,0.9894166666666666
19,33,2.159844949342983,8.918365089094754e-06,0.001155157771099458,5.960054645409038e-06,6.634378982702318e-06,-0.00047005848335915856,-0.0010551940572015913,0.9388647506331917
19,34,2.2252947962927703,3.0117944729267496e-05,0.0020402498882874293,-6.848640913999838e-06,-2.9328939843545302e-05,0.0007764341990835479,0.001886735153949901,0.9705029559157108
19,35,2.2907446432425576,1.319459387552683e-05,0.0018336127489136872,-7.503508298269307e-06,1.0853325331800102e-05,0.000794259695009331,0.0016526606578068266,0.9379370827118222
19,36,2.356194490192345,2.8363597428952212e-05,0.003126653496880674,1.7782362304026542e-05,2.2097086912079617e-05,0.0018007297675530086,0.0025560388091350715,0.935286970901159
19,37,2.421644337142132,2.084445386863513e-05,0.0035566800690026183,-6.662603359341588e-06,-1.9750973990103582e-05,0.003487068327785606,-0.0007002339541860057,1.042417412833039
19,38,2.4870941840919194,1.3742927257199665e-05,0.0017054232539456481,-1.1471348233538064e-05,-7.568105397098051e-06,0.00038419399978021577,-0.0016615846188597926,0.9446537803694879
19,39,2.5525440310417067,1.810184284873119e-05,0.0015703600479494073,1.384491602707875e-05,1.1661690045756598e-05,0.0009433500771310283,-0.0012554367017785276,0.9302732143390805
19,40,2.6179938779914944,8.12029213624122e-06,0.0019621992001306425,-2.791137421157532e-06,7.625529245509132e-06,0.0016297270006547077,0.0010928017223313402,0.9516526256864188
19,41,2.6834437249412812,8.51751867794181e-06,0.0046126572553609945,-4.488674471974239e-06,-7.238779311025748e-06,-0.0019094342402657606,0.0041988888813036165,1.0428900287453642
19,42,2.748893571891069,1.6027936934198056e-05,0.0038395587340482673,3.986285753803022e-06,-1.5524312811060504e-05,0.0038106381334622255,-0.00047037037322716045,0.9427435007221568
19,43,2.8143434188408563,1.6565942976324058e-05,0.004743220775883265,-3.1574233489392456e-06,1.6262261358445622e-05,0.0047075002329320745,0.0005810205553292465,0.9249782848615093
19,44,2.8797932657906435,1.3117501320310056e-05,0.002956264547860831,3.050971029306798e-06,1.275775907699572e-05,0.00214756077235642,-0.0020316207337922844,0.9691999018832546
19,45,2.9452431127404313,2.3372951925182173e-05,0.0022582174593329075,-6.588053480229674e-08,-2.337285907740025e-05,-0.0015840113866161282,-0.0016094887451319512,1.0243700787750918
19,46,3.010692959690218,4.577372517060103e-06,0.0046359656147807815,-2.9157251517433597e-06,-3.528581301235427e-06,-0.0027280291022012976,0.0037483375513649424,0.9633903387837862
19,47,3.076142806640006,2.1654141460351784e-05,0.0053513929268769345,1.7299502610990193e-06,2.1584927947043267e-05,-0.002324589648830434,0.004820133734906002,0.950233797407388
19,48,3.141592653589793,0.0,0.004083333333333333,0.0,0.0,-0.004083333333333333,0.0,0.94625
20,0,0.0,4.16666666666667e-05,0.0017291666666666664,-4.16666666666667e-05,0.0,-0.0017291666666666664,0.0,5.929809903438673e-33
20,1,0.06544984694978735,1.3974160314682594e-05,0.0009060980716082417,1.3948724536543796e-05,8.427575594861172e-07,0.000899972896359506,0.00010517842549903506,1.5757313403751827
20,2,0.1308996938995747,3.162836055275479e-05,0.002826813186711058,3.151462654020953e-05,2.6798330705804006e-06,0.0007404261700404712,-0.0027281205763827095,1.1664429055410372
20,3,0.19634954084936207,3.43009264314694e-05,0.002158196376061381,-3.3809199736204614e-05,-5.787189927287532e-06,0.0020596195404796688,-0.0006448092323461226,1.0413638834491972
20,4,0.2617993877991494,7.972571507606042e-06,0.002186063671320404,-7.904365053151263e-06,1.0406294010898948e-06,-0.002185959707517488,-2.1319760244934392e-05,0.9554357152743046
20,5,0.3272492347489368,3.668665213561862e-05,0.00421385901344189,3.57261518314244e-05,8.339815359940585e-06,0.003679662520159206,0.0020534584297961962,1.0021029274938507
20,6,0.39269908169872414,1.7322283589636374e-05,0.0009651564406887797,-1.4402952420469697e-05,-9.623745130325911e-06,-0.0009480819960366503,-0.00018074148332409691,1.014720902311115
20,7,0.4581489286485115,2.2848442112703264e-05,0.0030193526263213597,-2.2746786042261624e-05,-2.152912382128854e-06,0.002755643175928052,-0.0012340668413967095,1.005169793457516
20,8,0.5235987755982988,2.8458862578842498e-05,0.0034353930432491743,2.4646097956087924e-05,1.4229431289421252e-05,0.0031557418195289643,-0.0013576519915209661,0.9573740411898112
20,9,0.5890486225480862,1.2027488543444965e-05,0.0007071173062476001,6.346915462387748e-06,-1.0216513337533661e-05,-0.0006171511004450996,-0.00034516576309689945,0.9897385944834997
20,10,0.6544984694978736,2.4395673391205382e-05,0.003403882542276801,-2.316141321815302e-05,-7.66145012046237e-06,-0.00339153540337066,0.00028966181885121175,0.9649073648693028
20,11,0.7199483164476609,1.888877464531331e-05,0.002659386541015078,4.4234437501454165e-06,1.8363522347053422e-05,0.0023526467642058725,-0.0012399153105772092,0.9600710795703079
20,12,0.7853981633974483,1.9247490260651826e-05,0.0012349669216635086,1.7782362304026553e-05,-7.365695637359875e-06,-0.0011081747532380231,-0.0005450614771646304,0.9796252976114562
20,13,0.8508480103472357,1.662760993354664e-05,0.0023821306125327507,-9.526154497268027e-06,-1.3628271812535845e-05,-0.0013900366696204106,0.0019345139731406068,0.9545591301761784
20,14,0.916297857297023,2.399637348337924e-05,0.0030658650830199486,-1.4193510414468023e-05,1.934864859539844e-05,0.002183732803317421,0.002151938602980195,0.9779594565943337
20,15,0.9817477042468102,1.4672650609201507e-05,0.0015406035266019834,1.4531237945586739e-05,-2.032190854334666e-06,-0.00014033446125882024,0.0015341986394080999,0.9497906572866509
20,16,1.0471975511965976,2.083333333333335e-05,0.003744961893442086,1.0416666666666673e-05,-1.804219591217582e-05,-0.00278125,0.002507865231792437,0.9365833333333334
20,17,1.1126473981463851,2.7541388304348805e-05,0.0009844026733896011,-2.1783306954981325e-05,1.6852762617327266e-05,0.0009645461058294038,-0.00019672171488152083,0.9511425235486507
20,18,1.1780972450961724,4.064381708669341e-06,0.0025697667952874785,-7.929215363407643e-07,3.986285753803021e-06,-0.001066221077353673,-0.0023381347258806216,0.9083338764692549
20,19,1.2435470920459597,3.245982130098318e-05,0.004764365181247763,2.6013070643836267e-05,-1.941546173982337e-05,0.0020597949344117027,0.004296093621938181,0.984428288208607
20,20,1.3089969389957472,1.9247490260651822e-05,0.001901662012924275,-1.527006069051114e-05,1.1717129675905833e-05,0.0012357365784694725,-0.0014454319492912028,0.9732460872873806
20,21,1.3744467859455345,2.1209870047911754e-05,0.0018033041476627567,-1.9360868014098896e-05,8.661141794818187e-06,-0.0015230173248241704,-0.0009655693021545005,0.9908935658743042
20,22,1.4398966328953218,3.427028238503947e-05,0.005713102825661962,2.9591794131016668e-05,-1.7285195250788283e-05,0.0037623801066516216,-0.004299306901078223,1.0191493561743488
20,23,1.505346479845109,5.720385885664769e-06,0.003916101164564452,7.365412573951668e-07,5.672770192513306e-06,0.0037353863701661194,0.0011758983785515834,0.9293814113368839
20,24,1.5707963267948966,3.294039229342065e-05,0.003065049958809807,-3.125000000000003e-05,1.0416666666666675e-05,-0.0008749999999999999,-0.0029375,0.9957083333333333
20,25,1.636246173744684,2.3912095566122907e-05,0.0014183259082320662,2.0464252288543222e-05,-1.236942571966251e-05,-0.001399298233411177,0.00023154445779304382,0.9384121184354431
20,26,1.7016960206944713,1.692620073134438e-05,0.0019149911372455693,1.6909264360001646e-05,7.570006613875365e-07,-0.000536135418879356,0.0018384096029862703,0.9704322006957655
20,27,1.7671458676442586,3.212483366316848e-05,0.001606569371659143,-3.093524786867395e-05,8.661141794818184e-06,0.0008932889197956519,-0.0013353276945093182,0.990011989930928
20,28,1.832595714594046,7.972571507606043e-06,0.0038587290995490404,4.853394023844466e-06,-6.325066236269983e-06,0.003691987246712181,-0.0011220607977383218,0.9616549773719107
20,29,1.8980455615438334,2.468872775275931e-05,0.0017206197018061846,2.465050545154162e-05,-1.3732658276475536e-06,0.001078112515347876,-0.0013409718723723775,1.002621452037258
20,30,1.9634954084936205,2.043302667506732e-05,0.0014394785180835627,-2.0040411796992588e-05,3.986285753803021e-06,-0.0014342869771804836,-0.00012214446821088958,0.9966806678197525
20,31,2.028945255443408,8.134367058713933e-06,0.0017305844014272236,-8.046935807063212e-06,-1.1894332948485553e-06,0.00044656928789917993,0.0016719743543393364,0.9868620256764102
20,32,2.0943951023931953,2.083333333333335e-05,0.0012480888167291798,2.083333333333335e-05,1.1293772630057337e-21,-0.0009479166666666665,0.0008118988160479113,0.99775
20,33,2.159844949342983,6.2418674990635235e-06,0.001999116764883706,-5.901788729480584e-06,-2.032190854334671e-06,0.0017825785569619231,-0.0009049207301739983,0.9924374030009795
20,34,2.2252947962927703,1.1548351509499381e-05,0.002211426179598254,-1.1474214743216943e-05,1.3064526832226247e-06,-0.0012755175567045617,0.0018065051094173401,1.0158344976606448
20,35,2.2907446432425576,1.0166828756170783e-05,0.00394226735175274,9.158694284662994e-06,4.413924099639975e-06,-0.003396625801356257,0.002001100956537807,0.9736336223359672
20,36,2.356194490192345,7.972571507606042e-06,0.000907164252037488,3.050971029306798e-06,-7.365695637359875e-06,-0.0007251585800953101,-0.0005450614771646304,0.967958035721877
20,37,2.421644337142132,4.801667570547664e-06,0.003245538290706687,-4.79090396275045e-06,3.2132643487760095e-07,0.0021488162360003967,-0.0024323049932819633,0.9364887273235528
20,38,2.4870941840919194,1.0679020682179469e-05,0.0022529652583240427,-2.506311939531948e-06,1.0380745791713448e-05,-0.0012947772244158813,0.0018437473781266855,1.0143044645782011
20,39,2.5525440310417067,1.0468385984136567e-05,0.004065865443363097,2.2825337537184073e-06,-1.0216513337533656e-05,0.004057521840462701,0.0002603426928153973,0.9101057479118553
20,40,2.6179938779914944,7.625529245509145e-06,0.002026555897344518,6.603902043912104e-06,-3.8127646227545708e-06,-0.0019682418195289646,0.0004826519915209665,0.9772926254768558
20,41,2.6834437249412812,1.7396686184422004e-05,0.004524060743858364,-7.083456719782914e-06,1.5889283530046964e-05,-0.0019425708486705074,-0.004085773379914241,0.9903658770783839
20,42,2.748893571891069,1.1574379854575055e-05,0.002023807861139698,-6.430380912863654e-06,-9.623745130325911e-06,0.0018652567172374737,0.0007852487743456355,0.947097886733211
20,43,2.8143434188408563,1.7811873343973077e-05,0.004172832071245713,1.4937424263953482e-05,-9.702380552235231e-06,0.004083027526755798,0.0008610538372083466,0.9946969016393764
20,44,2.8797932657906435,1.9247490260651822e-05,0.004684276625625664,-2.5123016135154114e-06,1.908282531326571e-05,0.0032165692156691677,0.0034053090882021847,0.9523298867330737
20,45,2.9452431127404313,1.747312139483014e-05,0.0036648233681781466,-1.648691614656824e-05,-5.787189927287528e-06,-0.0011791726378385207,-0.003469939799206545,0.9513248247292512
20,46,3.010692959690218,2.1461484913515514e-05,0.004159600018815354,1.4986431950808784e-05,-1.536236284159542e-05,-0.001105240143305721,0.004010076874843454,0.9226364205530345
20,47,3.076142806640006,2.0229532187963652e-05,0.003444176625965456,7.252069009394591e-06,1.8884953471661932e-05,0.0020910198866619027,0.0027367843291774448,0.9816661146397623
20,48,3.141592653589793,2.083333333333335e-05,0.0056875,-2.083333333333335e-05,0.0,-0.0056875,0.0,0.9474583333333334
21,0,0.0,0.0,0.0007499999999999998,0.0,0.0,-0.0007499999999999998,0.0,6.741781967992332e-33
21,1,0.06544984694978735,0.0,0.002595795790078001,0.0,0.0,0.002300010155098478,0.0012033740358801785,1.5919894502540914
21,2,0.1308996938995747,0.0,0.004741865018818902,0.0,0.0,0.0023352534922522206,-0.0041269692249424625,1.1695367656734994
21,3,0.19634954084936207,0.0,0.0013958207048337687,0.0,0.0,-0.0013358315078425662,-0.0004048081307208331,0.9840868819674351
21,4,0.2617993877991494,0.0,0.002630957548230304,0.0,0.0,0.0010966294829667868,-0.002391514456924317,1.0893156921926097
21,5,0.3272492347489368,0.0,0.003319971164454602,0.0,0.0,-0.0017972884455775308,0.0027914087440221915,0.9829809345872359
21,6,0.39269908169872414,0.0,0.005103820477954477,0.0,-0.0,0.0029657833675946197,-0.004153686614043792,1.001760218225776
21,7,0.4581489286485115,0.0,0.004599558391472079,0.0,0.0,-0.0032268439024958386,-0.003277715031159153,0.9972323393337134
21,8,0.5235987755982988,0.0,0.002221130586177147,0.0,0.0,-0.0012502003946506966,-0.0018358703805189734,0.9867054990328463
21,9,0.5890486225480862,0.0,0.002074468281511043,0.0,0.0,0.0010738993699357748,0.0017748686695772523,0.9478621429274477
21,10,0.6544984694978736,0.0,0.005783585783353957,0.0,0.0,-0.002112674372073161,-0.0053839085719390965,0.9910584700928902
21,11,0.7199483164476609,0.0,0.001960823305861339,0.0,0.0,-0.00024368651876601556,0.0019456219872782817,0.9740560532420851
21,12,0.7853981633974483,0.0,0.003555384526735146,0.0,0.0,0.0016098041383797292,-0.00317006147716463,0.9152701689952063
21,13,0.8508480103472357,0.0,0.001881188675448974,0.0,0.0,0.0018725505429492983,-0.00018007025500552267,0.9459898781676737
21,14,0.916297857297023,0.0,0.004399640821044316,0.0,0.0,0.0035018311269545467,0.0026634598011781125,0.9768285043864006
21,15,0.9817477042468102,0.0,0.0014661365235538173,0.0,0.0,0.0011744674021941257,-0.0008776004938933516,0.9596249226676696
21,16,1.0471975511965976,0.0,0.001357048216207188,0.0,0.0,-0.0008854166666666665,0.001028405166994021,0.9190833333333334
21,17,1.1126473981463851,0.0,0.0004949589290665132,0.0,0.0,-0.0004913315325795367,5.981359841802953e-05,0.9843682546479678
21,18,1.1780972450961724,0.0,0.0030007192570217604,0.0,0.0,-0.002288161108929712,0.0019412971949299201,0.975688492007961
21,19,1.2435470920459597,0.0,0.004519894076895949,0.0,0.0,-0.002590798181305101,0.003703674830503518,0.9448287889008409
21,20,1.3089969389957472,0.0,0.0018231746376089501,0.0,0.0,0.0010918642928436308,0.0014600678495308378,0.9316006974338248
21,21,1.3744467859455345,0.0,0.0014717164896857345,0.0,0.0,-0.000679022723654554,-0.00130570960277301,0.9340213587970153
21,22,1.4398966328953218,0.0,0.0029866765605849575,0.0,0.0,-0.0008720747691746859,0.002856522794328186,0.9839468831167908
21,23,1.505346479845109,0.0,0.0005438455308307479,0.0,0.0,-7.832181460331288e-06,-0.0005437891303972068,1.0040677737611823
21,24,1.5707963267948966,0.0,0.0010805252066574947,0.0,-0.0,0.0006041666666666669,-0.0008958333333333329,0.9495
21,25,1.636246173744684,0.0,0.0025201918467757487,0.0,0.0,0.0012826870813114795,-0.0021693503165675196,0.9712000656237038
21,26,1.7016960206944713,0.0,0.0038181565789799465,0.0,0.0,0.0038059169419503895,0.0003054765008684712,1.0280840287950272
21,27,1.7671458676442586,0.0,0.0026476462207646093,0.0,0.0,-0.0004744867066577216,-0.0026047826925742245,0.9036142629870181
21,28,1.832595714594046,0.0,0.002412671321395745,0.0,0.0,2.635106440987686e-05,-0.002412527414660807,0.9765762479437724
21,29,1.8980455615438334,0.0,0.0024168344468308697,0.0,0.0,-0.00013155103197453572,-0.002413251555344927,0.9959987177911973
21,30,1.9634954084936205,0.0,0.002565448791581271,0.0,0.0,-0.0025562983621019043,-0.0002164859952535625,0.9629587963737593
21,31,2.028945255443408,0.0,0.0011336532189928287,0.0,0.0,0.0004030195987209035,0.0010595965383010859,0.9361416865503315
21,32,2.0943951023931953,0.0,0.003818301596696276,0.0,0.0,-0.0036562499999999998,0.0011005739506427235,1.0
21,33,2.159844949342983,0.0,0.002372585284181401,0.0,0.0,-0.0013852380875347423,0.0019262077695714002,0.9941864817824434
21,34,2.2252947962927703,0.0,0.0017534313726523013,0.0,0.0,-5.16385796924786e-05,-0.0017526708292456622,0.9600136294515308
21,35,2.2907446432425576,0.0,0.002271085484410807,0.0,0.0,-0.0020691624802272293,-0.0009361601935146413,0.9805360179575274
21,36,2.356194490192345,0.0,0.005324524421156949,0.0,0.0,-0.004901470805046396,0.0020799385228353695,0.9825631643381266
21,37,2.421644337142132,0.0,0.006869341364458732,0.0,0.0,0.006779503531120378,0.0011073313203328427,1.0000447605117053
21,38,2.4870941840919194,0.0,0.005259701295549019,0.0,0.0,-0.005195957357624071,-0.0008163852375884242,0.9772840427696305
21,39,2.5525440310417067,0.0,0.0036574855123761656,0.0,0.0,0.0034468129895720333,0.001223388935767789,1.0182855194091147
21,40,2.6179938779914944,0.0,0.0019197662696952137,0.0,0.0,-0.0017914662720159703,0.0006900370471856403,0.9640445009671538
21,41,2.6834437249412812,0.0,0.004648133657454622,0.0,0.0,0.0026586037516556117,-0.0038127382009843246,0.9208371396185967
21,42,2.748893571891069,0.0,0.000661883398939855,0.0,0.0,-0.0006213238965630032,-0.00022813647089394047,0.9705924933925013
21,43,2.8143434188408563,0.0,0.0020723752366762107,0.0,0.0,-0.00034570979113465966,-0.0020433364534267013,0.9804459939921983
21,44,2.8797932657906435,0.0,0.0033062633899907097,0.0,0.0,-0.0032981781735536273,0.00023108080726732934,0.98167402909646
21,45,2.9452431127404313,0.0,0.0010702967483985316,0.0,0.0,-0.00015393406934568316,-0.0010591692177962632,0.986985096128523
21,46,3.010692959690218,0.0,0.0037027097878262927,0.0,0.0,-0.0019106564825927624,0.0031716638501567093,0.9522476757142243
21,47,3.076142806640006,0.0,0.003209093380979034,0.0,0.0,0.00044116273799796367,0.0031786248231657644,0.9666154783932827
21,48,3.141592653589793,0.0,0.004458333333333333,0.0,0.0,0.004458333333333333,0.0,0.9910833333333334
22,0,0.0,0.0,0.00012500000000000068,0.0,0.0,0.00012500000000000068,0.0,6.62982124055862e-33
22,1,0.06544984694978735,0.0,0.004673783541704858,0.0,0.0,0.0012331885226814902,0.0045081591212198634,1.5754339611814734
22,2,0.1308996938995747,0.0,0.005096594936352688,0.0,0.0,0.003303461874355939,-0.0038810333147156328,1.1765204374051075
22,3,0.19634954084936207,0.0,0.002986906003522799,0.0,0.0,0.0018676427011689927,-0.002330990822515337,1.006342573513345
22,4,0.2617993877991494,0.0,0.007759161869307142,0.0,0.0,0.002656213214969727,0.007290344592042965,0.9760452826316394
22,5,0.3272492347489368,0.0,0.0016882483677554076,0.0,0.0,0.0016790976710507066,0.00017553792268592923,1.0130498526996645
22,6,0.39269908169872414,0.0,0.004083222290875589,0.0,-0.0,-0.0031039807148351287,0.0026529244238452966,1.0336951815244817
22,7,0.4581489286485115,0.0,0.002062570302080123,0.0,0.0,-0.0019277713725008817,0.0007334124258484829,0.9592233757256025
22,8,0.5235987755982988,0.0,0.0007405736920531628,0.0,0.0,0.0006071581987385198,0.0004240381056766585,0.984805021169821
22,9,0.5890486225480862,0.0,0.001903581797152057,0.0,0.0,-0.001869723487452152,0.0003574321458940393,0.9451242172695545
22,10,0.6544984694978736,0.0,0.0013689786784246642,0.0,0.0,0.001268655265859597,0.0005144088241739787,0.9304169477870206
22,11,0.7199483164476609,0.0,0.002011498670369536,0.0,0.0,-0.0002870685550881707,0.001990908974709291,0.9802909207726307
22,12,0.7853981633974483,0.0,0.0004820715786354076,0.0,0.0,-0.0003776019100214138,0.00029968283980937933,0.9940036435501152
22,13,0.8508480103472357,0.0,0.002785627654621155,0.0,0.0,-0.0025589583637250523,-0.0011006604939361466,0.9972138410651655
22,14,0.916297857297023,0.0,0.0036085888681958284,0.0,0.0,-0.0004922834890277851,-0.0035748525264823836,0.9617414064086911
22,15,0.9817477042468102,0.0,0.005457386705407666,0.0,0.0,-0.004791754449269203,0.0026119262911248353,1.0223070622752821
22,16,1.0471975511965976,0.0,0.0022856929717508232,0.0,0.0,0.002229166666666666,0.000505181485540922,0.9753333333333334
22,17,1.1126473981463851,0.0,0.0003478967825859204,0.0,0.0,0.00034710008384973557,2.353089724472287e-05,0.9554964727902182
22,18,1.1780972450961724,0.0,0.0008709163035508219,0.0,0.0,-0.0008275278014914849,0.0002714644461974657,0.9544593549331316
22,19,1.2435470920459597,0.0,0.0032432607955404213,0.0,0.0,-0.0005462747809752861,0.0031969242173626655,0.9859505419557109
22,20,1.3089969389957472,0.0,0.004679774150962951,0.0,0.0,0.0038202110361252126,0.0027030119762013888,1.0212214682100211
22,21,1.3744467859455345,0.0,0.0014697226043302945,0.0,0.0,-0.0009644834586788931,0.0011089888149184478,0.9195544723952037
22,22,1.4398966328953218,0.0,0.0020716948420103163,0.0,0.0,-0.0010407195338240898,-0.00179131861217627,0.9602055085651728
22,23,1.505346479845109,0.0,0.0012433056136899987,0.0,0.0,0.0007979730041640879,-0.0009534400524723119,0.992333894532421
22,24,1.5707963267948966,0.0,0.0016588357697828653,0.0,-0.0,0.0003333333333333336,-0.001625,0.9103333333333333
22,25,1.636246173744684,0.0,0.003845697140883198,0.0,0.0,3.832850177032857e-05,0.0038455061338332625,0.9376808208992812
22,26,1.7016960206944713,0.0,0.0015198178826703647,0.0,0.0,0.0015197691504148826,-1.2170699727477932e-05,1.010286693442628
22,27,1.7671458676442586,0.0,0.001493927653757318,0.0,0.0,0.0005924256472136257,-0.0013714414632729904,0.9911168605452941
22,28,1.832595714594046,0.0,0.003801080069656205,0.0,0.0,0.0019821119997550495,0.0032433688837942344,0.9745503162231611
22,29,1.8980455615438334,0.0,0.005899950530074619,0.0,0.0,-0.003211861537201532,-0.004949076855654314,0.9600986665788153
22,30,1.9634954084936205,0.0,0.0013655413962291123,0.0,0.0,-0.0012456955032118782,-0.0005594157828422965,0.9813889435753649
22,31,2.028945255443408,0.0,0.0018414711945054672,0.0,0.0,0.001449862492372699,0.0011353038859284407,1.0189140692422756
22,32,2.0943951023931953,0.0,0.002969243380054925,0.0,0.0,0.0029374999999999996,-0.00043301270189221913,0.9438333333333334
22,33,2.159844949342983,0.0,0.0005779430575049997,0.0,0.0,-0.0005005809210744712,0.0002888544948143641,0.9810785154260288
22,34,2.2252947962927703,0.0,0.0023614578255856146,0.0,0.0,0.001239775165961795,-0.002009835963426852,0.9877497266525893
22,35,2.2907446432425576,0.0,0.0035752737763141483,0.0,0.0,-0.0014788307224423308,0.0032550948173533014,0.9699061888527081
22,36,2.356194490192345,0.0,0.002668665145674637,0.0,0.0,0.0026276019100214135,0.0004663495064760461,0.9501630231165512
22,37,2.421644337142132,0.0,0.002956279573174408,0.0,0.0,0.0024300135346859977,0.0016836339079536035,0.9907363760377642
22,38,2.4870941840919194,0.0,0.0007801018581493255,0.0,0.0,2.113981693492215e-05,-0.0007798153738084345,1.0069312663905328
22,39,2.5525440310417067,0.0,0.0022566214509217144,0.0,0.0,-0.001265015448956494,0.0018687097919852143,0.9744509553604391
22,40,2.6179938779914944,0.0,0.0024757831075293397,0.0,0.0,0.0011845084679281467,-0.0021740381056766576,0.9833616454968457
22,41,2.6834437249412812,0.0,0.0028995688852529013,0.0,0.0,-0.0027824253018769174,-0.0008158487358584901,0.9365342385231251
22,42,2.748893571891069,0.0,0.0009424038351304086,0.0,0.0,0.0006772040195384914,0.0006553775281388682,0.9754565199670208
22,43,2.8143434188408563,0.0,0.0035729954177867234,0.0,0.0,-0.003498537876163675,-0.0007256231698154925,0.9666191967899244
22,44,2.8797932657906435,0.0,0.0019118694043435021,0.0,0.0,-0.0018335362508499881,0.0005416543511167868,0.9435162662685103
22,45,2.9452431127404313,0.0,0.0027712497515346443,0.0,0.0,0.0020981560837152625,-0.0018104049916384626,0.9606920098815216
22,46,3.010692959690218,0.0,0.0014330741371775418,0.0,0.0,0.0014302017493247384,9.068869210443764e-05,0.9661480133482566
22,47,3.076142806640006,0.0,0.0012187138268131286,0.0,0.0,0.001149498032732137,0.0004048674652407221,1.0058509156865503
22,48,3.141592653589793,0.0,0.005958333333333334,0.0,0.0,-0.005958333333333334,0.0,0.8883333333333333
23,0,0.0,0.0,0.0024374999999999996,0.0,0.0,-0.0024374999999999996,0.0,7.515235433658245e-33
23,1,0.06544984694978735,0.0,0.005230120249005887,0.0,0.0,0.00282301288097212,0.004402812293628572,1.518812566072775
23,2,0.1308996938995747,0.0,0.003324492866084278,0.0,0.0,0.0021801273914052993,0.002509840109227993,1.1420272996910719
23,3,0.19634954084936207,0.0,0.0004526395670960025,0.0,0.0,0.00038492318827251993,-0.00023815271745452476,0.9705675019588106
23,4,0.2617993877991494,0.0,0.001651212645049368,0.0,0.0,-0.0015105192615714664,0.0006669593387849987,0.961778153547357
23,5,0.3272492347489368,0.0,0.0033712853379009784,0.0,0.0,0.0010077088785415515,-0.0032171552100659744,1.0331528561264172
23,6,0.39269908169872414,0.0,0.0006258589156577505,0.0,-0.0,-0.0006202898601764273,-8.330589217218439e-05,1.0392868019749557
23,7,0.4581489286485115,0.0,0.007115064787878561,0.0,0.0,0.004501669575404808,-0.005509910885811502,1.0331579059966076
23,8,0.5235987755982988,0.0,0.003845275375202723,0.0,0.0,0.0027498926088303567,0.0026877933981317493,0.9482556110502203
23,9,0.5890486225480862,0.0,0.000941159362572458,0.0,0.0,0.0006850655953339449,-0.0006453418286827092,0.9862198021499987
23,10,0.6544984694978736,0.0,0.004680331197665703,0.0,0.0,0.0008136500553440429,0.004609064298453809,0.9930299088243967
23,11,0.7199483164476609,0.0,0.006376076349906813,0.0,0.0,-0.0009109395576094669,0.006310668644622633,0.9595400722630721
23,12,0.7853981633974483,0.0,0.00388666189782723,0.0,0.0,0.0036937507477864556,-0.001209275039537725,0.9435751683544642
23,13,0.8508480103472357,0.0,0.0012594176393215387,0.0,0.0,-0.001003478233952324,0.0007610283990878146,0.9704874485105902
23,14,0.916297857297023,0.0,0.005666405407433766,0.0,0.0,0.003195145378838608,-0.004679657706444021,0.9757893709670663
23,15,0.9817477042468102,0.0,0.0029436400868294156,0.0,0.0,0.00023107003830573315,-0.0029345567975737796,0.9725097938293564
23,16,1.0471975511965976,0.0,0.004422951503238533,0.0,0.0,-0.004375,0.000649519052838329,0.9467083333333334
23,17,1.1126473981463851,0.0,0.0022853566388031745,0.0,0.0,0.0017772858019742249,-0.0014367011326725473,1.0227857975714314
23,18,1.1780972450961724,0.0,0.0013303881802825292,0.0,0.0,-0.000407131148567407,0.0012665610676558961,0.9435432690043711
23,19,1.2435470920459597,0.0,0.002354511025028462,0.0,0.0,0.0001274593686587322,0.002351058543788669,0.9789027374455518
23,20,1.3089969389957472,0.0,0.00371799481904625,0.0,0.0,0.003085742390619481,-0.002074049028636673,0.9645827091604349
23,21,1.3744467859455345,0.0,0.0039760400310053816,0.0,0.0,-0.002814430049874483,-0.0028085365980383436,1.0242435337813043
23,22,1.4398966328953218,0.0,0.0013806486670096853,0.0,0.0,-0.0013805851489203443,1.3243424640620576e-05,0.9729417013182257
23,23,1.505346479845109,0.0,0.0020066476580367903,0.0,0.0,-0.001187880370393032,-0.0016172739561185817,0.9191836213033205
23,24,1.5707963267948966,0.0,0.0024879047688544853,0.0,-0.0,-0.0002083333333333332,0.002479166666666667,0.9429583333333333
23,25,1.636246173744684,0.0,0.002031514298274996,0.0,0.0,-0.0018234589321635853,0.0008955712516648734,1.04823852615138
23,26,1.7016960206944713,0.0,0.003687534163430005,0.0,0.0,-0.0007097839973176034,-0.003618579124962624,0.9745725597631991
23,27,1.7671458676442586,0.0,0.003055340064204972,0.0,0.0,0.0015888618173522748,0.002609716657665362,1.0223779662241068
23,28,1.832595714594046,0.0,0.0035435425231169528,0.0,0.0,-0.002228398184918855,-0.0027551651751915734,0.9736508297028296
23,29,1.8980455615438334,0.0,0.002296877105979473,0.0,0.0,-0.0019899165212254903,-0.0011471166804325021,0.9667861516477508
23,30,1.9634954084936205,0.0,0.002410748090483312,0.0,0.0,0.0013363609481576153,0.0020064510390259255,0.9769672108483602
23,31,2.028945255443408,0.0,0.0039036215932224637,0.0,0.0,-0.003354620926104956,-0.0019961913698870186,0.9765307858193909
23,32,2.0943951023931953,0.0,0.001299038105676657,0.0,0.0,-0.0011249999999999995,-0.0006495190528383282,1.0026249999999999
23,33,2.159844949342983,0.0,0.0007864351198619277,0.0,0.0,0.0006893249966243737,-0.0003785647194087846,0.9503797616845949
23,34,2.2252947962927703,0.0,0.0015639171905442765,0.0,0.0,0.0014813950810482108,0.000501303892590181,0.9414575953460292
23,35,2.2907446432425576,0.0,0.001597904716963473,0.0,0.0,-2.8555911856218483e-05,0.001597649537411812,0.9659941424552239
23,36,2.356194490192345,0.0,0.003434244153098196,0.0,0.0,-0.0021104174144531227,-0.0027092750395377252,0.9501748316455361
23,37,2.421644337142132,0.0,0.003873930157701447,0.0,0.0,0.002714856352116382,0.002763492329304008,0.9994168086860663
23,38,2.4870941840919194,0.0,0.0027142816154864073,0.0,0.0,-0.0009620931340571812,0.002538050726358229,0.9902402457669358
23,39,2.5525440310417067,0.0,0.0022340759543459303,0.0,0.0,-0.0019126515886819875,-0.001154495244727733,0.9152056857061522
23,40,2.6179938779914944,0.0,0.001319710220706552,0.0,0.0,-0.001291559275497024,-0.00027112673146508236,0.9634110556164467
23,41,2.6834437249412812,0.0,0.002672126743625885,0.0,0.0,-0.00028796880950858586,-0.002656564567020889,1.0149696968952455
23,42,2.748893571891069,0.0,0.004192908417331788,0.0,0.0,0.004024393393919552,-0.0011767492541354882,0.9653693848389779
23,43,2.8143434188408563,0.0,0.0041976266551861565,0.0,0.0,0.0036721212763156244,0.0020336162047838407,0.9772889030614388
23,44,2.8797932657906435,0.0,0.004624540330540084,0.0,0.0,-0.004055158277462492,0.002223075485339898,0.9169883075893778
23,45,2.9452431127404313,0.0,0.004908303286937805,0.0,0.0,-0.0013521639973323757,-0.004718378289294172,0.9301626213323443
23,46,3.010692959690218,0.0,0.0025547129837054147,0.0,0.0,-0.0022011889596743658,0.0012966593974211983,1.007274651656408
23,47,3.076142806640006,0.0,0.00036433051218539425,0.0,0.0,-3.729487116978294e-05,0.00036241663137016904,0.9740853133270684
23,48,3.141592653589793,0.0,0.0006875,0.0,0.0,0.0006875,0.0,0.9939583333333334
24,0,0.0,0.0,0.005625,0.0,0.0,-0.005625,0.0,6.1146991780998485e-33
24,1,0.06544984694978735,0.0,0.004775717821104949,0.0,0.0,0.004774483975603247,-0.00010855170900183711,1.5338104101399237
24,2,0.1308996938995747,0.0,0.0029542994316270666,0.0,0.0,-0.0016279891864012948,0.0024652659776730904,1.1593260422109195
24,3,0.19634954084936207,0.0,0.001516370342220916,0.0,0.0,-0.0004786619803380435,-0.0014388404092692284,0.9510224475300117
24,4,0.2617993877991494,0.0,0.0029747621918329342,0.0,0.0,0.0007037774628280947,-0.0028903126787207527,0.9659144297015607
24,5,0.3272492347489368,0.0,0.0012080940739230427,0.0,0.0,-0.0011533136552545624,-0.00035966498863711314,1.0298369524629623
24,6,0.39269908169872414,0.0,0.0028517862354427263,0.0,-0.0,0.001432192907886266,0.002466071411630425,1.0554623041980744
24,7,0.4581489286485115,0.0,0.0009453258186893281,0.0,0.0,-0.0009314844234888728,0.00016117590476945033,0.9641924493873416
24,8,0.5235987755982988,0.0,0.0027839898975744104,0.0,0.0,-0.0018737976320958231,0.0020590002874571103,0.9860228162148013
24,9,0.5890486225480862,0.0,0.001797605736704386,0.0,0.0,-0.0012603572103893797,0.0012817511797739915,0.986803213822797
24,10,0.6544984694978736,0.0,0.001342525220930264,0.0,0.0,-0.001087642467650454,-0.0007870246701324456,0.9669723149764445
24,11,0.7199483164476609,0.0,0.0017430069223706047,0.0,0.0,0.0004894068747031809,0.0016728879348076823,0.950872865480802
24,12,0.7853981633974483,0.0,0.004614082288910925,0.0,0.0,-0.0015818527539194693,0.004334454663940883,0.98593084113157
24,13,0.8508480103472357,0.0,0.000330641738677168,0.0,0.0,0.00023380877965852926,0.00023378925105754962,1.0253900132342302
24,14,0.916297857297023,0.0,0.005744884140537135,0.0,0.0,-0.0017139727074295917,0.005483246424006637,0.9205520942963209
24,15,0.9817477042468102,0.0,0.0026374391756019784,0.0,0.0,0.0023999092336887597,-0.0010938560577404474,0.9552427131115927
24,16,1.0471975511965976,0.0,0.003468108674447468,0.0,0.0,-0.003083333333333333,0.0015877132402714708,0.9936250000000001
24,17,1.1126473981463851,0.0,0.0011172926384476153,0.0,0.0,-0.0005633375753606088,-0.0009648801045290882,0.9444947193805083
24,18,1.1780972450961724,0.0,0.0022013332241928776,0.0,0.0,0.0013785337687212869,0.0017162495775470698,0.9461792466129132
24,19,1.2435470920459597,0.0,0.0017298136649008871,0.0,0.0,0.0014083534163381217,-0.001004388356148447,0.9522721490742065
24,20,1.3089969389957472,0.0,0.0043492328139158225,0.0,0.0,-0.0029814453574046906,0.003166513800767677,0.982140906087591
24,21,1.3744467859455345,0.0,0.0054143293088658555,0.0,0.0,0.0039636043121754425,0.0036884688857774105,0.9597979291978868
24,22,1.4398966328953218,0.0,0.003907685804378445,0.0,0.0,9.112701003950383e-05,-0.0039066231215439855,1.0258390900664602
24,23,1.505346479845109,0.0,0.0032914351702694306,0.0,0.0,0.0005288433073024137,0.003248672072771889,0.9886733951765873
24,24,1.5707963267948966,0.0,0.004413717568872954,0.0,-0.0,0.004375,-0.0005833333333333333,1.0148333333333335
24,25,1.636246173744684,0.0,0.007262624526621475,0.0,0.0,-0.006643975622276589,0.0029331387531581635,0.9951594076710383
24,26,1.7016960206944713,0.0,0.005416490575159287,0.0,0.0,-0.005369888103898894,-0.0007089935841702122,1.0006960073534927
24,27,1.7671458676442586,0.0,0.0026125490785744248,0.0,0.0,0.0008262803299211634,-0.0024784417492338708,0.9360639239046198
24,28,1.832595714594046,0.0,0.0013482746413858208,0.0,0.0,0.00015569824542063532,-0.0013392544810367443,0.997610152403427
24,29,1.8980455615438334,0.0,0.0038872181964586584,0.0,0.0,0.0029933974393221837,-0.002479926828988851,0.9615605585332263
24,30,1.9634954084936205,0.0,0.003720955131586745,0.0,0.0,0.0015579937063990058,-0.003379077196825018,0.9620171038546795
24,31,2.028945255443408,0.0,0.0006425640447546174,0.0,0.0,0.0006059813788727904,-0.00021371738364214942,0.8965139987863812
24,32,2.0943951023931953,0.0,0.0048353085044631145,0.0,0.0,0.001999999999999999,0.004402295802570896,0.9983749999999999
24,33,2.159844949342983,0.0,0.003106328542121783,0.0,0.0,-0.0015100708343247298,0.0027145834094612483,0.9776903610178301
24,34,2.2252947962927703,0.0,0.0021874320094065554,0.0,0.0,0.0017094855108251178,0.0013647410318647951,0.9827050719862287
24,35,2.2907446432425576,0.0,0.008084126451533325,0.0,0.0,-0.005002273835027598,-0.0063506186284313345,0.950776234486587
24,36,2.356194490192345,0.0,0.0024815642844434205,0.0,0.0,-0.0018764805794138641,-0.0016238786693924501,0.9582358255350968
24,37,2.421644337142132,0.0,0.0032653801152931726,0.0,0.0,-0.0014042086865055589,-0.002948034135164379,1.0357382679448592
24,38,2.4870941840919194,0.0,0.0014209808022003015,0.0,0.0,0.0011967757360154489,0.0007661033075940168,0.9998316689178363
24,39,2.5525440310417067,0.0,0.002021722188570751,0.0,0.0,-0.002021021589794233,5.321974581769157e-05,0.9165247871234263
24,40,2.6179938779914944,0.0,0.0038928028641446143,0.0,0.0,0.0013737976320958223,-0.0036423336207904436,1.0326438504518658
24,41,2.6834437249412812,0.0,0.0013203973699708086,0.0,0.0,-0.0002875225329759267,0.0012887125387986787,0.9628571727759643
24,42,2.748893571891069,0.0,0.0017367262276766719,0.0,0.0,-0.0016187203830065587,-0.0006292553627416636,0.943008012001
24,43,2.8143434188408563,0.0,0.0010511564380974593,0.0,0.0,-0.000825280361864265,-0.0006510316287822932,0.9805238103821906
24,44,2.8797932657906435,0.0,0.0020105022566003516,0.0,0.0,0.001955302982489294,-0.0004678777302496642,0.9416678451407535
24,45,2.9452431127404313,0.0,0.0017531791190396391,0.0,0.0,-0.0017530155942723131,2.394472122815965e-05,1.0501879576251703
24,46,3.010692959690218,0.0,0.003703153467107845,0.0,0.0,-0.002947895791499837,0.00224126214517856,0.9694110435256338
24,47,3.076142806640006,0.0,0.006613213337348498,0.0,0.0,-0.0003895451457131497,-0.006601730471985007,0.9519942617498508
24,48,3.141592653589793,0.0,0.0012916666666666669,0.0,0.0,0.0012916666666666669,0.0,0.96975
25,0,0.0,0.0,4.166666666666685e-05,0.0,0.0,-4.166666666666685e-05,0.0,7.855739847825909e-33
25,1,0.06544984694978735,0.0,0.0033826241360467124,0.0,0.0,0.0033498910640425593,-0.00046944212083448503,1.521418392101409
25,2,0.1308996938995747,0.0,0.003980353778266395,0.0,0.0,0.00033867541920091306,0.003965919207521587,1.15331004041594
25,3,0.19634954084936207,0.0,0.0010016748466214218,0.0,0.0,-0.0005353076648626218,-0.0008466393578693208,1.006684587935567
25,4,0.2617993877991494,0.0,0.0011598969373997601,0.0,0.0,0.00024009333343822685,-0.0011347757913472878,1.0038947701473948
25,5,0.3272492347489368,0.0,0.004419852079476596,0.0,0.0,-0.0037649428691110013,-0.002315231650782229,1.0230760595231285
25,6,0.39269908169872414,0.0,0.0045290770031504,0.0,-0.0,-0.004482488905658652,0.0006479442191368876,1.0294837847680933
25,7,0.4581489286485115,0.0,0.0013482720079744652,0.0,0.0,-0.0007780892792714967,0.0011010969444014724,0.9346315461255612
25,8,0.5235987755982988,0.0,0.002540105779567827,0.0,0.0,0.0006804756547065801,-0.0024472617871297564,0.9650103629710806
25,9,0.5890486225480862,0.0,0.0006335598407128915,0.0,0.0,0.0006312195289076237,5.440568067566137e-05,1.0630869558187006
25,10,0.6544984694978736,0.0,0.002668622131678094,0.0,0.0,0.00014590113842924586,-0.0026646307322942863,0.9014545997052194
25,11,0.7199483164476609,0.0,0.0027195897888589496,0.0,0.0,-0.0027167806825275018,0.00012357727425084316,0.9316354423326536
25,12,0.7853981633974483,0.0,0.005679245114108807,0.0,0.0,-0.0056686553006146875,-0.0003466585480581103,0.9586902326625881
25,13,0.8508480103472357,0.0,0.0038701399157346898,0.0,0.0,-0.0037439596605464195,-0.0009801780591117354,0.9488352613168534
25,14,0.916297857297023,0.0,0.00026297914814471594,0.0,0.0,-6.0892348849710436e-05,0.00025583227749931324,0.9811296956470019
25,15,0.9817477042468102,0.0,0.003811967229418893,0.0,0.0,-0.0037179060586566962,-0.0008415870110495893,0.9780136034954698
25,16,1.0471975511965976,0.0,0.004192058049985048,0.0,0.0,0.003510416666666666,0.0022913588808463267,0.9307500000000001
25,17,1.1126473981463851,0.0,0.002552629917007903,0.0,0.0,0.000945434422346554,-0.002371091150977965,0.9420202547486264
25,18,1.1780972450961724,0.0,0.001761115181283823,0.0,0.0,0.001176089286431565,-0.0013108549393770635,1.0240820096789864
25,19,1.2435470920459597,0.0,0.0026281251720068045,0.0,0.0,0.0004910349523748176,0.0025818455792866574,0.9899283713396931
25,20,1.3089969389957472,0.0,0.00511635687039201,0.0,0.0,0.003950765425968471,0.003250932200797133,0.9672752982340489
25,21,1.3744467859455345,0.0,0.0032895067052474553,0.0,0.0,-0.0011994665810367594,0.0030630269807567735,0.9892302496643559
25,22,1.4398966328953218,0.0,0.0007496406843372806,0.0,0.0,-8.630546183405746e-05,-0.0007446559761871763,1.0145563007033507
25,23,1.505346479845109,0.0,0.00043585776887932983,0.0,0.0,-0.00030703610385201483,-0.000309355500393709,1.0149417634061948
25,24,1.5707963267948966,0.0,0.001360402309776209,0.0,-0.0,0.001041666666666667,0.0008749999999999996,0.92075
25,25,1.636246173744684,0.0,0.0027991480798876234,0.0,0.0,0.0015193290559943984,-0.0023509294316822315,0.9680604309194324
25,26,1.7016960206944713,0.0,0.0028168310701335514,0.0,0.0,0.0005559221118144353,0.0027614285946345792,0.9308130076726308
25,27,1.7671458676442586,0.0,0.0021393917021706016,0.0,0.0,0.0011708164499067014,-0.0017905825018535986,0.95798545618727
25,28,1.832595714594046,0.0,0.0029768159723842468,0.0,0.0,-0.0028444088058327357,0.0008779361473040954,0.9786554823842987
25,29,1.8980455615438334,0.0,0.001677715677385588,0.0,0.0,-0.0016438544469288858,-0.0003353691271681238,0.9810328965582391
25,30,1.9634954084936205,0.0,0.0018927064848623884,0.0,0.0,-0.0016091475481899728,0.000996484824768715,0.9172125670844546
25,31,2.028945255443408,0.0,0.0020237950905645165,0.0,0.0,0.001716887475213265,0.0010714681358065948,0.9740999915296187
25,32,2.0943951023931953,0.0,0.0003858387328635861,0.0,0.0,0.00017708333333333261,-0.00034280172233134063,1.00125
25,33,2.159844949342983,0.0,0.00418098477373736,0.0,0.0,-0.0023506479670968774,-0.003457613022448719,0.9375686314846288
25,34,2.2252947962927703,0.0,0.007433493368852678,0.0,0.0,0.0015660205702609214,-0.007266663831380697,0.9762957250548586
25,35,2.2907446432425576,0.0,0.0042361793946682075,0.0,0.0,-0.002763598092911834,-0.00321056715311572,0.9425635774806157
25,36,2.356194490192345,0.0,0.003023288301848415,0.0,0.0,-0.0019563446993853123,-0.0023049918813914435,0.925809767337412
25,37,2.421644337142132,0.0,0.0015261433613388733,0.0,0.0,0.000993506104779138,0.0011584727787588706,0.9819415915334581
25,38,2.4870941840919194,0.0,0.003596048527118343,0.0,0.0,-0.0003958478742995345,0.003574194940095258,1.0140381651566404
25,39,2.5525440310417067,0.0,0.0036173586384937893,0.0,0.0,-0.0035696039298778203,0.0005858423877515705,1.0397127115215994
25,40,2.6179938779914944,0.0,0.0026288229021423906,0.0,0.0,0.002340357678626753,0.0011972617871297564,0.9629896370289194
25,41,2.6834437249412812,0.0,0.003242028882134239,0.0,0.0,0.0032399032378535764,0.00011738092663842966,0.9463297432088801
25,42,2.748893571891069,0.0,0.0039062076354255413,0.0,0.0,0.003165547167417061,0.0022886173166159996,0.9792216384684648
25,43,2.8143434188408563,0.0,0.003004756255641634,0.0,0.0,-0.003002634848420919,-0.00011288987051909603,1.0521435943419326
25,44,2.8797932657906435,0.0,0.002036930103629546,0.0,0.0,-0.0007214499535739629,0.0019048869288124167,1.0251744492342572
25,45,2.9452431127404313,0.0,0.0027530988942446716,0.0,0.0,-0.0004291037772835491,-0.0027194527886713208,1.0083844705590763
25,46,3.010692959690218,0.0,0.0009032811304192373,0.0,0.0,-0.0005634735547222137,-0.0007059846695928797,0.9434024656443593
25,47,3.076142806640006,0.0,0.004147307382729384,0.0,0.0,-0.004035090329034234,-0.0009582299115431802,1.002674416867032
25,48,3.141592653589793,0.0,4.1666666666667716e-05,0.0,0.0,4.1666666666667716e-05,0.0,0.9510000000000001
26,0,0.0,0.0,0.0027083333333333334,0.0,0.0,-0.0027083333333333334,0.0,7.375541315025358e-33
26,1,0.06544984694978735,0.0,0.0034655174527088244,0.0,0.0,0.0014345500243427602,0.003154659639753177,1.6302260708067966
26,2,0.1308996938995747,0.0,0.0029296482699170414,0.0,0.0,0.002004350533327407,0.0021366838617301463,1.1968672341125857
26,3,0.19634954084936207,0.0,0.006067113083246612,0.0,0.0,-0.0049713888161993834,0.003477808850852776,1.0171327970350428
26,4,0.2617993877991494,0.0,0.0006740047498032696,0.0,0.0,-0.0006223495665179,-0.00025877291166648405,0.9737909191896316
26,5,0.3272492347489368,0.0,0.002213570740780383,0.0,0.0,0.0021118879395253297,0.0006631928492727224,0.971840924492687
26,6,0.39269908169872414,0.0,0.002583975800449007,0.0,-0.0,0.0012836369045129549,0.002242589403943238,1.010705502074741
26,7,0.4581489286485115,0.0,0.0018767293553641872,0.0,0.0,-0.0016614338912698831,-0.0008727831908472415,0.9700289662637521
26,8,0.5235987755982988,0.0,0.00435221184914541,0.0,0.0,-0.003451001202219573,0.0026518557053732718,0.9771853598869469
26,9,0.5890486225480862,0.0,0.0019979020620250346,0.0,0.0,-0.0018540627460883726,0.0007443547427209204,0.9822836140448944
26,10,0.6544984694978736,0.0,0.001205795085333152,0.0,0.0,0.0012040781221791758,6.432467258410925e-05,0.9187501071654895
26,11,0.7199483164476609,0.0,0.0013590680906507718,0.0,0.0,0.0004907168709634745,0.0012673843251267355,0.9632923775999287
26,12,0.7853981633974483,0.0,0.004921752878739089,0.0,0.0,-0.0048694061124755425,-0.000715915854805811,0.9592059673974173
26,13,0.8508480103472357,0.0,0.003724916366739681,0.0,0.0,0.0022153078190893377,-0.002994563942527658,0.9225529134790795
26,14,0.916297857297023,0.0,0.0008361377501975495,0.0,0.0,0.0005094875068908755,0.0006629847793332361,0.9172111502489178
26,15,0.9817477042468102,0.0,0.002033616797502195,0.0,0.0,-0.0005659850815771586,0.0019532685853499974,0.965751735115168
26,16,1.0471975511965976,0.0,0.005181262984168156,0.0,0.0,0.004895833333333333,0.001695966415744525,0.9682499999999999
26,17,1.1126473981463851,0.0,0.0034389072498581773,0.0,0.0,-0.0031904395611437823,-0.0012834245127064554,0.9715950168798776
26,18,1.1780972450961724,0.0,0.002423847326874829,0.0,0.0,-0.002284065002100288,0.0008112231075227494,0.9116499061319513
26,19,1.2435470920459597,0.0,0.0036877916510944632,0.0,0.0,0.0036396248519181516,-0.0005940860200188195,0.9706766916519382
26,20,1.3089969389957472,0.0,0.0015548608746889356,0.0,0.0,0.0010724293484502003,0.0011258275321829364,1.0148757474770362
26,21,1.3744467859455345,0.0,0.005899994183498507,0.0,0.0,0.005497847904316181,-0.0021409343255509718,0.976735388934702
26,22,1.4398966328953218,0.0,0.003968369668631515,0.0,0.0,0.003966488121920455,0.00012218758356942355,0.9419681882119186
26,23,1.505346479845109,0.0,0.0082474732798885,0.0,0.0,0.007707117784523408,-0.0029361796535562574,0.9662564557368011
26,24,1.5707963267948966,0.0,0.0029745739657601016,0.0,-0.0,0.0026041666666666665,0.0014375,1.0116666666666667
26,25,1.636246173744684,0.0,0.004356156263128475,0.0,0.0,-0.0023365074405287873,-0.003676524223930403,0.9407589006484134
26,26,1.7016960206944713,0.0,0.0024385037260608853,0.0,0.0,-0.0015764999111260967,0.0018603624518443254,0.9390798461518673
26,27,1.7671458676442586,0.0,0.0023871751187916255,0.0,0.0,0.0005653692912961144,0.002319259065356249,0.938171623590989
26,28,1.832595714594046,0.0,0.0025915770014737723,0.0,0.0,0.0025856635113022967,0.00017497302902923798,0.9645533148825942
26,29,1.8980455615438334,0.0,0.002094593510065026,0.0,0.0,-0.001891423270417658,0.0008999110981253072,0.9982678260490117
26,30,1.9634954084936205,0.0,0.00724182910372607,0.0,0.0,-0.005433659862250386,-0.004787424074483381,0.9168641151467926
26,31,2.028945255443408,0.0,0.002376645417654387,0.0,0.0,-0.0021685414873814095,-0.0009725591286719893,0.9910812501597941
26,32,2.0943951023931953,0.0,0.0022434317709953,0.0,0.0,-0.0013333333333333333,0.0018042195912175798,1.0185833333333334
26,33,2.159844949342983,0.0,0.003339731212132285,0.0,0.0,-0.0020600212495973332,-0.0026287101438724706,1.003997323840322
26,34,2.2252947962927703,0.0,0.002071197583187337,0.0,0.0,-0.0011316929718411155,0.0017346845379164737,1.0032470261203934
26,35,2.2907446432425576,0.0,0.0014751233321609455,0.0,0.0,0.0013188430912484256,0.000660788730043051,0.9849523483198303
26,36,2.356194490192345,0.0,0.0014919790140619478,0.0,0.0,-0.0014222605541911234,0.0004507508118608555,0.936460699269249
26,37,2.421644337142132,0.0,0.003408131007738994,0.0,0.0,0.0017003769847518876,-0.002953654528823249,0.9919802175779707
26,38,2.4870941840919194,0.0,0.0002643403567244435,0.0,0.0,-0.0002610922484465172,4.1311765810095606e-05,0.9955002954222297
26,39,2.5525440310417067,0.0,0.002259497930007261,0.0,0.0,-0.0017852447714099334,-0.001385002527745199,0.9556299292300082
26,40,2.6179938779914944,0.0,0.0017938713003949045,0.0,0.0,-0.0005281654644470933,-0.001714355705373273,0.9526479734463865
26,41,2.6834437249412812,0.0,0.003954472228715952,0.0,0.0,-0.003480276084354081,-0.0018776392050547767,0.9793458277668848
26,42,2.748893571891069,0.0,0.004091885600118245,0.0,0.0,-0.003815912040162281,0.00147727555527044,0.994113809979846
26,43,2.8143434188408563,0.0,0.001325766488909824,0.0,0.0,-0.0006683700089565988,-0.0011449621453321671,0.8830802559267843
26,44,2.8797932657906435,0.0,0.0036384396094926853,0.0,0.0,0.0036309233734320686,0.00023374825815388123,1.0241133517840706
26,45,2.9452431127404313,0.0,0.004065878520023713,0.0,0.0,-0.0009931811974067811,-0.003942709632816985,1.0029642548755413
26,46,3.010692959690218,0.0,0.005466917113059674,0.0,0.0,-0.00046511915290418677,-0.005447095271304369,0.9900428192332695
26,47,3.076142806640006,0.0,0.0012441513788509367,0.0,0.0,0.0009452330443560894,-0.0008089790759679794,1.0113972899737766
26,48,3.141592653589793,0.0,0.00041666666666666686,0.0,0.0,-0.00041666666666666686,0.0,0.96575
27,0,0.0,0.0,0.0024375,0.0,0.0,-0.0024375,0.0,8.373943398195701e-33
27,1,0.06544984694978735,0.0,0.0022539690960857502,0.0,0.0,0.002205705626037979,0.0004639389802269492,1.5411764461667001
27,2,0.1308996938995747,0.0,0.0002787172047005031,0.0,0.0,0.0001484778549669611,-0.0002358762531084302,1.1755289455012738
27,3,0.19634954084936207,0.0,0.0016509525914527503,0.0,0.0,0.000644716520644702,0.0015198635028292316,0.9685626858571507
27,4,0.2617993877991494,0.0,0.0019186839064260566,0.0,0.0,0.0014537296277256037,-0.0012522052955690334,0.9714363351002112
27,5,0.3272492347489368,0.0,0.0015534368595869746,0.0,0.0,0.0006505654058520651,-0.0014106490454510573,0.9778356733909487
27,6,0.39269908169872414,0.0,0.0026672696773325576,0.0,-0.0,0.0023714833929988416,0.001220816959395809,0.9866898043616937
27,7,0.4581489286485115,0.0,0.0033999971088403374,0.0,0.0,0.001919371297106617,-0.002806420168821111,1.0465218479889504
27,8,0.5235987755982988,0.0,0.002642709806189579,0.0,0.0,0.0022475022607105913,0.001390197362906197,0.9708775044166376
27,9,0.5890486225480862,0.0,0.00401397085022461,0.0,0.0,-0.0036757206414557335,0.0016127739309739365,1.0240049410794356
27,10,0.6544984694978736,0.0,0.0031579573577343615,0.0,0.0,0.0023686140712144395,-0.0020886268347681328,0.9525078283395597
27,11,0.7199483164476609,0.0,0.007082939213169051,0.0,0.0,0.004596721947618012,0.005388708122893157,0.9774013864058785
27,12,0.7853981633974483,0.0,0.001136651057219615,0.0,0.0,-0.000832360808453626,0.0007740485194281393,0.9838942039481912
27,13,0.8508480103472357,0.0,0.0034406844444180864,0.0,0.0,-0.0013257641434564755,0.0031750053357412983,0.9925902713155131
27,14,0.916297857297023,0.0,0.0019894406771952815,0.0,0.0,-0.0016864244879549045,-0.0010553893378773818,0.9934955078158971
27,15,0.9817477042468102,0.0,0.0009092290382374434,0.0,0.0,0.0003030279658754665,-0.0008572464615684123,0.9612364876971369
27,16,1.0471975511965976,0.0,0.0033577879002899117,0.0,0.0,-0.00321875,-0.0009562363833453178,0.9619583333333334
27,17,1.1126473981463851,0.0,0.0010691751770478567,0.0,0.0,0.0005379015550196207,0.0009240116213137094,0.9655831205156722
27,18,1.1780972450961724,0.0,0.0015666390184667677,0.0,0.0,0.0001241883642857304,-0.0015617090203871374,0.9807652233206845
27,19,1.2435470920459597,0.0,0.0021551027689763985,0.0,0.0,-0.0019772238323052848,-0.0008573528222463281,0.9713457469614971
27,20,1.3089969389957472,0.0,0.0047941651600244784,0.0,0.0,0.00023192616776927626,0.004788551955894014,0.9496711258928022
27,21,1.3744467859455345,0.0,0.0018657927172261058,0.0,0.0,0.001863261260891599,-9.715933982187811e-05,0.9768836013644928
27,22,1.4398966328953218,0.0,0.003149752855391638,0.0,0.0,-0.0011323163536665335,-0.0029391840237159537,0.9415192164044508
27,23,1.505346479845109,0.0,0.0040451986202363266,0.0,0.0,-0.0024948969761906096,-0.003184198636290901,0.9874735599177229
27,24,1.5707963267948966,0.0,0.003775434577634739,0.0,-0.0,-0.00043749999999999985,0.00375,1.000625
27,25,1.636246173744684,0.0,0.000869614424920728,0.0,0.0,-0.0008692095615708735,-2.6532736458544728e-05,0.9781578825204394
27,26,1.7016960206944713,0.0,0.0032530745415245204,0.0,0.0,-0.0018903120421606343,-0.002647492087991475,0.9892829899141464
27,27,1.7671458676442586,0.0,0.0034872189183178495,0.0,0.0,-0.002772899710099836,0.00211464488319012,1.0064295615991181
27,28,1.832595714594046,0.0,0.004478242665537325,0.0,0.0,-0.004228719853358136,0.0014739693935945889,0.9140071924389829
27,29,1.8980455615438334,0.0,0.0016551040284720165,0.0,0.0,-0.0016531930339565518,7.951187044604748e-05,0.9591546568542609
27,30,1.9634954084936205,0.0,0.002340931964143384,0.0,0.0,0.0021894329663218193,-0.0008284598642851932,1.0083487377099936
27,31,2.028945255443408,0.0,0.0027422010813557235,0.0,0.0,-0.0015682639747273575,0.0022494921373858697,0.9618712938104247
27,32,2.0943951023931953,0.0,0.0020120082214875106,0.0,0.0,0.0019687500000000004,0.0004149705059800439,0.9572083333333333
27,33,2.159844949342983,0.0,0.0026732264557816133,0.0,0.0,0.0020584767270084943,0.0017055243323550449,0.9394129347163561
27,34,2.2252947962927703,0.0,0.003206350213419484,0.0,0.0,-0.0018214529911100602,-0.0026387479402685257,0.9565463784236382
27,35,2.2907446432425576,0.0,0.0010468651174507682,0.0,0.0,-8.613488718887828e-05,-0.0010433155588527232,0.9724353219146319
27,36,2.356194490192345,0.0,0.0027513639419001253,0.0,0.0,0.002290694141786959,0.0015240485194281395,0.9900224627184756
27,37,2.421644337142132,0.0,0.0008366818400055016,0.0,0.0,0.000800780450656583,-0.00024246065916191765,0.9345252628060942
27,38,2.4870941840919194,0.0,0.0015236440004886295,0.0,0.0,0.0009955126368166177,-0.0011534494484646562,1.0027703947732678
27,39,2.5525440310417067,0.0,0.0032241329347706005,0.0,0.0,0.003081982901538142,-0.0009467917277305615,0.9865151771641876
27,40,2.6179938779914944,0.0,0.0010259352872392916,0.0,0.0,-0.0007475022607105915,-0.0007026973629061962,0.9251224955833623
27,41,2.6834437249412812,0.0,0.0031942405446643367,0.0,0.0,-0.0030271845748609093,-0.0010194734949481006,0.96627575259356
27,42,2.748893571891069,0.0,0.004691337107916912,0.0,0.0,-0.0027684380569397244,0.0037873994488310863,0.9896962346076269
27,43,2.8143434188408563,0.0,0.0027457940441748484,0.0,0.0,-0.0027431887742959274,-0.00011958378486599576,0.9369393383414061
27,44,2.8797932657906435,0.0,0.0033809786720499914,0.0,0.0,0.003209730724529923,0.001062377266730392,0.9387186799013367
27,45,2.9452431127404313,0.0,0.002684162500816712,0.0,0.0,-0.0015028450244028353,-0.002224002060120059,0.978621277188784
27,46,3.010692959690218,0.0,0.002901273528017169,0.0,0.0,-0.002898765354772551,0.0001206130272547601,0.9733487388277648
27,47,3.076142806640006,0.0,0.004755009794195184,0.0,0.0,0.00403401347626199,-0.0025173107508269163,0.9860457718296338
27,48,3.141592653589793,0.0,0.0005624999999999996,0.0,0.0,0.0005624999999999996,0.0,1.0289583333333334
28,0,0.0,0.0,0.0010416666666666667,0.0,0.0,-0.0010416666666666667,0.0,8.473578173985334e-33
28,1,0.06544984694978735,0.0,0.004018069715646101,0.0,0.0,0.0038564416716513985,0.001128158620470946,1.6149213940585072
28,2,0.1308996938995747,0.0,0.004947128086994671,0.0,0.0,0.0005461595127301445,-0.00491688784657388,1.1723567761886007
28,3,0.19634954084936207,0.0,0.001012867671103838,0.0,0.0,-0.0010067526567604991,-0.00011113058657718491,1.0424106116577423
28,4,0.2617993877991494,0.0,0.004718438453297533,0.0,0.0,-0.0021894550012760503,0.004179706716379046,0.9480041184026837
28,5,0.3272492347489368,0.0,0.0028227777754460588,0.0,0.0,0.0028227776735299196,-7.585335948002257e-07,0.9897804757491465
28,6,0.39269908169872414,0.0,0.005041514683424707,0.0,-0.0,-0.004726002370206952,-0.0017554976217543554,0.9035067131951248
28,7,0.4581489286485115,0.0,0.00533093185638632,0.0,0.0,-0.005330856543296726,2.8336764546747605e-05,0.9643076010565291
28,8,0.5235987755982988,0.0,0.004606049220412473,0.0,0.0,-0.0043148366525349435,0.0016117921959121762,0.9687258950911627
28,9,0.5890486225480862,0.0,0.002513722287583139,0.0,0.0,0.0024547818092276884,-0.0005411524814477403,0.9428400136780133
28,10,0.6544984694978736,0.0,0.0014597882301352844,0.0,0.0,-0.0004944794827280116,-0.0013734888852854048,1.065714914825012
28,11,0.7199483164476609,0.0,0.002988854573770076,0.0,0.0,0.0014963168365116416,-0.002587332137147857,0.8959434402017751
28,12,0.7853981633974483,0.0,0.004028459583612172,0.0,0.0,0.002499640751193685,0.00315915854805811,0.955472246293105
28,13,0.8508480103472357,0.0,0.0015851088241319146,0.0,0.0,-0.0009525538929082367,-0.0012669692440806229,0.9566764651694019
28,14,0.916297857297023,0.0,0.0007597427679222673,0.0,0.0,-0.000464791566457814,-0.0006009807593924115,1.0550952833411522
28,15,0.9817477042468102,0.0,0.0025278647895099313,0.0,0.0,0.0014172687047009566,-0.002093191298644097,0.9755887952574566
28,16,1.0471975511965976,0.0,0.0010680004681646912,0.0,0.0,-0.00043750000000000006,-0.0009742785792574932,1.0042083333333334
28,17,1.1126473981463851,0.0,0.001878451787756952,0.0,0.0,0.001689770330950741,-0.0008205226063710327,0.9470924761428248
28,18,1.1780972450961724,0.0,0.0019516191242292993,0.0,0.0,0.0019486670146835494,0.00010730364365593901,0.9152089556826404
28,19,1.2435470920459597,0.0,0.0047154771461045296,0.0,0.0,0.0014798851545712102,0.004477238506570078,0.9514249282261852
28,20,1.3089969389957472,0.0,0.001546588887303035,0.0,0.0,0.001544945093356676,7.12870594313699e-05,1.0139241772254761
28,21,1.3744467859455345,0.0,0.0021429340355178738,0.0,0.0,0.000840764218616111,0.0019711118205915563,1.0010056862703507
28,22,1.4398966328953218,0.0,0.0017044183980188278,0.0,0.0,0.0015404756089075237,0.000729367516322232,0.9471365653421092
28,23,1.505346479845109,0.0,0.002329903852453117,0.0,0.0,-0.002156510755871231,0.000881993946400749,0.9670783294421214
28,24,1.5707963267948966,0.0,0.004584280205223062,0.0,-0.0,0.002,0.004125,0.9546666666666667
28,25,1.636246173744684,0.0,0.002497399552901158,0.0,0.0,0.0018625608532978615,0.0016636921573996931,0.9732858462668655
28,26,1.7016960206944713,0.0,0.0026518465461814835,0.0,0.0,-0.002650950927724328,-6.891504401935569e-05,0.9393051719799258
28,27,1.7671458676442586,0.0,0.00024906282338465265,0.0,0.0,-0.00017986479571548906,0.00017228158710251096,1.052888351396455
28,28,1.832595714594046,0.0,0.005276640408858775,0.0,0.0,0.005235743030587466,-0.0006556896537662275,1.0161167299926646
28,29,1.8980455615438334,0.0,0.0019961850753700385,0.0,0.0,0.0003053326756769524,0.0019726953166401646,0.9385850659967656
28,30,1.9634954084936205,0.0,0.0034858935972176762,0.0,0.0,-0.0023850456840760004,0.002542245317823131,0.9713907076084328
28,31,2.028945255443408,0.0,0.003655805268865355,0.0,0.0,0.0027336895341325594,0.00242731409068497,0.9832166053510619
28,32,2.0943951023931953,0.0,0.0032797781090257378,0.0,0.0,0.0025833333333333333,-0.00202072594216369,0.9399583333333333
28,33,2.159844949342983,0.0,0.0018696571718878287,0.0,0.0,-0.0007721183244458055,-0.0017027775055616032,0.9259104551762678
28,34,2.2252947962927703,0.0,0.000929155925150277,0.0,0.0,0.0006450266608652343,0.0006687834776778754,0.9862069877199494
28,35,2.2907446432425576,0.0,0.0026090820122371683,0.0,0.0,0.0009055370249865064,-0.0024468983720126463,0.9839379875523732
28,36,2.356194490192345,0.0,0.0005143626529587838,0.0,0.0,8.36925821396482e-05,-0.0005075081186085564,0.987527753706895
28,37,2.421644337142132,0.0,0.004369369959637177,0.0,0.0,-0.0012647645770419043,-0.004182315675417124,0.9481681343144791
28,38,2.4870941840919194,0.0,0.001930286595929502,0.0,0.0,-0.0019237894833919935,0.0001582414800722976,0.9803543930171345
28,39,2.5525440310417067,0.0,0.002198094281542649,0.0,0.0,0.002166100156802587,0.00037366907986920855,0.9953602068957069
28,40,2.6179938779914944,0.0,0.00200985544566543,0.0,0.0,-0.0012476633474650565,0.0015757078040878243,0.8736074382421705
28,41,2.6834437249412812,0.0,0.0009959317596561117,0.0,0.0,-0.0009261181989009357,0.00036631291480946444,0.9621135061518983
28,42,2.748893571891069,0.0,0.0031821895829529977,0.0,0.0,0.0015790477062660692,0.0027627773857461695,0.9698936235138004
28,43,2.8143434188408563,0.0,0.0008573685145085801,0.0,0.0,-0.00024616846315075197,0.0008212684441890156,0.9691871228359711
28,44,2.8797932657906435,0.0,0.002609692539264043,0.0,0.0,0.0018254335439985743,0.0018650167629099782,0.9974549743791746
28,45,2.9452431127404313,0.0,0.004812355344961659,0.0,0.0,0.00407982088757445,-0.0025522197184984427,0.909329213001339
28,46,3.010692959690218,0.0,0.0032074275459825765,0.0,0.0,0.000635683011132579,-0.0031438032018695494,1.0118299075861101
28,47,3.076142806640006,0.0,0.0011145816764823139,0.0,0.0,0.0002246606758609963,0.0010917050399589653,1.0169472881507542
28,48,3.141592653589793,0.0,0.0016250000000000006,0.0,0.0,-0.0016250000000000006,0.0,1.0018333333333334
29,0,0.0,0.0,0.0031666666666666666,0.0,0.0,-0.0031666666666666666,0.0,7.716045729193022e-33
29,1,0.06544984694978735,0.0,0.004964653967074042,0.0,0.0,0.0040079896270990185,-0.0029298136735722105,1.5988392035133885
29,2,0.1308996938995747,0.0,0.005783751768565607,0.0,0.0,-0.0025506529180694933,-0.005190949259232781,1.1901466621040087
29,3,0.19634954084936207,0.0,0.001670772325200987,0.0,0.0,0.0012332608695729166,-0.0011271857833728062,1.0148155816980204
29,4,0.2617993877991494,0.0,0.0012814100366223186,0.0,0.0,0.0009558278457103307,0.0008534663504328453,0.9809616480849015
29,5,0.3272492347489368,0.0,0.0038848522056975435,0.0,0.0,0.003226465901532092,0.0021637916827559377,0.9688735489530463
29,6,0.39269908169872414,0.0,0.0027836001359194127,0.0,-0.0,0.0016810623147083027,-0.0022186615809442717,0.9938730298573576
29,7,0.4581489286485115,0.0,0.003059183476712222,0.0,0.0,-0.0005572038127190544,0.003008010547734237,1.0212041724183298
29,8,0.5235987755982988,0.0,0.0035316594244316673,0.0,0.0,0.003463461123289434,-0.0006906919267225498,0.948866182635371
29,9,0.5890486225480862,0.0,0.0039223347151960564,0.0,0.0,0.002562277333965823,-0.0029697549531698952,0.9227509270860245
29,10,0.6544984694978736,0.0,0.002562813370479605,0.0,0.0,0.002543160200061921,0.0003167784221345312,1.0666576841980104
29,11,0.7199483164476609,0.0,0.004089542326340271,0.0,0.0,0.003433840791385567,0.0022210569237066245,0.9548885252475428
29,12,0.7853981633974483,0.0,0.003758813616177002,0.0,0.0,0.003120019388548936,-0.002096224896387874,0.9415097613551199
29,13,0.8508480103472357,0.0,0.0024668979377867974,0.0,0.0,-0.0015643084204773697,0.0019074917040659313,1.014558308604725
29,14,0.916297857297023,0.0,0.0015209314890917863,0.0,0.0,0.001182716977989958,0.0009562495199921723,0.9871607161520667
29,15,0.9817477042468102,0.0,0.003563623221663883,0.0,0.0,-0.001968463032309177,0.0029706167299761565,0.9629145209577917
29,16,1.0471975511965976,0.0,0.0053430494180134,0.0,0.0,-0.0004687500000000005,-0.005322447794091863,0.88675
29,17,1.1126473981463851,0.0,0.005067422845773886,0.0,0.0,0.001093307938621637,0.004948075590491522,0.9478858784667866
29,18,1.1780972450961724,0.0,0.0021141459326383975,0.0,0.0,-0.0009762600925383484,0.0018752411194853037,1.0135078842885796
29,19,1.2435470920459597,0.0,0.0020831858998804492,0.0,0.0,-0.00021322849667861408,-0.0020722444599189775,0.9677553135452014
29,20,1.3089969389957472,0.0,0.0002148607775000012,0.0,0.0,0.00019842386382580638,-8.242040992583607e-05,0.9929160513752975
29,21,1.3744467859455345,0.0,0.006225738558256742,0.0,0.0,0.00598879264583955,-0.001701229920058677,0.9653366707821878
29,22,1.4398966328953218,0.0,0.0016737946941230088,0.0,0.0,0.0005450055715944207,-0.0015825794150706547,0.9993691021326653
29,23,1.505346479845109,0.0,0.006555955471068465,0.0,0.0,-0.00023557529657953135,0.006551721637728056,0.9579845906027026
29,24,1.5707963267948966,0.0,0.0022716932622556633,0.0,-0.0,0.0018541666666666667,0.0013124999999999999,0.9198333333333334
29,25,1.636246173744684,0.0,0.0038800863621114364,0.0,0.0,0.0028349361864554393,-0.002649189875446577,1.0047046806590607
29,26,1.7016960206944713,0.0,0.0033575315753964436,0.0,0.0,-0.0029942992212038345,0.0015189438612675044,0.9362618794956434
29,27,1.7671458676442586,0.0,0.002240076261081503,0.0,0.0,-0.0011127456078626277,-0.0019441550523667903,0.9518623548610804
29,28,1.832595714594046,0.0,0.0024198883008746327,0.0,0.0,0.002374439107256038,-0.0004667957954427893,0.9857122546199425
29,29,1.8980455615438334,0.0,0.003927773412362613,0.0,0.0,0.002736306813958823,0.00281780570635116,0.9693863106426436
29,30,1.9634954084936205,0.0,0.0019311503552392423,0.0,0.0,0.0011225578962172323,0.00157137056870141,0.9755051507925542
29,31,2.028945255443408,0.0,0.0050922649704557505,0.0,0.0,0.0050917648682371665,-7.136564941521e-05,1.016432533956768
29,32,2.0943951023931953,0.0,0.0013181097050110977,0.0,0.0,0.0011145833333333333,0.0007036456405748555,1.002
29,33,2.159844949342983,0.0,0.0018094553263360495,0.0,0.0,0.0006015433899973876,0.0017065386394560043,0.9405810860995265
29,34,2.2252947962927703,0.0,0.002361079365290614,0.0,0.0,-0.002328959011670731,-0.00038813102318523905,0.9630440623122966
29,35,2.2907446432425576,0.0,0.004713021515705499,0.0,0.0,-0.00456959791817363,-0.001153839968854513,0.9882087780643299
29,36,2.356194490192345,0.0,0.0003838774094799492,0.0,0.0,0.0003799806114510642,-5.4558229721207024e-05,1.020823571978213
29,37,2.421644337142132,0.0,0.004099449276341172,0.0,0.0,0.0014296691058179878,-0.0038420737391627133,0.9388594557867941
29,38,2.4870941840919194,0.0,0.0030912614588258095,0.0,0.0,-0.00031598956885616977,0.003075068779587859,0.9568403325921692
29,39,2.5525440310417067,0.0,0.00374240832403891,0.0,0.0,0.0030891601052103904,-0.0021125127001304046,1.0003143725778412
29,40,2.6179938779914944,0.0,0.001860253055916104,0.0,0.0,0.0004323722100438989,-0.00180930807327745,0.9250504840312957
29,41,2.6834437249412812,0.0,0.006236191440128473,0.0,0.0,0.006128433110473814,0.0011542925488713372,1.0198828453898963
29,42,2.748893571891069,0.0,0.005338914164244091,0.0,0.0,0.0050059732149461455,-0.0018558654650614988,0.9461139350615065
29,43,2.8143434188408563,0.0,0.005227183516087911,0.0,0.0,0.0036990659131570375,0.003693285648441082,0.889060680829609
29,44,2.8797932657906435,0.0,0.002379978384136943,0.0,0.0,-0.0004036908167921758,-0.002345491597383534,0.9540767125865227
29,45,2.9452431127404313,0.0,0.002193158547806472,0.0,0.0,-0.00206049237108093,0.0007512094278787232,0.9487578192708616
29,46,3.010692959690218,0.0,0.0017736398047773201,0.0,0.0,-0.00041431536317940393,0.0017245697831413053,0.9755195610131363
29,47,3.076142806640006,0.0,0.00274927009194237,0.0,0.0,-0.0008751996454437205,-0.0026062447350669107,0.9821418399858425
29,48,3.141592653589793,0.0,0.0018750000000000004,0.0,0.0,-0.0018750000000000004,0.0,1.00275
30,0,0.0,0.0,0.00375,0.0,0.0,-0.00375,0.0,9.170508023194264e-33
30,1,0.06544984694978735,0.0,0.00048505155545745094,0.0,0.0,-0.0002530244323783415,0.00041382804166865093,1.5140100308325481
30,2,0.1308996938995747,0.0,0.004403213146023202,0.0,0.0,0.0010368483424008984,-0.004279396163499245,1.228919991355899
30,3,0.19634954084936207,0.0,0.0028348906908582665,0.0,0.0,-0.00037743689198123907,-0.002809652402288654,0.9998292888154636
30,4,0.2617993877991494,0.0,0.001983456228634057,0.0,0.0,-0.0007668231484809388,-0.001829229583693916,0.9650792425534767
30,5,0.3272492347489368,0.0,0.003163919411643912,0.0,0.0,-0.0026662831055282205,-0.0017033262883405361,1.0167392562584574
30,6,0.39269908169872414,0.0,0.0013770806642461662,0.0,-0.0,-0.0008366718148709188,0.0010937693678473837,1.04084212564083
30,7,0.4581489286485115,0.0,0.0026474503895274775,0.0,0.0,-0.0011560242098493552,-0.002381722400123777,0.9837270556452465
30,8,0.5235987755982988,0.0,0.0011513178636127492,0.0,0.0,-0.00023708559404392546,0.0011266424651018014,0.9784874470754503
30,9,0.5890486225480862,0.0,0.00016107109172859183,0.0,0.0,-0.0001372792709408731,8.42513997544421e-05,0.993801666152185
30,10,0.6544984694978736,0.0,0.0023712691271070376,0.0,0.0,5.7799464145802244e-05,-0.0023705645941664256,0.9124169387931284
30,11,0.7199483164476609,0.0,0.0026577116289024857,0.0,0.0,-0.0002961911888297407,0.0026411554066474636,1.0525325815185378
30,12,0.7853981633974483,0.0,0.003284194382474333,0.0,0.0,-0.0012029190702120334,0.00305596440627115,0.97533201961281
30,13,0.8508480103472357,0.0,0.002398647624531569,0.0,0.0,0.0023283515825668925,0.0005764454307470794,0.9911711562475238
30,14,0.916297857297023,0.0,0.0019349826392901605,0.0,0.0,-0.000864401383303833,0.00173117534146508,0.9905271766194482
30,15,0.9817477042468102,0.0,0.0010347910072234412,0.0,0.0,0.0010175665948086027,0.00018801769533777617,0.9503595495022222
30,16,1.0471975511965976,0.0,0.001964529205687714,0.0,0.0,-0.0012499999999999996,0.001515544456622768,0.91375
30,17,1.1126473981463851,0.0,0.003313498145452552,0.0,0.0,0.0020544608591164357,-0.002599703932811592,0.9915017192076228
30,18,1.1780972450961724,0.0,0.002550686460324937,0.0,0.0,0.0008667455476316947,0.0023989067456959617,0.9508910982710495
30,19,1.2435470920459597,0.0,0.002789999772121302,0.0,0.0,-0.0023688621371531614,-0.001473971133909709,1.0365465797416087
30,20,1.3089969389957472,0.0,0.004302711870835558,0.0,0.0,-0.003140952145263668,-0.0029407055385728084,0.9685147834019109
30,21,1.3744467859455345,0.0,0.0025525994845365936,0.0,0.0,0.002477657340905721,0.0006139855287484184,0.9235381531329588
30,22,1.4398966328953218,0.0,0.003859982078233234,0.0,0.0,-0.0024727314710555463,0.002963960309507068,0.958002170090114
30,23,1.505346479845109,0.0,0.0015700071898712027,0.0,0.0,0.0015592021367327124,-0.0001838784192215474,0.9848517344767784
30,24,1.5707963267948966,0.0,0.002375365468956537,0.0,-0.0,-0.0014583333333333327,0.001875,0.9541666666666666
30,25,1.636246173744684,0.0,0.002002166965771168,0.0,0.0,0.0019624922269074713,-0.0003966066289827747,1.0013026162109804
30,26,1.7016960206944713,0.0,0.00508576053766159,0.0,0.0,0.00411293459150815,0.0029914426774403672,1.006670416358439
30,27,1.7671458676442586,0.0,0.0035961914649130615,0.0,0.0,0.0007895306623372947,-0.0035084518502528695,0.9529206561880869
30,28,1.832595714594046,0.0,0.0033310613732122183,0.0,0.0,-0.003330628300053721,5.371218658487547e-05,0.9455358578609717
30,29,1.8980455615438334,0.0,0.004401674546241834,0.0,0.0,0.0031459804048677735,-0.0030785623435657843,0.9659606085316902
30,30,1.9634954084936205,0.0,0.004531871265569369,0.0,0.0,-0.004070891169990513,-0.0019914071029768343,0.959048734655974
30,31,2.028945255443408,0.0,0.004274352047819209,0.0,0.0,-0.0014287641652031187,0.004028488350352736,0.9486416417627147
30,32,2.0943951023931953,0.0,0.0023946555075835024,0.0,0.0,0.0021874999999999998,0.0009742785792574947,0.9758333333333334
30,33,2.159844949342983,0.0,0.006675326657182198,0.0,0.0,-0.00320432154973599,-0.005855963574509732,1.0298131998527307
30,34,2.2252947962927703,0.0,0.0034715592687412588,0.0,0.0,0.0014161200581263075,0.0031695942543732134,0.9711203070491932
30,35,2.2907446432425576,0.0,0.002894185617789586,0.0,0.0,-3.578787991725806e-05,-0.0028939643428817705,0.9381303732415566
30,36,2.356194490192345,0.0,0.003676431774350962,0.0,0.0,0.001036252403545367,-0.003527368927062182,0.9938346470538565
30,37,2.421644337142132,0.0,0.0009615677456513289,0.0,0.0,0.0009610823798956548,-3.054813465799514e-05,0.9223180027262314
30,38,2.4870941840919194,0.0,0.00203725121110736,0.0,0.0,0.0020132919075626548,-0.00031152558819642933,0.9895422450431531
30,39,2.5525440310417067,0.0,0.002017570412677384,0.0,0.0,0.0007389662858539843,0.0018773702880578345,0.9731354088746191
30,40,2.6179938779914944,0.0,0.0027586647251551,0.0,0.0,0.0027579189273772586,-6.41424651018018e-05,0.9820958862578832
30,41,2.6834437249412812,0.0,0.002695606543145102,0.0,0.0,0.0012995094804891028,0.002361687901812098,0.9936909958061855
30,42,2.748893571891069,0.0,0.0017758210094435342,0.0,0.0,-0.0015425158961035956,-0.0008798778141587468,0.9838847080988118
30,43,2.8143434188408563,0.0,0.0021596586508145174,0.0,0.0,-0.0011937981104360978,0.0017997142994256572,0.933929809036222
30,44,2.8797932657906435,0.0,0.0011149261889875906,0.0,0.0,-0.00021992973953500485,0.001093019357815065,0.9507034495169746
30,45,2.9452431127404313,0.0,0.0026318460828065908,0.0,0.0,-0.002471349837914167,0.0009050103768609588,0.9892687441484002
30,46,3.010692959690218,0.0,0.0015997970992921988,0.0,0.0,0.0015334718239488996,-0.00045586722196114173,0.9881340880239589
30,47,3.076142806640006,0.0,0.0026159224993349862,0.0,0.0,-0.0007456771746140834,0.0025073922855800923,0.8982791720894269
30,48,3.141592653589793,0.0,0.004499999999999999,0.0,0.0,0.004499999999999999,0.0,0.9227500000000001
31,0,0.0,0.0,0.0011666666666666665,0.0,0.0,-0.0011666666666666665,0.0,7.024765274487631e-33
31,1,0.06544984694978735,0.0,0.003137081283066144,0.0,0.0,0.0005688783301321084,-0.0030850699217473223,1.5543339196090231
31,2,0.1308996938995747,0.0,0.002690096103010492,0.0,0.0,-0.0017386990162593088,-0.0020526915925903597,1.1042218262166588
31,3,0.19634954084936207,0.0,0.0024471821102354393,0.0,0.0,0.0014363610982421893,-0.0019813043875469686,1.0017403668652045
31,4,0.2617993877991494,0.0,0.002853738913232833,0.0,0.0,0.000440939710777816,-0.002819467672515237,0.9729558846132574
31,5,0.3272492347489368,0.0,0.005148813343026786,0.0,0.0,0.004516964067339034,-0.0024712981316908494,0.9981493575288579
31,6,0.39269908169872414,0.0,0.0017565970864222354,0.0,-0.0,0.0017420617443290227,-0.00022550876473522919,1.0917449033091806
31,7,0.4581489286485115,0.0,0.0010938346332220984,0.0,0.0,8.755071988445764e-05,0.0010903252158341729,0.9818099047190193
31,8,0.5235987755982988,0.0,0.002525445922543182,0.0,0.0,-0.0017824916758004095,-0.0017890222283113845,0.9370936963044157
31,9,0.5890486225480862,0.0,0.0030441390295801126,0.0,0.0,-0.002405072712905424,-0.0018661210242239632,0.970106743297879
31,10,0.6544984694978736,0.0,0.0013541200178635814,0.0,0.0,0.0005185908569565209,0.0012508815075217825,1.003600361878851
31,11,0.7199483164476609,0.0,0.0018310885726545642,0.0,0.0,-0.0016047978300096132,-0.0008817648698505548,0.9476850913298801
31,12,0.7853981633974483,0.0,0.0027145059700559673,0.0,0.0,0.0026635258834357815,0.0005236148677579044,0.9612444985685018
31,13,0.8508480103472357,0.0,0.000484249819440695,0.0,0.0,0.000347946260585363,0.00033679561661786574,0.9700293034726984
31,14,0.916297857297023,0.0,0.0032812863921243924,0.0,0.0,0.0005613441277628254,0.0032329140349484867,0.94977431995256
31,15,0.9817477042468102,0.0,0.0005102335142112832,0.0,0.0,0.0005020926535352657,-9.07810899378906e-05,0.9594449670586198
31,16,1.0471975511965976,0.0,0.0051584696400946055,0.0,0.0,0.0022604166666666667,0.004636844349429181,0.9675833333333334
31,17,1.1126473981463851,0.0,0.00395302863209295,0.0,0.0,-0.0006054171238051981,-0.003906392897847079,1.0062899066220925
31,18,1.1780972450961724,0.0,0.0022687506596197594,0.0,0.0,0.0013223975795046456,-0.0018435005281380711,0.9383848490480978
31,19,1.2435470920459597,0.0,0.0023292384873086673,0.0,0.0,0.0022150327583254775,0.0007204039216335483,0.9372619238110746
31,20,1.3089969389957472,0.0,0.0049881773303754335,0.0,0.0,0.0023221608502456467,-0.004414689350889574,0.9542802980901416
31,21,1.3744467859455345,0.0,0.0038224782354848576,0.0,0.0,-0.0022088199657511066,0.0031196881606427767,0.920555396955566
31,22,1.4398966328953218,0.0,0.0012177652539888265,0.0,0.0,-0.0012173414140304304,3.212624330454717e-05,0.9795710913145164
31,23,1.505346479845109,0.0,0.004064248424128063,0.0,0.0,0.0024226530100549763,0.0032632602786016028,0.9974575152785309
31,24,1.5707963267948966,0.0,0.0006725005163153737,0.0,-0.0,-0.0006458333333333332,-0.00018749999999999995,1.0503333333333333
31,25,1.636246173744684,0.0,0.0008514671144515558,0.0,0.0,-0.0008512200600576212,2.0509908531215978e-05,1.0192682421437655
31,26,1.7016960206944713,0.0,0.0063801558275236505,0.0,0.0,-0.006225881211562484,0.001394557823468522,0.9707524758741699
31,27,1.7671458676442586,0.0,0.0041300027071334245,0.0,0.0,0.0031080543841562986,-0.0027197279838351894,0.9689569960716701
31,28,1.832595714594046,0.0,0.005643562955831834,0.0,0.0,0.00425168970640109,0.003711190843505675,1.0307407423151937
31,29,1.8980455615438334,0.0,0.0031779851617935446,0.0,0.0,0.0031671298318885427,0.0002624467880191962,0.9675164425757173
31,30,1.9634954084936205,0.0,0.002300386478926739,0.0,0.0,-0.0005110189101121953,-0.0022429082963725255,0.9153148685087488
31,31,2.028945255443408,0.0,0.00042803661227473457,0.0,0.0,3.464169617805068e-05,-0.0004266325050128495,0.9449395748698866
31,32,2.0943951023931953,0.0,0.0034558851776514666,0.0,0.0,-0.0002604166666666669,-0.0034460594192255783,0.9834166666666667
31,33,2.159844949342983,0.0,0.004639468540952474,0.0,0.0,-0.0007685347424758427,0.004575371317400946,1.0047273132213381
31,34,2.2252947962927703,0.0,0.0020321787056908204,0.0,0.0,0.00020438068899243214,-0.0020218750767122574,0.996237701129941
31,35,2.2907446432425576,0.0,0.0005427304238879603,0.0,0.0,-0.00042372871038535574,-0.0003391316750301693,0.9546666284856028
31,36,2.356194490192345,0.0,0.002409010655545242,0.0,0.0,0.0020448074498975524,0.0012736148677579043,0.978922168098165
31,37,2.421644337142132,0.0,0.0025929105720499785,0.0,0.0,8.58514647046572e-05,0.0025914889080713064,0.9720960587464843
31,38,2.4870941840919194,0.0,0.0014782571794250768,0.0,0.0,-0.0008373616724023612,-0.0012182240016160018,0.9523137032868876
31,39,2.5525440310417067,0.0,0.0008560390305163384,0.0,0.0,0.00031275759120989933,0.0007968597812086729,0.9961531312742581
31,40,2.6179938779914944,0.0,0.0005618712318662602,0.0,0.0,0.000490825009133742,-0.00027347777168861605,0.9350729703622512
31,41,2.6834437249412812,0.0,0.0024368144827166703,0.0,0.0,-0.002413819230437178,0.0003339783614987415,0.8974153429947659
31,42,2.748893571891069,0.0,0.0018036454601158837,0.0,0.0,0.00177989291961186,0.00029175013369698313,0.9842220458006364
31,43,2.8143434188408563,0.0,0.0018501474947473788,0.0,0.0,-0.0017134075847783721,-0.0006980545829259686,0.9855646509547141
31,44,2.8797932657906435,0.0,0.0036428411484341855,0.0,0.0,-0.0007231236007578855,-0.0035703478669104846,0.9638564083147397
31,45,2.9452431127404313,0.0,0.002736603957192557,0.0,0.0,0.0020231616939887205,0.0018427745327355312,0.9929817519221321
31,46,3.010692959690218,0.0,0.0016880576385831536,0.0,0.0,0.0014016343072094728,0.0009407230517173234,0.9778618536797467
31,47,3.076142806640006,0.0,0.007321370993404533,0.0,0.0,0.0041657424003806705,0.00602071951486996,1.0008494701912167
31,48,3.141592653589793,0.0,0.0010416666666666669,0.0,0.0,0.0010416666666666669,0.0,0.9418333333333333
32,0,0.0,0.0,0.005145833333333333,0.0,0.0,-0.005145833333333333,0.0,8.779672639813279e-33
32,1,0.06544984694978735,0.0,0.002731295835203725,0.0,0.0,0.002592862905668643,-0.000858509692320813,1.4862394673444574
32,2,0.1308996938995747,0.0,0.004247374179608816,0.0,0.0,0.004238953639943201,0.0002673190229294251,1.2521327341625288
32,3,0.19634954084936207,0.0,0.0007622095591379799,0.0,0.0,0.0001622378419130803,-0.0007447431065090162,1.016227577327353
32,4,0.2617993877991494,0.0,0.0016581549853875866,0.0,0.0,-0.0015442684474811673,0.0006039146609247148,0.9571117685989106
32,5,0.3272492347489368,0.0,0.0018228951112973816,0.0,0.0,-0.0017808440172764662,-0.0003892828957487222,0.9584349386845488
32,6,0.39269908169872414,0.0,0.005576606866178901,0.0,-0.0,-0.004051704153730322,-0.0038317408041982854,1.0171021758238883
32,7,0.4581489286485115,0.0,0.002277112964252516,0.0,0.0,2.6452318712332293e-05,0.0022769593160181013,1.007144136620606
32,8,0.5235987755982988,0.0,0.002510837606643807,0.0,0.0,0.0002603629710818451,-0.002497301866059895,0.9377321659090772
32,9,0.5890486225480862,0.0,0.004939108165544581,0.0,0.0,-0.004937155768032603,-0.00013886105692941078,0.9962994914772211
32,10,0.6544984694978736,0.0,0.0018817376735391885,0.0,0.0,0.0014477474019568275,0.0012020666088632251,1.005285605412229
32,11,0.7199483164476609,0.0,0.002648585504894058,0.0,0.0,-0.00046934040907700356,0.002606669284190525,1.0030037547408805
32,12,0.7853981633974483,0.0,0.0014264539149269073,0.0,0.0,-0.0003271569884107985,0.0013884304362640127,0.9390068512583468
32,13,0.8508480103472357,0.0,0.0015364866694817295,0.0,0.0,-9.015664246721903e-05,-0.0015338393218698285,0.9767958754333304
32,14,0.916297857297023,0.0,0.003952056908105025,0.0,0.0,-0.0020349797567345423,0.003387862334065727,0.9301847910468601
32,15,0.9817477042468102,0.0,0.0013097500103547506,0.0,0.0,0.0012963136409412264,0.00018712571692306313,0.9797626933879607
32,16,1.0471975511965976,0.0,0.004645786621588785,0.0,0.0,-0.0045,-0.0011547005383792512,0.9884166666666667
32,17,1.1126473981463851,0.0,0.003938551388131455,0.0,0.0,0.0039384480423623296,-2.853164146257089e-05,0.9653766706716184
32,18,1.1780972450961724,0.0,0.0022939552285307606,0.0,0.0,0.0022197827724923912,0.0005786147539162883,0.9771307213680482
32,19,1.2435470920459597,0.0,0.002515480219942714,0.0,0.0,0.0004474485064139786,0.002475364734949366,0.9245148641191103
32,20,1.3089969389957472,0.0,0.0019026240192919876,0.0,0.0,0.0006826293980502094,-0.0017759491163049708,0.9687161658140245
32,21,1.3744467859455345,0.0,0.0004922416023142507,0.0,0.0,-0.0004809253201115548,0.00010494108596969735,0.9626761873036201
32,22,1.4398966328953218,0.0,0.0032682181705891732,0.0,0.0,-0.0027487922567332587,0.0017678775805729657,0.9697820634916208
32,23,1.505346479845109,0.0,0.0028941860269313395,0.0,0.0,0.0019315565276387604,0.0021553194981303136,0.9762566129041989
32,24,1.5707963267948966,0.0,0.0013052045923064239,0.0,-0.0,-0.0011875000000000002,0.0005416666666666665,0.9427916666666666
32,25,1.636246173744684,0.0,0.0029321799829892894,0.0,0.0,0.0012261361942701907,0.0026635069899933962,1.0071706387105148
32,26,1.7016960206944713,0.0,0.005772726546785205,0.0,0.0,-0.004832320336673339,-0.0031580139245627,0.9528262586387547
32,27,1.7671458676442586,0.0,0.0010867472997169374,0.0,0.0,0.0009981098749466575,0.0004298794842464834,0.9467502872100201
32,28,1.832595714594046,0.0,0.0036047651332014067,0.0,0.0,-0.003602580994920478,0.00012546649187067713,1.0242538037637494
32,29,1.8980455615438334,0.0,0.0037075087411267585,0.0,0.0,-0.003516019666132541,-0.0011761066162982578,0.9506399855300384
32,30,1.9634954084936205,0.0,0.003141937682323666,0.0,0.0,-0.0028109834732405964,-0.0014036182931173428,1.0047353440934137
32,31,2.028945255443408,0.0,0.00040374347945347207,0.0,0.0,0.0001095529183283798,-0.00038859613390631096,0.9235904339936082
32,32,2.0943951023931953,0.0,0.0033543607604297884,0.0,0.0,-0.001708333333333333,0.0028867513459481286,0.9814166666666666
32,33,2.159844949342983,0.0,0.0016072483097901785,0.0,0.0,-0.0015510565152587156,0.00042127285195805693,0.9922587945705285
32,34,2.2252947962927703,0.0,0.005435839957524795,0.0,0.0,0.0037624679402516897,0.003923288294581648,0.9595713896695681
32,35,2.2907446432425576,0.0,0.001466991578022949,0.0,0.0,-0.0003556022678582501,-0.0014232397257961608,0.9559252037055496
32,36,2.356194490192345,0.0,0.0043036789889234085,0.0,0.0,-0.003214509678255868,-0.0028615695637359867,0.9509098154083198
32,37,2.421644337142132,0.0,0.0012166640438330098,0.0,0.0,0.0003692337246383336,-0.001159283335576681,0.938654250032659
32,38,2.4870941840919194,0.0,0.0006529229987269715,0.0,0.0,-0.0006313789653382405,0.0001663401466725146,0.9627020622868949
32,39,2.5525440310417067,0.0,0.002946249107706286,0.0,0.0,0.00028851360621959656,0.0029320886248008007,0.9374956030537224
32,40,2.6179938779914944,0.0,0.0020440972095162424,0.0,0.0,-0.001760362971081846,0.001038968532726562,0.9946011674242564
32,41,2.6834437249412812,0.0,0.0026732006003824843,0.0,0.0,-0.0020388980477187304,0.0017288424453645347,0.9498259223291908
32,42,2.748893571891069,0.0,0.002329257173668984,0.0,0.0,-0.0016070951455214744,0.0016860261487680833,1.0345317587146468
32,43,2.8143434188408563,0.0,0.002784423642194436,0.0,0.0,0.0025044588685522143,-0.0012168404969187586,1.0006863830611286
32,44,2.8797932657906435,0.0,0.002766822987168704,0.0,0.0,0.0010058867110181032,0.002577499052749066,0.9697515951566517
32,45,2.9452431127404313,0.0,0.0018801712819196217,0.0,0.0,0.001723962639382314,0.0007503311717963207,0.9768626990029089
32,46,3.010692959690218,0.0,0.005983516918146571,0.0,0.0,0.004298302333327661,0.00416257994050039,1.0115150952915415
32,47,3.076142806640006,0.0,0.001414021491864192,0.0,0.0,-0.0008952889560549506,0.0010944927887473139,0.9724075287852303
32,48,3.141592653589793,0.0,0.0034374999999999996,0.0,0.0,0.0034374999999999996,0.0,0.9380416666666668
33,0,0.0,0.0,0.0002708333333333331,0.0,0.0,0.0002708333333333331,0.0,7.685230850082827e-33
33,1,0.06544984694978735,0.0,0.0007651296795764301,0.0,0.0,-0.0005398304490513612,-0.0005422236741841288,1.4936241042138267
33,2,0.1308996938995747,0.0,0.0034592330031609584,0.0,0.0,0.0031604886852373785,-0.0014062731742604238,1.1838947284002115
33,3,0.19634954084936207,0.0,0.003293058999989245,0.0,0.0,0.0029598976096402462,-0.001443344628928283,1.0083668518292241
33,4,0.2617993877991494,0.0,0.001898306613869665,0.0,0.0,-0.0004814139837911638,-0.0018362485061863588,0.9995796694479059
33,5,0.3272492347489368,0.0,0.003547850008580298,0.0,0.0,-0.0020565966202187634,0.0028909600524891347,0.9732934170272839
33,6,0.39269908169872414,0.0,0.002361952423506874,0.0,-0.0,-0.002103645682158418,-0.0010740084240108356,0.9972507490896572
33,7,0.4581489286485115,0.0,0.003735477392601508,0.0,0.0,-0.0036185970214327634,-0.000927117547625376,1.035843495298882
33,8,0.5235987755982988,0.0,0.004959296619230365,0.0,0.0,0.0049591742198323505,3.484271602394217e-05,0.9969209890228506
33,9,0.5890486225480862,0.0,0.0017594426184608459,0.0,0.0,0.00042349550419697537,-0.0017077148138905708,1.0048533715238117
33,10,0.6544984694978736,0.0,0.0027887216099399415,0.0,0.0,-0.0021278148356137384,0.001802601520882555,0.9322116275494964
33,11,0.7199483164476609,0.0,0.003106079180913788,0.0,0.0,0.0024080317422689374,0.001961915137392873,0.9857871509277429
33,12,0.7853981633974483,0.0,0.0029311156260902397,0.0,0.0,0.002722705475801738,0.0010855015916845117,0.9691449224458039
33,13,0.8508480103472357,0.0,0.0030359950914393427,0.0,0.0,-0.003035949043134484,1.6721325742801288e-05,0.9904628599679718
33,14,0.916297857297023,0.0,0.0037859289443773862,0.0,0.0,0.003152391135202908,0.002096589636187443,0.9607493867782503
33,15,0.9817477042468102,0.0,0.0022487339121521578,0.0,0.0,-0.001053643804000842,-0.0019866149455679085,0.953373581472048
33,16,1.0471975511965976,0.0,0.002165364191847028,0.0,0.0,-0.002,0.0008299410119600868,0.9607916666666667
33,17,1.1126473981463851,0.0,0.004190494142729448,0.0,0.0,0.0040673313414594636,0.0010084923990944963,0.9556885351684782
33,18,1.1780972450961724,0.0,0.0027127194921020333,0.0,0.0,0.00271061127314394,-0.0001069278669725569,0.9834188065137447
33,19,1.2435470920459597,0.0,0.0017686960753060105,0.0,0.0,-0.001115466627738119,-0.0013725960837789948,0.9753451719690397
33,20,1.3089969389957472,0.0,0.002782966316651503,0.0,0.0,-0.0027562188414502115,0.00038491455889806057,0.9331352332301254
33,21,1.3744467859455345,0.0,0.0020030016045917134,0.0,0.0,-0.00045308963746661015,0.0019510830859851545,0.9686403259080447
33,22,1.4398966328953218,0.0,0.00516555647054731,0.0,0.0,-0.004436799257774859,-0.002645332870665173,0.9635095903340803
33,23,1.505346479845109,0.0,0.006348877722785883,0.0,0.0,-0.005809868525013768,0.0025600148556094767,0.9745977305373893
33,24,1.5707963267948966,0.0,0.004164634921307963,0.0,-0.0,0.0032500000000000003,-0.0026041666666666665,0.912875
33,25,1.636246173744684,0.0,0.003022284432729926,0.0,0.0,0.0022924429248483806,-0.001969494510942911,0.9845593931655262
33,26,1.7016960206944713,0.0,0.0012722733496425957,0.0,0.0,-0.0007054927894103603,0.0010587537014342756,0.9550516046281361
33,27,1.7671458676442586,0.0,0.0028855586252588728,0.0,0.0,-0.00020781056940289693,-0.002878065903875434,0.9722513645413859
33,28,1.832595714594046,0.0,0.001180025406314424,0.0,0.0,-0.0008199290598352364,-0.0008486320147067436,0.9785351844171393
33,29,1.8980455615438334,0.0,0.0009406935798535531,0.0,0.0,0.0007969046226482475,0.0004998474102959297,1.0047952274348442
33,30,1.9634954084936205,0.0,0.001213343846539768,0.0,0.0,-0.0003910676248809337,-0.0011485945336392235,0.954076954713226
33,31,2.028945255443408,0.0,0.0008785357688701644,0.0,0.0,-0.00014318450895057545,0.000866789070986058,0.9505175917148341
33,32,2.0943951023931953,0.0,0.0016833797435846468,0.0,0.0,0.0015208333333333335,-0.000721687836487032,0.9105416666666667
33,33,2.159844949342983,0.0,0.0018078521333153253,0.0,0.0,-0.0009078853623282515,0.0015633532885444903,0.9889086219887654
33,34,2.2252947962927703,0.0,0.001617528059463248,0.0,0.0,-0.00010700597909374156,0.0016139847408166937,0.9453424394510853
33,35,2.2907446432425576,0.0,0.001210300384853136,0.0,0.0,0.00043700158598061956,-0.0011286525751647725,0.977623724707943
33,36,2.356194490192345,0.0,0.0014456779716108055,0.0,0.0,0.00027729452419826116,0.0014188349250178448,0.9801050775541961
33,37,2.421644337142132,0.0,0.0012201647424545674,0.0,0.0,0.0007993634493713719,-0.000921856862283035,0.9796807269831179
33,38,2.4870941840919194,0.0,0.003027341648549693,0.0,0.0,-0.003023232753198022,-0.00015767427511893442,0.9911666617418035
33,39,2.5525440310417067,0.0,0.002444541771576872,0.0,0.0,0.0021196323887845083,0.0012177614747559845,0.9947046967754304
33,40,2.6179938779914944,0.0,0.002751419197077362,0.0,0.0,0.001603325780167651,0.0022359906173093904,0.9635790109771492
33,41,2.6834437249412812,0.0,0.0029084247631514498,0.0,0.0,0.0013305176232939735,0.002586243889701186,0.9734908196018615
33,42,2.748893571891069,0.0,0.0005350803415182863,0.0,0.0,0.0005341020338954128,-3.234175734416926e-05,1.0074201563500371
33,43,2.8143434188408563,0.0,0.0009271242862985264,0.0,0.0,-0.00031315322914925994,0.0008726365207335429,1.0233903408155796
33,44,2.8797932657906435,0.0,0.0013118216632339494,0.0,0.0,0.0013075618850766119,0.0001056314007517781,0.9972499129048279
33,45,2.9452431127404313,0.0,0.002248590388936406,0.0,0.0,0.00028607053724353636,-0.0022303188975880493,0.9845678526279523
33,46,3.010692959690218,0.0,0.0011830726990260684,0.0,0.0,-0.00041253420534956574,0.001108817631803097,0.9464072944502685
33,47,3.076142806640006,0.0,0.004799172191879489,0.0,0.0,-0.003665613931848567,-0.0030976326815726667,1.0106330437990108
33,48,3.141592653589793,0.0,0.0019374999999999993,0.0,0.0,-0.0019374999999999993,0.0,0.9407916666666667
34,0,0.0,0.0,0.007062499999999999,0.0,0.0,0.007062499999999999,0.0,6.379193557129029e-33
34,1,0.06544984694978735,0.0,0.0026455350601861977,0.0,0.0,-0.0025256391927010015,0.0007874023259852745,1.5246686298277456
34,2,0.1308996938995747,0.0,0.002907080957155531,0.0,0.0,-0.002878247026409056,0.0004084283859181999,1.1440606454954794
34,3,0.19634954084936207,0.0,0.0037119675523529906,0.0,0.0,-0.002428590696752244,0.002807249603681493,1.030357077784275
34,4,0.2617993877991494,0.0,0.003240227458517358,0.0,0.0,0.001215115206875313,-0.003003759147626557,0.9895863330911078
34,5,0.3272492347489368,0.0,0.0003331740102946712,0.0,0.0,7.455931353120744e-05,-0.0003247242367018341,1.0190825010245825
34,6,0.39269908169872414,0.0,0.004511767645556013,0.0,-0.0,-7.641521192463968e-06,-0.00451176117437968,1.0002961343397658
34,7,0.4581489286485115,0.0,0.0013373224731109898,0.0,0.0,-0.00024131596246186108,-0.0013153699112222385,0.9585627466842094
34,8,0.5235987755982988,0.0,0.0022345942708901383,0.0,0.0,0.0021859505383792508,0.00046371521352495213,1.0038458132864512
34,9,0.5890486225480862,0.0,0.0017502317530144413,0.0,0.0,0.0007684572501653073,-0.001572509028250197,0.9763537550026071
34,10,0.6544984694978736,0.0,0.0016293505001862246,0.0,0.0,-0.0016261163324681632,0.00010260957916973593,1.0352097426450568
34,11,0.7199483164476609,0.0,0.003482454911450008,0.0,0.0,0.0010356289632728593,0.0033249007294523345,0.9961896336388584
34,12,0.7853981633974483,0.0,0.001478396124137163,0.0,0.0,-0.0010048753899118276,0.0010843802610769615,1.0197157437082671
34,13,0.8508480103472357,0.0,0.0045747566496328485,0.0,0.0,0.002791263579797166,0.0036245339054087875,0.9379510133498958
34,14,0.916297857297023,0.0,0.002209065111389439,0.0,0.0,0.0019274820138002757,0.0010792505514635924,1.0665856069560098
34,15,0.9817477042468102,0.0,0.0030306965820333536,0.0,0.0,0.0010128547528944864,-0.0028564395708447436,0.9646449093039808
34,16,1.0471975511965976,0.0,0.0008526409137367132,0.0,0.0,-0.0005729166666666665,0.000631476856926153,1.0055833333333333
34,17,1.1126473981463851,0.0,0.0007490782915895585,0.0,0.0,-6.26623123361664e-05,0.0007464527590835314,0.9526872496505688
34,18,1.1780972450961724,0.0,0.004991327878407814,0.0,0.0,-0.00346946844133747,0.0035883342548227574,0.9624617420787814
34,19,1.2435470920459597,0.0,0.005752571624577072,0.0,0.0,-0.00223462622394083,-0.0053008042724821715,0.9407575504889657
34,20,1.3089969389957472,0.0,0.001889238895791208,0.0,0.0,-2.5298005650936303e-05,0.001889069510706387,0.9638400705501753
34,21,1.3744467859455345,0.0,0.0005748517833916635,0.0,0.0,-0.0002864138393034052,-0.0004984191865529047,1.0071876188297688
34,22,1.4398966328953218,0.0,0.00500001268156251,0.0,0.0,0.004979971224983929,0.0004472285926883343,0.9553653067617035
34,23,1.505346479845109,0.0,0.0030258716069040403,0.0,0.0,0.0030258603435603815,-8.256072715839169e-06,0.9859656777436303
34,24,1.5707963267948966,0.0,0.0010754924582616916,0.0,-0.0,-0.0007499999999999995,0.000770833333333333,0.9575416666666667
34,25,1.636246173744684,0.0,0.002157623651240904,0.0,0.0,-0.0009526071707393925,-0.001935944058760485,0.9749552931811191
34,26,1.7016960206944713,0.0,0.004560734269755131,0.0,0.0,-0.0036154565305661114,-0.0027800667536779984,0.9847517435566875
34,27,1.7671458676442586,0.0,0.0015659062718814704,0.0,0.0,0.0013961146971423757,-0.0007091729018658133,0.9253525481028363
34,28,1.832595714594046,0.0,0.003551272304113785,0.0,0.0,0.0024821355729483423,0.002539790931448893,0.9961193366948541
34,29,1.8980455615438334,0.0,0.0011768349531165194,0.0,0.0,-0.001076654971255852,0.0004751363801550253,1.0102778863222506
34,30,1.9634954084936205,0.0,0.002728566681389585,0.0,0.0,-0.0006877450569612254,0.002640470198925709,0.9698791971168372
34,31,2.028945255443408,0.0,0.002444365836133491,0.0,0.0,-0.0023427111633248063,-0.0006975878052904259,0.9297028024749513
34,32,2.0943951023931953,0.0,0.0022029218286932772,0.0,0.0,0.00146875,-0.0016418398280079983,0.9874166666666667
34,33,2.159844949342983,0.0,0.0012050672158880416,0.0,0.0,-0.0012031789308493553,6.74348216306523e-05,0.9832647624140742
34,34,2.2252947962927703,0.0,0.0012581799372646744,0.0,0.0,0.0012544954903849458,-9.621756149048092e-05,1.010491051289011
34,35,2.2907446432425576,0.0,0.004113649149540072,0.0,0.0,-0.0002681485313274411,0.004104900204713714,0.9325875279506958
34,36,2.356194490192345,0.0,0.001345364122592257,0.0,0.0,0.00037987538991182755,-0.001290619738923038,0.960200922958399
34,37,2.421644337142132,0.0,0.0019804525496071802,0.0,0.0,0.0018362720881223628,0.0007418201396755948,0.9806586962035545
34,38,2.4870941840919194,0.0,0.005034942578322349,0.0,0.0,-0.001971139463517441,-0.004633061189145625,0.9881999147229227
34,39,2.5525440310417067,0.0,0.0026522774654765503,0.0,0.0,-0.00024133052551521999,-0.0026412753228940867,0.8890083025444705
34,40,2.6179938779914944,0.0,0.00012356779540205416,0.0,0.0,-0.00012345053837925125,-5.381880191618533e-06,0.8574875200468824
34,41,2.6834437249412812,0.0,0.0015822414237435375,0.0,0.0,0.00040907120002704625,-0.0015284464911531608,0.9469674805912982
34,42,2.748893571891069,0.0,0.007362095703229419,0.0,0.0,0.004748188352824492,-0.005626291896943395,0.9968629264646153
34,43,2.8143434188408563,0.0,0.002207149031805866,0.0,0.0,-0.0014881583381709219,-0.001629997426112671,0.9435306651042162
34,44,2.8797932657906435,0.0,0.001035327747549169,0.0,0.0,0.00095304722582728,-0.00040448056836906435,1.0107875929971941
34,45,2.9452431127404313,0.0,0.003020550122691165,0.0,0.0,-0.0023512460411152787,-0.0018961447987507016,0.955497692684656
34,46,3.010692959690218,0.0,0.00473852849355116,0.0,0.0,-0.0026543227095417107,-0.003925330971753512,0.9493359885731323
34,47,3.076142806640006,0.0,0.0007560840741080718,0.0,0.0,-0.0006467982887194178,-0.0003915547226499671,0.944787979096788
34,48,3.141592653589793,0.0,0.0005208333333333338,0.0,0.0,0.0005208333333333338,0.0,1.0434583333333334
35,0,0.0,0.0,0.006479166666666668,0.0,0.0,0.006479166666666668,0.0,8.475632499259348e-33
35,1,0.06544984694978735,0.0,0.0038072044573694763,0.0,0.0,-0.0028112883204978044,-0.0025673846145925702,1.5014155421243631
35,2,0.1308996938995747,0.0,0.0032961064196307265,0.0,0.0,-0.0032618018922319536,0.00047430575092753457,1.1927874952347985
35,3,0.19634954084936207,0.0,0.0035718191104000658,0.0,0.0,-0.0034892924649278963,-0.0007633674420726392,1.0307764320709791
35,4,0.2617993877991494,0.0,0.003915094337936424,0.0,0.0,0.002756897340920457,-0.0027798346581348237,0.9987097510191888
35,5,0.3272492347489368,0.0,0.004174616165450234,0.0,0.0,0.003866971091236965,-0.001572881021684734,1.004107596624922
35,6,0.39269908169872414,0.0,0.00141138801034117,0.0,-0.0,-0.0013947320182725337,-0.00021619138035599596,0.9978843846485229
35,7,0.4581489286485115,0.0,0.0019298076101754394,0.0,0.0,0.001156134999583632,-0.0015451567153621653,0.9739946070799562
35,8,0.5235987755982988,0.0,0.004665827978982629,0.0,0.0,6.240699651894702e-05,-0.004665410603177668,0.9372974924992247
35,9,0.5890486225480862,0.0,0.0040682909791228865,0.0,0.0,-0.003860214039594978,-0.0012844216828310218,0.9839771609272017
35,10,0.6544984694978736,0.0,0.0019476773766733018,0.0,0.0,0.0014790800394367143,0.0012671895677225575,0.9805565873419136
35,11,0.7199483164476609,0.0,0.003132544290841787,0.0,0.0,0.0030063925334845158,-0.0008800214024067988,0.9810465184518072
35,12,0.7853981633974483,0.0,0.005230971962169313,0.0,0.0,0.0014189401465570805,0.005034846226995423,0.95732283852487
35,13,0.8508480103472357,0.0,0.002053800642063002,0.0,0.0,0.0009017312352179996,-0.0018452582086988857,0.9314462940178286
35,14,0.916297857297023,0.0,0.001550035651315061,0.0,0.0,-0.0010015308153765604,0.001183024321896582,0.9475221945925113
35,15,0.9817477042468102,0.0,0.0036389767281963703,0.0,0.0,0.0018552570004277762,-0.0031305228142785497,0.9202718603172451
35,16,1.0471975511965976,0.0,0.0010950884667459517,0.0,0.0,0.0005937500000000003,0.0009201519915209655,0.9792083333333333
35,17,1.1126473981463851,0.0,0.0020575692514874762,0.0,0.0,-0.0016527583149122727,0.0012255534166877744,0.990587381352707
35,18,1.1780972450961724,0.0,0.004884053466804538,0.0,0.0,-0.002950797805247576,-0.0038918852217340013,0.9590691887534156
35,19,1.2435470920459597,0.0,0.0032512471072322067,0.0,0.0,-0.002624014829977002,-0.0019196754737055319,0.9408501847013336
35,20,1.3089969389957472,0.0,0.0020522856560626634,0.0,0.0,-0.0017093898888209448,-0.0011357211902915591,0.9832545975783781
35,21,1.3744467859455345,0.0,0.0018522758537009062,0.0,0.0,0.00182065722778018,0.000340783064625006,1.0578771368293252
35,22,1.4398966328953218,0.0,0.0011322270593799452,0.0,0.0,-0.0007930108290680133,0.0008081286648628545,0.9856142274176439
35,23,1.505346479845109,0.0,0.0016930618641694667,0.0,0.0,-0.0014391131470214602,-0.0008918586356452341,0.9616195251317169
35,24,1.5707963267948966,0.0,0.0015674920254980572,0.0,-0.0,0.0006250000000000001,-0.0014375000000000006,0.9250416666666667
35,25,1.636246173744684,0.0,0.0012967261475743336,0.0,0.0,-0.0009241395649243224,0.0009096509035583138,0.9359210896957815
35,26,1.7016960206944713,0.0,0.002981359062109999,0.0,0.0,-0.0021730258531374213,0.0020411909510924726,1.010507541086893
35,27,1.7671458676442586,0.0,0.0043432153201176825,0.0,0.0,-0.0022505672887399198,0.003714628675353539,0.9416868798902797
35,28,1.832595714594046,0.0,0.0020296934783965302,0.0,0.0,0.0019936851164776195,0.0003806248449339937,0.9526712584668452
35,29,1.8980455615438334,0.0,0.003127328662098449,0.0,0.0,-0.0011869800040266699,-0.002893313503722561,1.0152786890205465
35,30,1.9634954084936205,0.0,0.0014245552364387127,0.0,0.0,0.0007677395434891687,0.0011999723392762016,0.9815253939923161
35,31,2.028945255443408,0.0,0.001471322572558834,0.0,0.0,0.0006043115240029584,-0.0013414908477057783,0.9424680206683097
35,32,2.0943951023931953,0.0,0.0008943786639027367,0.0,0.0,0.000697916666666667,0.0005593080732774498,0.983625
35,33,2.159844949342983,0.0,0.0040509203457047786,0.0,0.0,-0.003991537415884917,0.0006910750356044426,0.9995520375808583
35,34,2.2252947962927703,0.0,0.0028696727548703886,0.0,0.0,-0.0019280532285776619,0.002125472292883786,1.0475885215433405
35,35,2.2907446432425576,0.0,0.003115789302373777,0.0,0.0,-0.0007437330108497687,-0.003025723745710967,0.9791234537368106
35,36,2.356194490192345,0.0,0.003044340440865214,0.0,0.0,0.0030393931867762525,-0.00017348710633790918,0.9892604948084632
35,37,2.421644337142132,0.0,0.001743002469103411,0.0,0.0,0.0004122231431321448,0.0016935553393871848,0.9161468953081107
35,38,2.4870941840919194,0.0,0.00465500698971963,0.0,0.0,-0.0016202764042649105,-0.004363919619805225,0.9947931930996372
35,39,2.5525440310417067,0.0,0.003743286427901143,0.0,0.0,0.003071452366436425,0.0021397134485769314,0.9343816613382416
35,40,2.6179938779914944,0.0,0.00361324924463788,0.0,0.0,0.0035625930034810533,0.0006029106031776668,0.9605358408341088
35,41,2.6834437249412812,0.0,0.0038047854192290757,0.0,0.0,0.0037662291913062905,-0.0005402867432489316,0.9396211060002377
35,42,2.748893571891069,0.0,0.0020150463728866625,0.0,0.0,-0.0016722097199690586,-0.001124333819345792,0.9636876992724098
35,43,2.8143434188408563,0.0,0.0031360139217913975,0.0,0.0,-0.0026308555515372417,0.0017068047294916714,1.0169480235658934
35,44,2.8797932657906435,0.0,0.002133207383068191,0.0,0.0,0.00012547409808953314,-0.00212951402669371,0.947031059602256
35,45,2.9452431127404313,0.0,0.003188479075912065,0.0,0.0,-0.0006557553854966696,-0.003120317883152479,0.9704768310458679
35,46,3.010692959690218,0.0,0.001069042000434315,0.0,0.0,-0.0004513810167801925,-0.0009690748043278607,0.9749635730165945
35,47,3.076142806640006,0.0,0.001555560329920494,0.0,0.0,0.0002988890257820379,-0.0015265756746029395,1.0074250725196736
35,48,3.141592653589793,0.0,0.0058125,0.0,0.0,-0.0058125,0.0,0.9659583333333334
36,0,0.0,0.0,0.0009166666666666672,0.0,0.0,0.0009166666666666672,0.0,9.427298682445894e-33
36,1,0.06544984694978735,0.0,0.004453371963590304,0.0,0.0,-0.004442709952200721,0.0003079774775999576,1.4783484492789645
36,2,0.1308996938995747,0.0,0.003260958790156847,0.0,0.0,-0.0022791265622645962,0.0023322594933414187,1.1568641782295197
36,3,0.19634954084936207,0.0,0.0031968209001105134,0.0,0.0,-0.0019375936359877556,0.0025427140557213943,0.990998062173407
36,4,0.2617993877991494,0.0,0.0024274933539508224,0.0,0.0,0.002375721534302937,-0.0004986694044401673,1.0007568102217976
36,5,0.3272492347489368,0.0,0.00512484571962674,0.0,0.0,-0.0018929081212828392,0.004762451311494742,1.0029361055736798
36,6,0.39269908169872414,0.0,0.0040359062164532075,0.0,-0.0,-0.003708659612368963,-0.0015919745185111903,1.0354352916891292
36,7,0.4581489286485115,0.0,0.006372433503583272,0.0,0.0,-0.005915220106966324,0.0023702488991099377,1.0114606557750137
36,8,0.5235987755982988,0.0,0.0053248723220504085,0.0,0.0,0.00233995688932536,-0.004783185863233551,0.9907375046262034
36,9,0.5890486225480862,0.0,0.0028815175152341775,0.0,0.0,-0.0007650565716562062,0.002778098564264234,0.9313052294255136
36,10,0.6544984694978736,0.0,0.0019810521414440462,0.0,0.0,-0.0018810615503741387,0.000621429827755381,0.9969172480659988
36,11,0.7199483164476609,0.0,0.001693665370378633,0.0,0.0,-0.0009962434906992293,-0.0013696719658586893,0.9297140632581886
36,12,0.7853981633974483,0.0,0.003948928371923171,0.0,0.0,-0.0021950081186085566,-0.003282677968644246,0.9640359547920906
36,13,0.8508480103472357,0.0,0.00356683792229781,0.0,0.0,2.7334574805115133e-05,0.0035667331810722794,0.9096487782494238
36,14,0.916297857297023,0.0,0.0019314453470072413,0.0,0.0,-0.0019235718810603445,0.00017421924942408033,0.9297456061129373
36,15,0.9817477042468102,0.0,0.0022973936190252213,0.0,0.0,-0.00218959533702222,-0.0006954780376319265,0.9674797969774219
36,16,1.0471975511965976,0.0,0.002889982098176004,0.0,0.0,-0.0027395833333333335,0.0009201519915209664,1.0162083333333334
36,17,1.1126473981463851,0.0,0.004214266869673186,0.0,0.0,0.003727344341500318,0.0019664560530839727,0.9660461474154917
36,18,1.1780972450961724,0.0,0.0023785899285440684,0.0,0.0,0.0006021037426985284,-0.0023011217115136914,0.9629774663386191
36,19,1.2435470920459597,0.0,0.0036501966569660272,0.0,0.0,0.0032621456916443665,0.0016377854319208178,0.9813971353684637
36,20,1.3089969389957472,0.0,0.0011841940082642547,0.0,0.0,0.0004976946507375227,0.001074530355009209,0.9612540735297458
36,21,1.3744467859455345,0.0,0.0012011043018830508,0.0,0.0,-0.0012010425367977526,1.2180673396418432e-05,0.9979708776301046
36,22,1.4398966328953218,0.0,0.0038288279862025106,0.0,0.0,-0.003825534606038813,-0.0001587725603718596,0.967707564972914
36,23,1.505346479845109,0.0,0.00188524287496936,0.0,0.0,0.0007423993305442856,-0.0017329119803469923,0.910905381933863
36,24,1.5707963267948966,0.0,0.004543386524511327,0.0,-0.0,0.000875,0.004458333333333333,0.961
36,25,1.636246173744684,0.0,0.003425434760868009,0.0,0.0,-0.0024321856265549675,0.002412068900123356,0.9418647649447038
36,26,1.7016960206944713,0.0,0.0027626160649974773,0.0,0.0,0.0014715338867419725,0.0023380837330498256,0.9673710684574629
36,27,1.7671458676442586,0.0,0.0032317408793269887,0.0,0.0,-0.003149006484081818,-0.0007265722774258909,0.9672204308340979
36,28,1.832595714594046,0.0,0.003010958447108851,0.0,0.0,-0.0013093930721347377,-0.002711339254475857,0.9683771243167388
36,29,1.8980455615438334,0.0,0.0009748077331286281,0.0,0.0,0.0001673045814836541,0.0009603433206837823,0.9982271091524094
36,30,1.9634954084936205,0.0,0.001528790893703968,0.0,0.0,1.8349297520642024e-05,0.0015286807711071256,1.0200199062203306
36,31,2.028945255443408,0.0,0.006938677903177662,0.0,0.0,0.006408745688946977,0.002659554424795531,0.9846307819560337
36,32,2.0943951023931953,0.0,0.003211781156063477,0.0,0.0,0.0027604166666666667,-0.0016418398280079985,0.9397083333333334
36,33,2.159844949342983,0.0,0.005104978740481609,0.0,0.0,-0.0038797672089248654,-0.0033178629184040373,1.0163788824697737
36,34,2.2252947962927703,0.0,0.0040460218661933995,0.0,0.0,0.0038394347788361584,-0.0012763359748821847,0.9456053553752577
36,35,2.2907446432425576,0.0,0.0024526407314666297,0.0,0.0,0.0009953521929148782,-0.0022415888493898047,0.991434654362251
36,36,2.356194490192345,0.0,0.004934261539039296,0.0,0.0,-0.004846658548058111,0.0009256553646890877,0.9734640452079097
36,37,2.421644337142132,0.0,0.0022550430224408625,0.0,0.0,0.0010106949092008833,-0.002015865777668404,0.9998252605698491
36,38,2.4870941840919194,0.0,0.0012426246665547737,0.0,0.0,0.00014580661868218974,-0.0012340407172694219,0.9705352392997736
36,39,2.5525440310417067,0.0,0.0034288957689490368,0.0,0.0,0.002537338187815325,0.0023063480038733636,0.9828557159616406
36,40,2.6179938779914944,0.0,0.0007505128087406047,0.0,0.0,-0.00040245688932536084,-0.0006334808034331157,1.0245124953737965
36,41,2.6834437249412812,0.0,0.006085672021395231,0.0,0.0,-0.006085665482404875,-8.921225171762298e-06,0.9333345627845762
36,42,2.748893571891069,0.0,0.004780011904963769,0.0,0.0,0.0010882065721497915,0.004654494630776294,0.984567335751918
36,43,2.8143434188408563,0.0,0.003983934877756689,0.0,0.0,-0.003976767762741641,-0.00023886245294112152,0.9935230986516889
36,44,2.8797932657906435,0.0,0.004003278977897652,0.0,0.0,-0.0010223564462390556,0.0038705335383782315,0.9381119919317188
36,45,2.9452431127404313,0.0,0.0018951155461603688,0.0,0.0,-0.00024860974667804004,-0.0018787379080530083,0.9644576711947072
36,46,3.010692959690218,0.0,0.002882754643514287,0.0,0.0,-0.002547480684522427,-0.0013493022258516919,0.9702537394861284
36,47,3.076142806640006,0.0,0.004610578670611716,0.0,0.0,0.002233712565143453,0.004033356400594913,1.0100363840587263
36,48,3.141592653589793,0.0,0.002416666666666667,0.0,0.0,0.002416666666666667,0.0,0.9823333333333334
37,0,0.0,0.0,0.0013541666666666663,0.0,0.0,0.0013541666666666663,0.0,9.671249808734944e-33
37,1,0.06544984694978735,0.0,0.004789112936186012,0.0,0.0,0.0018344417946956307,-0.004423847422483971,1.543609648450832
37,2,0.1308996938995747,0.0,0.003251372095174889,0.0,0.0,0.0011380335287500248,0.003045701920530424,1.2538612300179324
37,3,0.19634954084936207,0.0,0.003310058837755253,0.0,0.0,0.002471223119430076,-0.002202168432113207,1.023997508896652
37,4,0.2617993877991494,0.0,0.00521834617166725,0.0,0.0,0.0038794907998186854,-0.0034900842255562296,1.006315711779301
37,5,0.3272492347489368,0.0,0.0013560189315975576,0.0,0.0,2.750047620922575e-05,-0.0013557400439093209,1.0150253724452318
37,6,0.39269908169872414,0.0,0.0005617606424860505,0.0,-0.0,-0.0005557901971129602,-8.168400234732081e-05,0.9927251053468585
37,7,0.4581489286485115,0.0,0.0027621041509762675,0.0,0.0,0.002761437848635197,6.066587974589517e-05,0.9605423092736726
37,8,0.5235987755982988,0.0,0.005105890477061689,0.0,0.0,-0.002474772372039939,0.0044660518660598935,0.9185061978464816
37,9,0.5890486225480862,0.0,0.0063518548909201455,0.0,0.0,-0.0017761135867732812,-0.006098481867004732,0.96894221579861
37,10,0.6544984694978736,0.0,0.0020305095225207357,0.0,0.0,0.00021205058752490989,0.0020194067122245897,0.9660016628025653
37,11,0.7199483164476609,0.0,0.0023382463405213043,0.0,0.0,-0.0006864485099295639,0.002235214618817789,0.9333994769968461
37,12,0.7853981633974483,0.0,0.0022852779884364686,0.0,0.0,0.001588388347648318,0.0016430209802334472,0.9421865019440941
37,13,0.8508480103472357,0.0,0.001906377430948879,0.0,0.0,0.0015973473164033335,0.001040555841851035,0.9769462421368322
37,14,0.916297857297023,0.0,0.004802827567339776,0.0,0.0,0.004769267769718442,-0.0005667782479275167,0.9604367751144339
37,15,0.9817477042468102,0.0,0.0028231636320758097,0.0,0.0,-0.002629515616319403,0.0010275702005254276,0.9821376276375439
37,16,1.0471975511965976,0.0,0.003817278426226377,0.0,0.0,-0.003781249999999999,-0.0005232236814530979,0.9480416666666667
37,17,1.1126473981463851,0.0,0.002554676078734109,0.0,0.0,0.0021075206987903605,0.0014438581548845003,1.022655817042855
37,18,1.1780972450961724,0.0,0.0008542721281961112,0.0,0.0,0.0008267398376794983,-0.0002151327725066311,1.020252520724021
37,19,1.2435470920459597,0.0,0.002475116200603439,0.0,0.0,-0.001997885765709915,0.0014610450621604075,1.0048903138030407
37,20,1.3089969389957472,0.0,0.0044892760008377625,0.0,0.0,0.0013438350814151349,-0.004283422263290869,0.9953040567824162
37,21,1.3744467859455345,0.0,0.0034613426966625,0.0,0.0,0.0010529905600620425,0.00329728739180543,0.9819192537818271
37,22,1.4398966328953218,0.0,0.0006489993937916251,0.0,0.0,-0.0005014499327304521,-0.00041200507048642254,0.9728290188654646
37,23,1.505346479845109,0.0,0.004481727730174955,0.0,0.0,0.00021391396032422616,0.004476619736475006,0.983678124830898
37,24,1.5707963267948966,0.0,0.007124786790182254,0.0,-0.0,-0.006229166666666666,0.003458333333333333,0.9788749999999999
37,25,1.636246173744684,0.0,0.0011396177109795442,0.0,0.0,-0.00014144683245850907,0.0011308056069748284,0.9353696299933185
37,26,1.7016960206944713,0.0,0.0024326697943384923,0.0,0.0,-0.0006336301272865447,0.0023487007451103085,0.9602602563827588
37,27,1.7671458676442586,0.0,0.0008507434364551372,0.0,0.0,0.000841620075253295,-0.00012425797198624324,0.9173262569243317
37,28,1.832595714594046,0.0,0.0021829095940739725,0.0,0.0,0.0016476985028403394,-0.001431846339394664,0.9279798088805625
37,29,1.8980455615438334,0.0,0.003017462155378669,0.0,0.0,-0.0016070852060398072,-0.002553890169852743,0.9939217259799332
37,30,1.9634954084936205,0.0,0.004014315612581808,0.0,0.0,0.0010663863640931856,0.0038700839732354873,0.9520683005384414
37,31,2.028945255443408,0.0,0.00041755597044592643,0.0,0.0,-0.00014773890759408218,0.0003905460326746984,0.943929604797808
37,32,2.0943951023931953,0.0,0.002232085316718676,0.0,0.0,0.0008229166666666662,0.002074852529900218,0.9890416666666666
37,33,2.159844949342983,0.0,0.0010521028004908198,0.0,0.0,-0.0005002137935875771,0.0009255843902666847,0.9522419260353092
37,34,2.2252947962927703,0.0,0.0014526193209735082,0.0,0.0,-0.0014520554984150359,4.0468768058811964e-05,1.021865150737912
37,35,2.2907446432425576,0.0,0.0019827236693890967,0.0,0.0,0.0015496365730308386,-0.0012368587796029917,1.0244468810176328
37,36,2.356194490192345,0.0,0.0038681262064339497,0.0,0.0,0.0014116116523516817,0.00360135431356678,0.9730634980559061
37,37,2.421644337142132,0.0,0.0019676886891335883,0.0,0.0,0.001937610074012467,-0.00034273310086663754,0.9469409900533948
37,38,2.4870941840919194,0.0,0.002791520612529169,0.0,0.0,0.0027227123123014668,-0.000615974832779089,0.9329385415019256
37,39,2.5525440310417067,0.0,0.0035131493523343394,0.0,0.0,0.0032416294343071647,-0.0013542735995509172,0.9721215326689268
37,40,2.6179938779914944,0.0,0.0021076136301581734,0.0,0.0,0.0018914390387066058,0.0009297814672734371,0.9277438021535183
37,41,2.6834437249412812,0.0,0.002709208347466332,0.0,0.0,0.0024940489005295646,-0.0010580784241957324,0.9346251664113341
37,42,2.748893571891069,0.0,0.0039035219633770904,0.0,0.0,0.0013293306620069428,0.003670199410061464,0.9091207400573437
37,43,2.8143434188408563,0.0,0.0013239121372018861,0.0,0.0,5.280087842095269e-05,-0.0013228588036024258,1.0404264124272296
37,44,2.8797932657906435,0.0,0.002507522666906054,0.0,0.0,0.0025039756159258406,-0.00013332681611910244,0.9034004225577229
37,45,2.9452431127404313,0.0,0.0034470898576301054,0.0,0.0,-0.003201620192372317,-0.0012775197181923215,1.0629803449234665
37,46,3.010692959690218,0.0,0.003421767193769583,0.0,0.0,-0.0034215953065294784,-3.429703621616806e-05,0.9581406979103407
37,47,3.076142806640006,0.0,0.0027050478600833703,0.0,0.0,0.0020043467006800797,0.0018165566957335792,0.9769256176724745
37,48,3.141592653589793,0.0,0.0014374999999999998,0.0,0.0,0.0014374999999999998,0.0,0.9185416666666667
38,0,0.0,0.0,0.0014375,0.0,0.0,-0.0014375,0.0,7.116182749181211e-33
38,1,0.06544984694978735,0.0,0.003968520368689664,0.0,0.0,0.0011309302992760031,-0.003803965112206504,1.5879205477600165
38,2,0.1308996938995747,0.0,0.0027647026636280136,0.0,0.0,0.0020267020226445577,0.0018804413656586833,1.2074745901193311
38,3,0.19634954084936207,0.0,0.0011636032024632962,0.0,0.0,-2.846093331101713e-05,-0.0011632550829710157,0.9635558822445179
38,4,0.2617993877991494,0.0,0.0033608059345433938,0.0,0.0,0.0018197936219623934,-0.002825485392481633,0.9813542630706872
38,5,0.3272492347489368,0.0,0.0015585760256503645,0.0,0.0,0.0002453791640664868,0.001539138815563469,1.0045351355548948
38,6,0.39269908169872414,0.0,0.004759586258449808,0.0,-0.0,0.004486030061207775,-0.0015903445040507454,1.0004262418650038
38,7,0.4581489286485115,0.0,0.0015302137138160777,0.0,0.0,-0.001524113148107403,0.00013650319306497785,0.9709348099799167
38,8,0.5235987755982988,0.0,0.0011410130557135026,0.0,0.0,-0.0009433363650778329,-0.0006418935235928199,0.9498190200199921
38,9,0.5890486225480862,0.0,0.003706074242570913,0.0,0.0,0.0029827134628060675,-0.0021996378543394377,0.9872684879011865
38,10,0.6544984694978736,0.0,0.002976321369095543,0.0,0.0,0.002965283791723242,0.00025608773238521227,0.9334934589700684
38,11,0.7199483164476609,0.0,0.0046094213216335556,0.0,0.0,-0.004359908284530438,0.0014959828444246555,0.9936333513834362
38,12,0.7853981633974483,0.0,0.003972463403466106,0.0,0.0,-0.0028892669209291694,-0.0027262799107028593,0.9300906054778363
38,13,0.8508480103472357,0.0,0.002242294358385432,0.0,0.0,0.0003268523386369375,0.0022183443236735594,0.9596548742380951
38,14,0.916297857297023,0.0,0.0007547908722306427,0.0,0.0,-0.0007534880720281458,4.432816389161962e-05,1.0345918751480756
38,15,0.9817477042468102,0.0,0.0011335020542146534,0.0,0.0,-0.0011047863271037464,-0.0002535233290122484,0.9949312852861757
38,16,1.0471975511965976,0.0,0.004773379960782506,0.0,0.0,0.0036875,-0.003031088913245536,0.9649166666666668
38,17,1.1126473981463851,0.0,0.002131412690230273,0.0,0.0,0.001097306159146461,-0.0018272490933569762,0.9944750305100736
38,18,1.1780972450961724,0.0,0.003844458022653459,0.0,0.0,-0.003789641378540768,0.0006468969856137602,0.9425421681401863
38,19,1.2435470920459597,0.0,0.0018889154667988124,0.0,0.0,0.001830638426900265,0.0004655798434940013,0.9458464588287562
38,20,1.3089969389957472,0.0,0.0029967078813817856,0.0,0.0,-0.0027474562556018206,-0.0011965543238357933,0.9655254142871358
38,21,1.3744467859455345,0.0,0.0020409665220079095,0.0,0.0,0.0016670911912008628,0.0011774342037572847,0.9734862609192275
38,22,1.4398966328953218,0.0,0.003982427451398404,0.0,0.0,-0.0039799476797818725,-0.00014051644690384703,0.9403606743983622
38,23,1.505346479845109,0.0,0.0025142136969206605,0.0,0.0,-0.001502398770220892,0.0020159534838438626,0.9624470553088181
38,24,1.5707963267948966,0.0,0.002317749297390802,0.0,-0.0,0.0013333333333333333,-0.0018958333333333338,0.979375
38,25,1.636246173744684,0.0,0.003513472076694952,0.0,0.0,-0.003453604327872069,0.0006458352578006668,1.0126443836468615
38,26,1.7016960206944713,0.0,0.0004286378974095402,0.0,0.0,-0.00016991889002296195,-0.00039352003495252445,0.9681176332418554
38,27,1.7671458676442586,0.0,0.002130968781873156,0.0,0.0,0.0005501876602223937,0.0020587184090732204,0.9816463143477324
38,28,1.832595714594046,0.0,0.0007888692792447386,0.0,0.0,0.0004926755593622911,-0.0006161051314046711,0.9541557958958915
38,29,1.8980455615438334,0.0,0.002542821897595739,0.0,0.0,-0.0017675513033987423,-0.0018280332581071387,1.007050724363334
38,30,1.9634954084936205,0.0,0.004643390566950269,0.0,0.0,-0.004603782434687597,-0.0006051968698734963,0.9844024987827779
38,31,2.028945255443408,0.0,0.005313222672775179,0.0,0.0,-0.005273891642778743,0.0006452922676746949,0.9360857683638534
38,32,2.0943951023931953,0.0,0.0038623786388700936,0.0,0.0,-0.0022499999999999994,0.00313934208871859,0.9524166666666667
38,33,2.159844949342983,0.0,0.0004312030632908609,0.0,0.0,-7.264687823240953e-07,0.0004312024513317735,0.9490009961407581
38,34,2.2252947962927703,0.0,0.002650958750123913,0.0,0.0,-0.002598207695440502,-0.0005262119974043688,0.9772818599763248
38,35,2.2907446432425576,0.0,0.0017497318462424668,0.0,0.0,-0.00047920779089883486,-0.0016828313720919663,0.9425105223113156
38,36,2.356194490192345,0.0,0.0037024653659285278,0.0,0.0,0.0036809335875958357,0.0003987200892971394,0.9584927278554964
38,37,2.421644337142132,0.0,0.0002544041554142056,0.0,0.0,-0.00016699988013105932,0.00019191798854778334,1.0175030285912785
38,38,2.4870941840919194,0.0,0.002389857630009426,0.0,0.0,0.0016854500814220638,0.0016943073849654995,1.0142813240181099
38,39,2.5525440310417067,0.0,0.0029020436410169543,0.0,0.0,-0.002852792898685543,-0.0005323814155061004,0.9638012628900147
38,40,2.6179938779914944,0.0,0.003631005414179721,0.0,0.0,-0.0035774969682555004,0.0006210601902594868,0.9711809799800083
38,41,2.6834437249412812,0.0,0.0029863267233542923,0.0,0.0,0.002938890882082705,-0.0005301581668060234,0.967034169865978
38,42,2.748893571891069,0.0,0.00011868343921546634,0.0,0.0,-9.260624797940928e-05,7.42283071286652e-05,0.9507957578786975
38,43,2.8143434188408563,0.0,0.001069939356506368,0.0,0.0,0.000612421907406359,-0.0008773309717147902,0.9696213283905948
38,44,2.8797932657906435,0.0,0.0023266229804493406,0.0,0.0,-0.0019816795923895307,0.0012190654150872444,1.037631193412956
38,45,2.9452431127404313,0.0,0.00751267734843242,0.0,0.0,-0.0030465590196800257,0.0068672264475009015,0.9626428436037172
38,46,3.010692959690218,0.0,0.002836994565953274,0.0,0.0,0.0008241264414836187,-0.0027146553695996025,0.944731917461212
38,47,3.076142806640006,0.0,0.00125343709952874,0.0,0.0,0.0011785893037562986,-0.0004266518669199329,0.9947694775694411
38,48,3.141592653589793,0.0,0.00018750000000000052,0.0,0.0,0.00018750000000000052,0.0,0.9982916666666667
39,0,0.0,0.0,0.0006874999999999995,0.0,0.0,-0.0006874999999999995,0.0,8.042169866442594e-33
39,1,0.06544984694978735,0.0,0.0011058712719046408,0.0,0.0,-7.024516185109014e-05,-0.0011036380236565347,1.6361418133422498
39,2,0.1308996938995747,0.0,0.004553440053351218,0.0,0.0,-0.00046099050387376215,-0.004530044599648149,1.1978052361466227
39,3,0.19634954084936207,0.0,0.003368559166057697,0.0,0.0,0.0013702966084001994,-0.00307725170570076,0.9895680244438408
39,4,0.2617993877991494,0.0,0.0026494368121227213,0.0,0.0,0.0025625677997820674,-0.0006728756890771898,0.9501995966593634
39,5,0.3272492347489368,0.0,0.002471474451133693,0.0,0.0,7.262768164533539e-05,-0.0024704070884098055,1.0109059153617534
39,6,0.39269908169872414,0.0,0.004587556199455063,0.0,-0.0,-0.0010159837789900962,0.004473639328777811,1.0219988887498972
39,7,0.4581489286485115,0.0,0.004368854704000131,0.0,0.0,-0.00045688393245819827,0.004344899135414492,0.9529581616373349
39,8,0.5235987755982988,0.0,0.00358891914714035,0.0,0.0,0.0009433756729740653,-0.0034627132402714708,1.0067335964140176
39,9,0.5890486225480862,0.0,0.0038621074986302834,0.0,0.0,-0.003792364698710176,0.0007306465102586486,0.9845095875587572
39,10,0.6544984694978736,0.0,0.0023109807689747986,0.0,0.0,0.001928267256775516,-0.001273741536191223,0.9570335225418022
39,11,0.7199483164476609,0.0,0.003273843289389509,0.0,0.0,0.0032675302265190776,-0.0002032144243524723,0.9560698142693164
39,12,0.7853981633974483,0.0,0.0019246603873470766,0.0,0.0,0.0016342427252894988,0.0010166456223588195,0.9468894720763603
39,13,0.8508480103472357,0.0,0.0006376727104026722,0.0,0.0,-0.00012380502521869025,-0.0006255388088063679,1.0194852619566077
39,14,0.916297857297023,0.0,0.0027821767475246285,0.0,0.0,-0.0023994157659832753,0.0014083009040746976,0.9760738062381599
39,15,0.9817477042468102,0.0,0.004058656068586463,0.0,0.0,-0.0008337392919892221,0.003972098674009375,0.9863919421344648
39,16,1.0471975511965976,0.0,0.00342808052867944,0.0,0.0,-0.0012916666666666664,0.0031754264805429417,0.9624583333333333
39,17,1.1126473981463851,0.0,0.003972645832900874,0.0,0.0,0.003911799943800345,0.0006926298530588262,0.900610504843784
39,18,1.1780972450961724,0.0,0.00037994266699895794,0.0,0.0,0.00033902045795680604,0.00017152713864878214,0.9636815111712895
39,19,1.2435470920459597,0.0,0.0008454954593115102,0.0,0.0,-0.0007927009363735087,0.0002940880772641831,0.9031765683435194
39,20,1.3089969389957472,0.0,0.003297819333749541,0.0,0.0,-0.0028139390075679325,0.0017196975372837705,0.9399947712032516
39,21,1.3744467859455345,0.0,0.003026929458343313,0.0,0.0,-0.0017193504254598582,-0.0024912117654381665,1.037803965417859
39,22,1.4398966328953218,0.0,0.002976965180992852,0.0,0.0,0.0007914848144294382,0.0028698211577329,0.9496636162135582
39,23,1.505346479845109,0.0,0.0001754025111856114,0.0,0.0,0.0001739118995503731,2.2818679300070446e-05,0.9215796793255063
39,24,1.5707963267948966,0.0,0.00031249999999999984,0.0,-0.0,0.00031249999999999984,-0.0,0.9707083333333334
39,25,1.636246173744684,0.0,0.004942603219647519,0.0,0.0,0.0031151354212064853,0.003837350374205451,0.9590513959609388
39,26,1.7016960206944713,0.0,0.004121268130946188,0.0,0.0,0.0034127231694236516,-0.0023104483495702014,0.9912071429996452
39,27,1.7671458676442586,0.0,0.0030372171712443967,0.0,0.0,0.0003322542531071949,-0.0030189891117051075,0.9968918296306092
39,28,1.832595714594046,0.0,0.0053393505169665465,0.0,0.0,-0.001184457835226499,-0.00520631573952267,1.0079757430407057
39,29,1.8980455615438334,0.0,0.0018202791598228528,0.0,0.0,-0.0006408442676930577,0.0017037414252903341,1.0022230569069641
39,30,1.9634954084936205,0.0,0.002220016865722203,0.0,0.0,0.001882024814027911,-0.0011774792921636632,0.9481739001006875
39,31,2.028945255443408,0.0,0.004835439567349049,0.0,0.0,-0.003364908826206243,0.0034725875656063864,1.039439285059214
39,32,2.0943951023931953,0.0,0.0015121039426353386,0.0,0.0,0.0011250000000000006,0.0010103629710818455,0.9807083333333333
39,33,2.159844949342983,0.0,0.003708763198301512,0.0,0.0,0.0027117702254840954,0.002530064565431799,1.0307915177661704
39,34,2.2252947962927703,0.0,0.0035537828537716984,0.0,0.0,0.0015744169702315877,0.003185998081545013,0.9687332426990793
39,35,2.2907446432425576,0.0,0.004502657718000797,0.0,0.0,-0.004101608932470466,0.001857614246971267,0.972935068614571
39,36,2.356194490192345,0.0,0.0022904591737706948,0.0,0.0,0.0022824239413771676,-0.00019168771097451397,0.9075271945903066
39,37,2.421644337142132,0.0,0.00355063632682534,0.0,0.0,-0.0005721670377372793,0.003504232184986989,0.9303141683790953
39,38,2.4870941840919194,0.0,0.0021867740162104647,0.0,0.0,0.0020470521704172855,0.0007691280839776474,0.9921669304821554
39,39,2.5525440310417067,0.0,0.0036537638018643436,0.0,0.0,-0.0005612584665502437,0.003610398711159178,0.9512142276762545
39,40,2.6179938779914944,0.0,0.0019644955303137535,0.0,0.0,-0.0019433756729740645,-0.00028728675972852866,0.9774330702526496
39,41,2.6834437249412812,0.0,0.0036884494811180776,0.0,0.0,-0.0019551519280408504,-0.00312762537926753,0.9952262622635714
39,42,2.748893571891069,0.0,0.0018785809130800167,0.0,0.0,-0.00012172815966128771,0.0018746328979653657,0.9153123666447933
39,43,2.8143434188408563,0.0,0.0024159675270904496,0.0,0.0,-0.0008600478177397232,0.0022577016727541046,0.9758983596431006
39,44,2.8797932657906435,0.0,0.005175297892632442,0.0,0.0,-0.002230837623654304,0.004669804254395918,1.0081632224300088
39,45,2.9452431127404313,0.0,0.002719166974740292,0.0,0.0,-0.002340941537615322,0.0013834239241770699,0.9338289053720435
39,46,3.010692959690218,0.0,0.0015487867729256787,0.0,0.0,0.0002731285552462244,0.0015245134503501922,0.9256498360123117
39,47,3.076142806640006,0.0,0.0019835367913427025,0.0,0.0,0.0017306920264008251,-0.0009690837488900064,0.9679846840924724
39,48,3.141592653589793,0.0,0.002395833333333333,0.0,0.0,0.002395833333333333,0.0,1.0187083333333333
40,0,0.0,0.0,0.0023541666666666667,0.0,0.0,-0.0023541666666666667,0.0,9.255248940747301e-33
40,1,0.06544984694978735,0.0,0.004507826213436767,0.0,0.0,0.0005697629503802497,-0.004471673886915464,1.580861534657721
40,2,0.1308996938995747,0.0,0.0037164622363496623,0.0,0.0,-0.00357397695505419,0.0010192057098322767,1.178166887760613
40,3,0.19634954084936207,0.0,0.0004446758313340632,0.0,0.0,-0.0002832965120048314,0.0003427530908081452,0.9920362070788671
40,4,0.2617993877991494,0.0,0.003656722467506851,0.0,0.0,0.00342668883711576,-0.0012764884715325995,0.9340528533924929
40,5,0.3272492347489368,0.0,0.001732199756296759,0.0,0.0,0.0008232737153290011,-0.0015240526189613448,1.0157414296275762
40,6,0.39269908169872414,0.0,0.0018309158622944112,0.0,-0.0,0.0013653083216737406,0.0012199123253618359,1.0242586280098294
40,7,0.4581489286485115,0.0,9.395535751760213e-05,0.0,0.0,-8.989241112487435e-05,-2.7330635346017873e-05,0.999867008210924
40,8,0.5235987755982988,0.0,0.0033699476169664487,0.0,0.0,0.0033040191965668844,-0.0006633280408782415,0.9465567815586114
40,9,0.5890486225480862,0.0,0.005493021867880574,0.0,0.0,-0.0016144114556819998,-0.005250425210664077,1.0269564002849887
40,10,0.6544984694978736,0.0,0.0033160893405092024,0.0,0.0,0.002923613401832347,0.00156490676746733,0.9440192590254018
40,11,0.7199483164476609,0.0,0.0017797174581383128,0.0,0.0,-0.0002301003058911756,-0.0017647798956331876,0.9435532494377085
40,12,0.7853981633974483,0.0,0.002602942496532356,0.0,0.0,0.001044194173824159,-0.0023843171281534205,1.0125198863394786
40,13,0.8508480103472357,0.0,0.0023904015708384944,0.0,0.0,-0.0016351258349133254,-0.0017436694565961012,1.0261593651108358
40,14,0.916297857297023,0.0,0.0013875202947034367,0.0,0.0,-0.0010927960383854893,-0.0008549908693681425,1.012503980361284
40,15,0.9817477042468102,0.0,0.0015510040880742657,0.0,0.0,-0.0011183084468366685,0.0010747092160007016,0.9719441532422547
40,16,1.0471975511965976,0.0,0.000567110732867341,0.0,0.0,0.0002187499999999996,0.0005232236814530978,0.9389166666666666
40,17,1.1126473981463851,0.0,0.003452615990767625,0.0,0.0,0.0008620594122278202,0.003343263487895283,0.9554539352172249
40,18,1.1780972450961724,0.0,0.0049669037227818656,0.0,0.0,-0.004383378802965737,0.002335834510639617,0.9985306009851872
40,19,1.2435470920459597,0.0,0.004533272121928348,0.0,0.0,-0.00025273358919788167,0.004526221588073644,0.9972509640569543
40,20,1.3089969389957472,0.0,0.003880847852101076,0.0,0.0,-0.0010336457017260602,0.0037406625902987795,0.9807828400974379
40,21,1.3744467859455345,0.0,0.003187584226820886,0.0,0.0,0.0031149630745784997,-0.0006765339955166823,0.9314290869138997
40,22,1.4398966328953218,0.0,0.0038343370927235005,0.0,0.0,0.0016702681121744554,-0.0034514265708672533,0.9531824915637159
40,23,1.505346479845109,0.0,0.0031634748521810257,0.0,0.0,-0.0007933383816977643,0.0030623826267315024,0.9726117627259562
40,24,1.5707963267948966,0.0,0.002472856114114024,0.0,-0.0,0.0004166666666666664,-0.0024375,0.9342083333333333
40,25,1.636246173744684,0.0,0.006140829642355009,0.0,0.0,-0.002766011207300241,0.005482606195735328,0.9262315623959606
40,26,1.7016960206944713,0.0,0.0038142169411295324,0.0,0.0,-0.0002965478080492771,0.0038026714651072206,0.9476073949327292
40,27,1.7671458676442586,0.0,0.0024795974206366853,0.0,0.0,-0.002056370944610389,0.0013855475114878876,0.9614546378257995
40,28,1.832595714594046,0.0,0.0013702696154317656,0.0,0.0,0.000945932461454589,-0.000991388217270097,0.988148454345739
40,29,1.8980455615438334,0.0,0.0034635259755988104,0.0,0.0,0.002239733811146888,-0.002641894138464508,0.9625676840054561
40,30,1.9634954084936205,0.0,0.0027925993274574607,0.0,0.0,0.0005335050688128201,0.002741164596529528,0.9292253935451164
40,31,2.028945255443408,0.0,0.0020919800307520175,0.0,0.0,-0.001982154909638074,-0.0006689113269058094,0.9121260967181065
40,32,2.0943951023931953,0.0,0.002572979924998336,0.0,0.0,-0.0020104166666666664,0.0016057554361836469,1.0055
40,33,2.159844949342983,0.0,0.00082595935803755,0.0,0.0,-0.0003347150977069703,-0.0007550991090557684,0.9927977073868611
40,34,2.2252947962927703,0.0,0.002678813026771105,0.0,0.0,0.0014025791533325855,-0.0022822819613350616,0.9871739500573605
40,35,2.2907446432425576,0.0,0.0015990513045143978,0.0,0.0,-0.0005234416884810655,0.0015109513139837725,1.0170283685958845
40,36,2.356194490192345,0.0,0.0009627810260855545,0.0,0.0,0.0009558058261758405,0.00011568287184657979,0.9753967803271878
40,37,2.421644337142132,0.0,0.0015990438129541422,0.0,0.0,-0.00019937275238771963,0.0015865659839263751,0.9519940568483887
40,38,2.4870941840919194,0.0,0.0020324065697479754,0.0,0.0,0.000854316723492028,0.0018441310692888877,0.9531836096791125
40,39,2.5525440310417067,0.0,0.0027839844872178596,0.0,0.0,0.002016884857075787,0.0019190479666668235,0.9492281459570889
40,40,2.6179938779914944,0.0,0.0013281990743575964,0.0,0.0,-0.0008456858632335511,-0.0010241719591217576,0.9273598851080552
40,41,2.6834437249412812,0.0,0.001165566311695912,0.0,0.0,0.0006069571236280404,0.0009950617453392465,0.964320308004273
40,42,2.748893571891069,0.0,0.0018939349569638377,0.0,0.0,-0.00026543458752082365,0.0018752424112517465,0.9984853774598682
40,43,2.8143434188408563,0.0,0.001286781852142442,0.0,0.0,0.0012122002640283151,0.0004317152474638998,0.9840581293354714
40,44,2.8797932657906435,0.0,0.0025669178952691697,0.0,0.0,-0.0003389755968442902,-0.0025444376639637218,0.9693491854976634
40,45,2.9452431127404313,0.0,0.0017635072008096288,0.0,0.0,-5.8078808146760824e-05,-0.0017625505664665806,0.9711536613102435
40,46,3.010692959690218,0.0,0.003950752511497223,0.0,0.0,0.00311254341065754,-0.0024332116479817254,1.0361624266197837
40,47,3.076142806640006,0.0,0.003611656605416579,0.0,0.0,0.0014915171372251422,0.0032892917269243425,0.9941745450515675
40,48,3.141592653589793,0.0,0.0016875000000000002,0.0,0.0,0.0016875000000000002,0.0,0.9512916666666666
