sweep_parameter,sweep_value,dynamics,seed_index,seed,mode_index,q,q_over_pi,kernel_hat,lambda_theory,lambda_fit,fit_r2,A0,A1,R,B,h,phi_bar,delta_h_minus_phi,m_star,Lambda_star,mu,sigma_eff
delta,-0.1,gaussian_map,0,50260801,0,0.0,0.0,1.0,0.37393650107548,0.39595630099840046,0.9996041333248853,0.04941145833333336,0.01956770833333335,12,0.72,-0.1,0.0,-0.1,-0.7476651610671541,0.37393650107548,0.1919913633361862,0.2127596452964393
delta,-0.1,gaussian_map,0,50260801,1,0.06544984694978735,0.020833333333333332,0.8877910199906281,0.331977467701527,0.34596971773866947,0.9987341050197123,0.04907136169784219,0.016827625974507175,12,0.72,-0.1,0.0,-0.1,-0.7476651610671541,0.37393650107548,0.1919913633361862,0.2127596452964393
delta,-0.1,gaussian_map,0,50260801,2,0.1308996938995747,0.041666666666666664,0.5940438203443975,0.22213466766509504,0.22213430460036937,0.9996362839744115,0.049757330931791466,0.01102968031431477,12,0.72,-0.1,0.0,-0.1,-0.7476651610671541,0.37393650107548,0.1919913633361862,0.2127596452964393
delta,-0.1,gaussian_map,0,50260801,4,0.2617993877991494,0.08333333333333333,-0.08333333333333323,-0.031161375089623293,-0.02882589411039902,0.9675968719449116,0.05048628982527296,-0.0014614889195518857,12,0.72,-0.1,0.0,-0.1,-0.7476651610671541,0.37393650107548,0.1919913633361862,0.2127596452964393
delta,-0.1,gaussian_map,0,50260801,6,0.39269908169872414,0.125,-0.2511391455052437,-0.09391009335331668,-0.10017933871611175,0.9998240084033438,0.05026668059026192,-0.00504082304681653,12,0.72,-0.1,0.0,-0.1,-0.7476651610671541,0.37393650107548,0.1919913633361862,0.2127596452964393
delta,-0.1,gaussian_map,0,50260801,8,0.5235987755982988,0.16666666666666666,-5.551115123125783e-17,-2.0757645662088375e-17,-0.004929262244248005,0.7300840899481902,0.04876954463929765,-0.00024077850739321607,12,0.72,-0.1,0.0,-0.1,-0.7476651610671541,0.37393650107548,0.1919913633361862,0.2127596452964393
delta,-0.1,gaussian_map,1,50260802,0,0.0,0.0,1.0,0.37393650107548,0.3882226484685281,0.9999650111909023,0.04956250000000002,0.019234375000000015,12,0.72,-0.1,0.0,-0.1,-0.7476651610671541,0.37393650107548,0.1919913633361862,0.2127596452964393
delta,-0.1,gaussian_map,1,50260802,1,0.06544984694978735,0.020833333333333332,0.8877910199906281,0.331977467701527,0.34181406525549674,0.9977092074213487,0.0508155051578702,0.01717681852307393,12,0.72,-0.1,0.0,-0.1,-0.7476651610671541,0.37393650107548,0.1919913633361862,0.2127596452964393
delta,-0.1,gaussian_map,1,50260802,2,0.1308996938995747,0.041666666666666664,0.5940438203443975,0.22213466766509504,0.2264722525766391,0.9988417481600904,0.04977397894263948,0.011272887033005061,12,0.72,-0.1,0.0,-0.1,-0.7476651610671541,0.37393650107548,0.1919913633361862,0.2127596452964393
delta,-0.1,gaussian_map,1,50260802,4,0.2617993877991494,0.08333333333333333,-0.08333333333333323,-0.031161375089623293,-0.03452815721754859,0.9877914461838956,0.0498180541252733,-0.0017253238345066265,12,0.72,-0.1,0.0,-0.1,-0.7476651610671541,0.37393650107548,0.1919913633361862,0.2127596452964393
delta,-0.1,gaussian_map,1,50260802,6,0.39269908169872414,0.125,-0.2511391455052437,-0.09391009335331668,-0.09473423823744684,0.9993996283100567,0.050294394331165684,-0.004763537078144727,12,0.72,-0.1,0.0,-0.1,-0.7476651610671541,0.37393650107548,0.1919913633361862,0.2127596452964393
delta,-0.1,gaussian_map,1,50260802,8,0.5235987755982988,0.16666666666666666,-5.551115123125783e-17,-2.0757645662088375e-17,0.0032877287946588385,0.3719783754073023,0.050864335920447354,0.00016741454968463034,12,0.72,-0.1,0.0,-0.1,-0.7476651610671541,0.37393650107548,0.1919913633361862,0.2127596452964393
delta,-0.1,gaussian_map,2,50260803,0,0.0,0.0,1.0,0.37393650107548,0.3929329493155922,0.9993723588323474,0.04967187500000002,0.019437500000000017,12,0.72,-0.1,0.0,-0.1,-0.7476651610671541,0.37393650107548,0.1919913633361862,0.2127596452964393
delta,-0.1,gaussian_map,2,50260803,1,0.06544984694978735,0.020833333333333332,0.8877910199906281,0.331977467701527,0.3370527264823292,0.998598787783019,0.04956593573829638,0.016558870940753482,12,0.72,-0.1,0.0,-0.1,-0.7476651610671541,0.37393650107548,0.1919913633361862,0.2127596452964393
delta,-0.1,gaussian_map,2,50260803,2,0.1308996938995747,0.041666666666666664,0.5940438203443975,0.22213466766509504,0.22808160789059442,0.9995632999843762,0.05130534627104278,0.011709669775588242,12,0.72,-0.1,0.0,-0.1,-0.7476651610671541,0.37393650107548,0.1919913633361862,0.2127596452964393
delta,-0.1,gaussian_map,2,50260803,4,0.2617993877991494,0.08333333333333333,-0.08333333333333323,-0.031161375089623293,-0.034882245660055336,0.9750745047635815,0.048821023384466956,-0.001709100062262277,12,0.72,-0.1,0.0,-0.1,-0.7476651610671541,0.37393650107548,0.1919913633361862,0.2127596452964393
delta,-0.1,gaussian_map,2,50260803,6,0.39269908169872414,0.125,-0.2511391455052437,-0.09391009335331668,-0.09273256330621048,0.9973648020676972,0.050311309676349704,-0.004685067829454698,12,0.72,-0.1,0.0,-0.1,-0.7476651610671541,0.37393650107548,0.1919913633361862,0.2127596452964393
delta,-0.1,gaussian_map,2,50260803,8,0.5235987755982988,0.16666666666666666,-5.551115123125783e-17,-2.0757645662088375e-17,0.01572884409196685,0.9509412482601245,0.050470372294658936,0.0007926614460758536,12,0.72,-0.1,0.0,-0.1,-0.7476651610671541,0.37393650107548,0.1919913633361862,0.2127596452964393
delta,-0.1,gaussian_map,3,50260804,0,0.0,0.0,1.0,0.37393650107548,0.3974219900337021,0.9996408556988999,0.05038020833333335,0.019932291666666685,12,0.72,-0.1,0.0,-0.1,-0.7476651610671541,0.37393650107548,0.1919913633361862,0.2127596452964393
delta,-0.1,gaussian_map,3,50260804,1,0.06544984694978735,0.020833333333333332,0.8877910199906281,0.331977467701527,0.34206869953663077,0.9999387235872688,0.04951219563557455,0.016915845928093705,12,0.72,-0.1,0.0,-0.1,-0.7476651610671541,0.37393650107548,0.1919913633361862,0.2127596452964393
delta,-0.1,gaussian_map,3,50260804,2,0.1308996938995747,0.041666666666666664,0.5940438203443975,0.22213466766509504,0.23468275711279793,0.9994618172285291,0.04916325336262947,0.011497153357571913,12,0.72,-0.1,0.0,-0.1,-0.7476651610671541,0.37393650107548,0.1919913633361862,0.2127596452964393
delta,-0.1,gaussian_map,3,50260804,4,0.2617993877991494,0.08333333333333333,-0.08333333333333323,-0.031161375089623293,-0.04045247214407619,0.9818631673492543,0.05040166004509408,-0.002047467500567136,12,0.72,-0.1,0.0,-0.1,-0.7476651610671541,0.37393650107548,0.1919913633361862,0.2127596452964393
delta,-0.1,gaussian_map,3,50260804,6,0.39269908169872414,0.125,-0.2511391455052437,-0.09391009335331668,-0.09881972492030072,0.9996924266429609,0.051106825103273634,-0.0050521801841314305,12,0.72,-0.1,0.0,-0.1,-0.7476651610671541,0.37393650107548,0.1919913633361862,0.2127596452964393
delta,-0.1,gaussian_map,3,50260804,8,0.5235987755982988,0.16666666666666666,-5.551115123125783e-17,-2.0757645662088375e-17,0.004720782909805592,0.5723359276030052,0.0506025236850701,0.0002391091944990037,12,0.72,-0.1,0.0,-0.1,-0.7476651610671541,0.37393650107548,0.1919913633361862,0.2127596452964393
delta,-0.1,gaussian_map,4,50260805,0,0.0,0.0,1.0,0.37393650107548,0.38591185243730214,0.9998605352389264,0.04932291666666669,0.019041666666666682,12,0.72,-0.1,0.0,-0.1,-0.7476651610671541,0.37393650107548,0.1919913633361862,0.2127596452964393
delta,-0.1,gaussian_map,4,50260805,1,0.06544984694978735,0.020833333333333332,0.8877910199906281,0.331977467701527,0.3472473038257448,0.9991862827655988,0.04967762591706715,0.01712500609593552,12,0.72,-0.1,0.0,-0.1,-0.7476651610671541,0.37393650107548,0.1919913633361862,0.2127596452964393
delta,-0.1,gaussian_map,4,50260805,2,0.1308996938995747,0.041666666666666664,0.5940438203443975,0.22213466766509504,0.22955605937548812,0.9983073355901209,0.0501621583856888,0.011443716395641738,12,0.72,-0.1,0.0,-0.1,-0.7476651610671541,0.37393650107548,0.1919913633361862,0.2127596452964393
delta,-0.1,gaussian_map,4,50260805,4,0.2617993877991494,0.08333333333333333,-0.08333333333333323,-0.031161375089623293,-0.03242281831932901,0.9945332448868026,0.05044241865984709,-0.0016360786758134835,12,0.72,-0.1,0.0,-0.1,-0.7476651610671541,0.37393650107548,0.1919913633361862,0.2127596452964393
delta,-0.1,gaussian_map,4,50260805,6,0.39269908169872414,0.125,-0.2511391455052437,-0.09391009335331668,-0.102604272852191,0.999324180527329,0.05012909746667922,-0.005139615258352314,12,0.72,-0.1,0.0,-0.1,-0.7476651610671541,0.37393650107548,0.1919913633361862,0.2127596452964393
delta,-0.1,gaussian_map,4,50260805,8,0.5235987755982988,0.16666666666666666,-5.551115123125783e-17,-2.0757645662088375e-17,0.001599399329488636,-0.561218709399798,0.049373337364455316,7.887288301796356e-05,12,0.72,-0.1,0.0,-0.1,-0.7476651610671541,0.37393650107548,0.1919913633361862,0.2127596452964393
delta,-0.1,gaussian_map,5,50260806,0,0.0,0.0,1.0,0.37393650107548,0.3852382926902661,0.9996795158189643,0.05075520833333336,0.019489583333333352,12,0.72,-0.1,0.0,-0.1,-0.7476651610671541,0.37393650107548,0.1919913633361862,0.2127596452964393
delta,-0.1,gaussian_map,5,50260806,1,0.06544984694978735,0.020833333333333332,0.8877910199906281,0.331977467701527,0.3360700181003284,0.9998596739967397,0.050585433569585864,0.016964429079852912,12,0.72,-0.1,0.0,-0.1,-0.7476651610671541,0.37393650107548,0.1919913633361862,0.2127596452964393
delta,-0.1,gaussian_map,5,50260806,2,0.1308996938995747,0.041666666666666664,0.5940438203443975,0.22213466766509504,0.21810319098620037,0.9982908259706891,0.04939856174424101,0.01071346081819271,12,0.72,-0.1,0.0,-0.1,-0.7476651610671541,0.37393650107548,0.1919913633361862,0.2127596452964393
delta,-0.1,gaussian_map,5,50260806,4,0.2617993877991494,0.08333333333333333,-0.08333333333333323,-0.031161375089623293,-0.04007480591358174,0.9778206532394349,0.04996208155316862,-0.0019924371019353973,12,0.72,-0.1,0.0,-0.1,-0.7476651610671541,0.37393650107548,0.1919913633361862,0.2127596452964393
delta,-0.1,gaussian_map,5,50260806,6,0.39269908169872414,0.125,-0.2511391455052437,-0.09391009335331668,-0.09886698289233213,0.9996081601708757,0.05060979521703725,-0.004995340880880085,12,0.72,-0.1,0.0,-0.1,-0.7476651610671541,0.37393650107548,0.1919913633361862,0.2127596452964393
delta,-0.1,gaussian_map,5,50260806,8,0.5235987755982988,0.16666666666666666,-5.551115123125783e-17,-2.0757645662088375e-17,-0.004728228157197927,0.9568170388587157,0.05079338915865095,-0.00024023101902594888,12,0.72,-0.1,0.0,-0.1,-0.7476651610671541,0.37393650107548,0.1919913633361862,0.2127596452964393
delta,-0.1,gaussian_map,6,50260807,0,0.0,0.0,1.0,0.37393650107548,0.3859892687617634,0.998680303531914,0.049932291666666684,0.01908854166666668,12,0.72,-0.1,0.0,-0.1,-0.7476651610671541,0.37393650107548,0.1919913633361862,0.2127596452964393
delta,-0.1,gaussian_map,6,50260807,1,0.06544984694978735,0.020833333333333332,0.8877910199906281,0.331977467701527,0.3471313901945922,0.9988865236324116,0.05091090408471621,0.01759453856555649,12,0.72,-0.1,0.0,-0.1,-0.7476651610671541,0.37393650107548,0.1919913633361862,0.2127596452964393
delta,-0.1,gaussian_map,6,50260807,2,0.1308996938995747,0.041666666666666664,0.5940438203443975,0.22213466766509504,0.22957898262193277,0.9993649118407996,0.050761915622756545,0.011671468564456288,12,0.72,-0.1,0.0,-0.1,-0.7476651610671541,0.37393650107548,0.1919913633361862,0.2127596452964393
delta,-0.1,gaussian_map,6,50260807,4,0.2617993877991494,0.08333333333333333,-0.08333333333333323,-0.031161375089623293,-0.0279699527873576,0.9926397488883569,0.05021951710566092,-0.0014074966787346326,12,0.72,-0.1,0.0,-0.1,-0.7476651610671541,0.37393650107548,0.1919913633361862,0.2127596452964393
delta,-0.1,gaussian_map,6,50260807,6,0.39269908169872414,0.125,-0.2511391455052437,-0.09391009335331668,-0.11262922771607091,0.9987337966169988,0.05123633780028394,-0.005781435845901077,12,0.72,-0.1,0.0,-0.1,-0.7476651610671541,0.37393650107548,0.1919913633361862,0.2127596452964393
delta,-0.1,gaussian_map,6,50260807,8,0.5235987755982988,0.16666666666666666,-5.551115123125783e-17,-2.0757645662088375e-17,-0.0031802152973278157,0.2799799652391822,0.04992688961603218,-0.00015904113742115763,12,0.72,-0.1,0.0,-0.1,-0.7476651610671541,0.37393650107548,0.1919913633361862,0.2127596452964393
delta,-0.1,gaussian_map,7,50260808,0,0.0,0.0,1.0,0.37393650107548,0.3827330249373211,0.9999461898583437,0.049354166666666685,0.018875000000000017,12,0.72,-0.1,0.0,-0.1,-0.7476651610671541,0.37393650107548,0.1919913633361862,0.2127596452964393
delta,-0.1,gaussian_map,7,50260808,1,0.06544984694978735,0.020833333333333332,0.8877910199906281,0.331977467701527,0.33777838698773066,0.999182705318378,0.05005240103591216,0.0167938003965645,12,0.72,-0.1,0.0,-0.1,-0.7476651610671541,0.37393650107548,0.1919913633361862,0.2127596452964393
delta,-0.1,gaussian_map,7,50260808,2,0.1308996938995747,0.041666666666666664,0.5940438203443975,0.22213466766509504,0.21770314735975854,0.9993820325527908,0.05037953251001692,0.010920919729730985,12,0.72,-0.1,0.0,-0.1,-0.7476651610671541,0.37393650107548,0.1919913633361862,0.2127596452964393
delta,-0.1,gaussian_map,7,50260808,4,0.2617993877991494,0.08333333333333333,-0.08333333333333323,-0.031161375089623293,-0.02894250407123354,0.9970915830498064,0.05006029363425975,-0.001447605779106314,12,0.72,-0.1,0.0,-0.1,-0.7476651610671541,0.37393650107548,0.1919913633361862,0.2127596452964393
delta,-0.1,gaussian_map,7,50260808,6,0.39269908169872414,0.125,-0.2511391455052437,-0.09391009335331668,-0.08796527014266108,0.9750346108221983,0.04939738264035998,-0.004290060799017732,12,0.72,-0.1,0.0,-0.1,-0.7476651610671541,0.37393650107548,0.1919913633361862,0.2127596452964393
delta,-0.1,gaussian_map,7,50260808,8,0.5235987755982988,0.16666666666666666,-5.551115123125783e-17,-2.0757645662088375e-17,0.0052193348097137405,0.7520217450191151,0.04991280688380863,0.0002601429224830333,12,0.72,-0.1,0.0,-0.1,-0.7476651610671541,0.37393650107548,0.1919913633361862,0.2127596452964393
delta,-0.1,microscopic,0,50260801,0,0.0,0.0,1.0,0.37393650107548,0.39938834185111033,0.9921865506039738,0.04941145833333336,0.01999479166666668,12,0.72,-0.1,0.0,-0.1,-0.7476651610671541,0.37393650107548,0.1919913633361862,0.2127596452964393
delta,-0.1,microscopic,0,50260801,1,0.06544984694978735,0.020833333333333332,0.8877910199906281,0.331977467701527,0.3327012932704969,0.9886696308590165,0.04907136169784219,0.016114665066740617,12,0.72,-0.1,0.0,-0.1,-0.7476651610671541,0.37393650107548,0.1919913633361862,0.2127596452964393
delta,-0.1,microscopic,0,50260801,2,0.1308996938995747,0.041666666666666664,0.5940438203443975,0.22213466766509504,0.20975533038688177,0.9754100008672976,0.049757330931791466,0.010717213317084417,12,0.72,-0.1,0.0,-0.1,-0.7476651610671541,0.37393650107548,0.1919913633361862,0.2127596452964393
delta,-0.1,microscopic,0,50260801,4,0.2617993877991494,0.08333333333333333,-0.08333333333333323,-0.031161375089623293,-0.030720131157779756,0.3463272246544441,0.05048628982527296,-0.00155504970181348,12,0.72,-0.1,0.0,-0.1,-0.7476651610671541,0.37393650107548,0.1919913633361862,0.2127596452964393
delta,-0.1,microscopic,0,50260801,6,0.39269908169872414,0.125,-0.2511391455052437,-0.09391009335331668,-0.10435304638728807,0.7082068976950232,0.05026668059026192,-0.00534981042347307,12,0.72,-0.1,0.0,-0.1,-0.7476651610671541,0.37393650107548,0.1919913633361862,0.2127596452964393
delta,-0.1,microscopic,0,50260801,8,0.5235987755982988,0.16666666666666666,-5.551115123125783e-17,-2.0757645662088375e-17,-0.0005926720808110643,-0.24539558033428954,0.04876954463929765,-3.349364905389031e-05,12,0.72,-0.1,0.0,-0.1,-0.7476651610671541,0.37393650107548,0.1919913633361862,0.2127596452964393
delta,-0.1,microscopic,1,50260802,0,0.0,0.0,1.0,0.37393650107548,0.3891639742686684,0.9969858022948556,0.04956250000000002,0.019083333333333348,12,0.72,-0.1,0.0,-0.1,-0.7476651610671541,0.37393650107548,0.1919913633361862,0.2127596452964393
delta,-0.1,microscopic,1,50260802,1,0.06544984694978735,0.020833333333333332,0.8877910199906281,0.331977467701527,0.3356747007615215,0.9953538756670928,0.0508155051578702,0.016998326599926936,12,0.72,-0.1,0.0,-0.1,-0.7476651610671541,0.37393650107548,0.1919913633361862,0.2127596452964393
delta,-0.1,microscopic,1,50260802,2,0.1308996938995747,0.041666666666666664,0.5940438203443975,0.22213466766509504,0.22820713342136115,0.9919215076019713,0.04977397894263948,0.011550255123285533,12,0.72,-0.1,0.0,-0.1,-0.7476651610671541,0.37393650107548,0.1919913633361862,0.2127596452964393
delta,-0.1,microscopic,1,50260802,4,0.2617993877991494,0.08333333333333333,-0.08333333333333323,-0.031161375089623293,-0.029948212854214507,0.8600454714360708,0.0498180541252733,-0.0014840850720949372,12,0.72,-0.1,0.0,-0.1,-0.7476651610671541,0.37393650107548,0.1919913633361862,0.2127596452964393
delta,-0.1,microscopic,1,50260802,6,0.39269908169872414,0.125,-0.2511391455052437,-0.09391009335331668,-0.10988644362135867,0.9954975259845827,0.050294394331165684,-0.005516079752911894,12,0.72,-0.1,0.0,-0.1,-0.7476651610671541,0.37393650107548,0.1919913633361862,0.2127596452964393
delta,-0.1,microscopic,1,50260802,8,0.5235987755982988,0.16666666666666666,-5.551115123125783e-17,-2.0757645662088375e-17,-0.004569684044943191,-1.4821773255640815,0.050864335920447354,-0.0002383344636886295,12,0.72,-0.1,0.0,-0.1,-0.7476651610671541,0.37393650107548,0.1919913633361862,0.2127596452964393
delta,-0.1,microscopic,2,50260803,0,0.0,0.0,1.0,0.37393650107548,0.37985825123978684,0.9973521689662235,0.04967187500000002,0.019062500000000017,12,0.72,-0.1,0.0,-0.1,-0.7476651610671541,0.37393650107548,0.1919913633361862,0.2127596452964393
delta,-0.1,microscopic,2,50260803,1,0.06544984694978735,0.020833333333333332,0.8877910199906281,0.331977467701527,0.33393084317063026,0.9981665397094772,0.04956593573829638,0.016610735381810994,12,0.72,-0.1,0.0,-0.1,-0.7476651610671541,0.37393650107548,0.1919913633361862,0.2127596452964393
delta,-0.1,microscopic,2,50260803,2,0.1308996938995747,0.041666666666666664,0.5940438203443975,0.22213466766509504,0.23091520550530406,0.9618229456126467,0.05130534627104278,0.011773180308659592,12,0.72,-0.1,0.0,-0.1,-0.7476651610671541,0.37393650107548,0.1919913633361862,0.2127596452964393
delta,-0.1,microscopic,2,50260803,4,0.2617993877991494,0.08333333333333333,-0.08333333333333323,-0.031161375089623293,-0.03497749917329946,0.7782615082387164,0.048821023384466956,-0.0016800064765835727,12,0.72,-0.1,0.0,-0.1,-0.7476651610671541,0.37393650107548,0.1919913633361862,0.2127596452964393
delta,-0.1,microscopic,2,50260803,6,0.39269908169872414,0.125,-0.2511391455052437,-0.09391009335331668,-0.08582510254167713,0.9486440855708944,0.050311309676349704,-0.004371616732410365,12,0.72,-0.1,0.0,-0.1,-0.7476651610671541,0.37393650107548,0.1919913633361862,0.2127596452964393
delta,-0.1,microscopic,2,50260803,8,0.5235987755982988,0.16666666666666666,-5.551115123125783e-17,-2.0757645662088375e-17,-0.0038853658171907725,0.025786547287694805,0.050470372294658936,-0.00018393413176846841,12,0.72,-0.1,0.0,-0.1,-0.7476651610671541,0.37393650107548,0.1919913633361862,0.2127596452964393
delta,-0.1,microscopic,3,50260804,0,0.0,0.0,1.0,0.37393650107548,0.37833702235906186,0.9964164166238778,0.05038020833333335,0.01902604166666668,12,0.72,-0.1,0.0,-0.1,-0.7476651610671541,0.37393650107548,0.1919913633361862,0.2127596452964393
delta,-0.1,microscopic,3,50260804,1,0.06544984694978735,0.020833333333333332,0.8877910199906281,0.331977467701527,0.35598838182524234,0.9917048952015558,0.04951219563557455,0.017267453291107453,12,0.72,-0.1,0.0,-0.1,-0.7476651610671541,0.37393650107548,0.1919913633361862,0.2127596452964393
delta,-0.1,microscopic,3,50260804,2,0.1308996938995747,0.041666666666666664,0.5940438203443975,0.22213466766509504,0.21899927732474436,0.990023046207597,0.04916325336262947,0.010755415925726,12,0.72,-0.1,0.0,-0.1,-0.7476651610671541,0.37393650107548,0.1919913633361862,0.2127596452964393
delta,-0.1,microscopic,3,50260804,4,0.2617993877991494,0.08333333333333333,-0.08333333333333323,-0.031161375089623293,-0.03494525688895512,0.5507096883870963,0.05040166004509408,-0.001781108469975113,12,0.72,-0.1,0.0,-0.1,-0.7476651610671541,0.37393650107548,0.1919913633361862,0.2127596452964393
delta,-0.1,microscopic,3,50260804,6,0.39269908169872414,0.125,-0.2511391455052437,-0.09391009335331668,-0.10223729728603015,0.9862530699207512,0.051106825103273634,-0.005191247034528211,12,0.72,-0.1,0.0,-0.1,-0.7476651610671541,0.37393650107548,0.1919913633361862,0.2127596452964393
delta,-0.1,microscopic,3,50260804,8,0.5235987755982988,0.16666666666666666,-5.551115123125783e-17,-2.0757645662088375e-17,0.02104218646371861,0.3505544127841199,0.0506025236850701,0.00106294729104192,12,0.72,-0.1,0.0,-0.1,-0.7476651610671541,0.37393650107548,0.1919913633361862,0.2127596452964393
delta,-0.1,microscopic,4,50260805,0,0.0,0.0,1.0,0.37393650107548,0.39371577087248627,0.9911986571116156,0.04932291666666669,0.01946354166666668,12,0.72,-0.1,0.0,-0.1,-0.7476651610671541,0.37393650107548,0.1919913633361862,0.2127596452964393
delta,-0.1,microscopic,4,50260805,1,0.06544984694978735,0.020833333333333332,0.8877910199906281,0.331977467701527,0.3573328076661238,0.9959896505486175,0.04967762591706715,0.01775135193427193,12,0.72,-0.1,0.0,-0.1,-0.7476651610671541,0.37393650107548,0.1919913633361862,0.2127596452964393
delta,-0.1,microscopic,4,50260805,2,0.1308996938995747,0.041666666666666664,0.5940438203443975,0.22213466766509504,0.23913574952200256,0.9863172048206306,0.0501621583856888,0.01196555068001185,12,0.72,-0.1,0.0,-0.1,-0.7476651610671541,0.37393650107548,0.1919913633361862,0.2127596452964393
delta,-0.1,microscopic,4,50260805,4,0.2617993877991494,0.08333333333333333,-0.08333333333333323,-0.031161375089623293,-0.052953329030216656,0.6787366494104989,0.05044241865984709,-0.0026402613265539055,12,0.72,-0.1,0.0,-0.1,-0.7476651610671541,0.37393650107548,0.1919913633361862,0.2127596452964393
delta,-0.1,microscopic,4,50260805,6,0.39269908169872414,0.125,-0.2511391455052437,-0.09391009335331668,-0.09171599687413655,0.9428966486635532,0.05012909746667922,-0.004597008817763466,12,0.72,-0.1,0.0,-0.1,-0.7476651610671541,0.37393650107548,0.1919913633361862,0.2127596452964393
delta,-0.1,microscopic,4,50260805,8,0.5235987755982988,0.16666666666666666,-5.551115123125783e-17,-2.0757645662088375e-17,-0.008691348736021974,0.8511966969100165,0.049373337364455316,-0.0004295738787784469,12,0.72,-0.1,0.0,-0.1,-0.7476651610671541,0.37393650107548,0.1919913633361862,0.2127596452964393
delta,-0.1,microscopic,5,50260806,0,0.0,0.0,1.0,0.37393650107548,0.39314256659769364,0.994402690149085,0.05075520833333336,0.02039583333333335,12,0.72,-0.1,0.0,-0.1,-0.7476651610671541,0.37393650107548,0.1919913633361862,0.2127596452964393
delta,-0.1,microscopic,5,50260806,1,0.06544984694978735,0.020833333333333332,0.8877910199906281,0.331977467701527,0.33616980179808587,0.9917830535985043,0.050585433569585864,0.017227553264795442,12,0.72,-0.1,0.0,-0.1,-0.7476651610671541,0.37393650107548,0.1919913633361862,0.2127596452964393
delta,-0.1,microscopic,5,50260806,2,0.1308996938995747,0.041666666666666664,0.5940438203443975,0.22213466766509504,0.21160561888565013,0.9938739486256614,0.04939856174424101,0.010349697944150991,12,0.72,-0.1,0.0,-0.1,-0.7476651610671541,0.37393650107548,0.1919913633361862,0.2127596452964393
delta,-0.1,microscopic,5,50260806,4,0.2617993877991494,0.08333333333333333,-0.08333333333333323,-0.031161375089623293,-0.057253696349985624,0.8804977000101161,0.04996208155316862,-0.002813715240446893,12,0.72,-0.1,0.0,-0.1,-0.7476651610671541,0.37393650107548,0.1919913633361862,0.2127596452964393
delta,-0.1,microscopic,5,50260806,6,0.39269908169872414,0.125,-0.2511391455052437,-0.09391009335331668,-0.09601798709222725,0.8747757768265096,0.05060979521703725,-0.004720602973531012,12,0.72,-0.1,0.0,-0.1,-0.7476651610671541,0.37393650107548,0.1919913633361862,0.2127596452964393
delta,-0.1,microscopic,5,50260806,8,0.5235987755982988,0.16666666666666666,-5.551115123125783e-17,-2.0757645662088375e-17,0.0057945785218804025,0.021459679544774457,0.05079338915865095,0.00029939239323752424,12,0.72,-0.1,0.0,-0.1,-0.7476651610671541,0.37393650107548,0.1919913633361862,0.2127596452964393
delta,-0.1,microscopic,6,50260807,0,0.0,0.0,1.0,0.37393650107548,0.4137250123200036,0.9957979771604571,0.049932291666666684,0.02068750000000002,12,0.72,-0.1,0.0,-0.1,-0.7476651610671541,0.37393650107548,0.1919913633361862,0.2127596452964393
delta,-0.1,microscopic,6,50260807,1,0.06544984694978735,0.020833333333333332,0.8877910199906281,0.331977467701527,0.3583741872623628,0.9946285593982229,0.05091090408471621,0.0181406931608507,12,0.72,-0.1,0.0,-0.1,-0.7476651610671541,0.37393650107548,0.1919913633361862,0.2127596452964393
delta,-0.1,microscopic,6,50260807,2,0.1308996938995747,0.041666666666666664,0.5940438203443975,0.22213466766509504,0.22541491614189732,0.9946997991498728,0.050761915622756545,0.011501723785585694,12,0.72,-0.1,0.0,-0.1,-0.7476651610671541,0.37393650107548,0.1919913633361862,0.2127596452964393
delta,-0.1,microscopic,6,50260807,4,0.2617993877991494,0.08333333333333333,-0.08333333333333323,-0.031161375089623293,-0.024577591311632365,0.8409368698211654,0.05021951710566092,-0.0012283518413595033,12,0.72,-0.1,0.0,-0.1,-0.7476651610671541,0.37393650107548,0.1919913633361862,0.2127596452964393
delta,-0.1,microscopic,6,50260807,6,0.39269908169872414,0.125,-0.2511391455052437,-0.09391009335331668,-0.07234481876129815,0.6851085883683528,0.05123633780028394,-0.003753600831853391,12,0.72,-0.1,0.0,-0.1,-0.7476651610671541,0.37393650107548,0.1919913633361862,0.2127596452964393
delta,-0.1,microscopic,6,50260807,8,0.5235987755982988,0.16666666666666666,-5.551115123125783e-17,-2.0757645662088375e-17,-0.019509526972898483,0.40973528519508184,0.04992688961603218,-0.0009798143523592829,12,0.72,-0.1,0.0,-0.1,-0.7476651610671541,0.37393650107548,0.1919913633361862,0.2127596452964393
delta,-0.1,microscopic,7,50260808,0,0.0,0.0,1.0,0.37393650107548,0.37042793124273893,0.9949874296550097,0.049354166666666685,0.017963541666666683,12,0.72,-0.1,0.0,-0.1,-0.7476651610671541,0.37393650107548,0.1919913633361862,0.2127596452964393
delta,-0.1,microscopic,7,50260808,1,0.06544984694978735,0.020833333333333332,0.8877910199906281,0.331977467701527,0.32903316836278146,0.9962448396208734,0.05005240103591216,0.016467496394317924,12,0.72,-0.1,0.0,-0.1,-0.7476651610671541,0.37393650107548,0.1919913633361862,0.2127596452964393
delta,-0.1,microscopic,7,50260808,2,0.1308996938995747,0.041666666666666664,0.5940438203443975,0.22213466766509504,0.2216051417311502,0.9817491213311815,0.05037953251001692,0.011018533149364355,12,0.72,-0.1,0.0,-0.1,-0.7476651610671541,0.37393650107548,0.1919913633361862,0.2127596452964393
delta,-0.1,microscopic,7,50260808,4,0.2617993877991494,0.08333333333333333,-0.08333333333333323,-0.031161375089623293,-0.022700170013094934,0.4630787011724644,0.05006029363425975,-0.0011394458800383592,12,0.72,-0.1,0.0,-0.1,-0.7476651610671541,0.37393650107548,0.1919913633361862,0.2127596452964393
delta,-0.1,microscopic,7,50260808,6,0.39269908169872414,0.125,-0.2511391455052437,-0.09391009335331668,-0.10003951764284356,0.8444993490622763,0.04939738264035998,-0.004851851021946234,12,0.72,-0.1,0.0,-0.1,-0.7476651610671541,0.37393650107548,0.1919913633361862,0.2127596452964393
delta,-0.1,microscopic,7,50260808,8,0.5235987755982988,0.16666666666666666,-5.551115123125783e-17,-2.0757645662088375e-17,0.004645145346176801,-0.06982645172513458,0.04991280688380863,0.0002323317455968062,12,0.72,-0.1,0.0,-0.1,-0.7476651610671541,0.37393650107548,0.1919913633361862,0.2127596452964393
delta,-0.05,gaussian_map,0,51260801,0,0.0,0.0,1.0,0.562911200236417,0.5675642149781869,0.9997749981113375,0.04985416666666666,0.028151041666666682,12,0.72,-0.05,0.0,-0.05,-0.5170784989129754,0.562911200236417,0.1919913633361862,0.2127596452964393
delta,-0.05,gaussian_map,0,51260801,1,0.06544984694978735,0.020833333333333332,0.8877910199906281,0.49974750862203743,0.5063312841504688,0.9992077822219587,0.05062198947377551,0.02585133496820608,12,0.72,-0.05,0.0,-0.05,-0.5170784989129754,0.562911200236417,0.1919913633361862,0.2127596452964393
delta,-0.05,gaussian_map,0,51260801,2,0.1308996938995747,0.041666666666666664,0.5940438203443975,0.3343939199030913,0.3423180708731638,0.9994089298344138,0.05027325211813891,0.01720521266853848,12,0.72,-0.05,0.0,-0.05,-0.5170784989129754,0.562911200236417,0.1919913633361862,0.2127596452964393
delta,-0.05,gaussian_map,0,51260801,4,0.2617993877991494,0.08333333333333333,-0.08333333333333323,-0.04690926668636803,-0.05397118321555944,0.9669649767190414,0.049464064755149376,-0.002659411519942913,12,0.72,-0.05,0.0,-0.05,-0.5170784989129754,0.562911200236417,0.1919913633361862,0.2127596452964393
delta,-0.05,gaussian_map,0,51260801,6,0.39269908169872414,0.125,-0.2511391455052437,-0.1413690378227049,-0.15115641026376092,0.9972710689416434,0.050209960467242166,-0.007572453944273157,12,0.72,-0.05,0.0,-0.05,-0.5170784989129754,0.562911200236417,0.1919913633361862,0.2127596452964393
delta,-0.05,gaussian_map,0,51260801,8,0.5235987755982988,0.16666666666666666,-5.551115123125783e-17,-3.1247848766092604e-17,-0.005342179198300088,0.5410518330176415,0.05111555794229962,-0.0002729499372694657,12,0.72,-0.05,0.0,-0.05,-0.5170784989129754,0.562911200236417,0.1919913633361862,0.2127596452964393
delta,-0.05,gaussian_map,1,51260802,0,0.0,0.0,1.0,0.562911200236417,0.5721081446548565,0.9996369438521806,0.049749999999999996,0.02840625000000001,12,0.72,-0.05,0.0,-0.05,-0.5170784989129754,0.562911200236417,0.1919913633361862,0.2127596452964393
delta,-0.05,gaussian_map,1,51260802,1,0.06544984694978735,0.020833333333333332,0.8877910199906281,0.49974750862203743,0.5099204902049869,0.9997388869323189,0.050091991625725946,0.025577275602287182,12,0.72,-0.05,0.0,-0.05,-0.5170784989129754,0.562911200236417,0.1919913633361862,0.2127596452964393
delta,-0.05,gaussian_map,1,51260802,2,0.1308996938995747,0.041666666666666664,0.5940438203443975,0.3343939199030913,0.3369337959123815,0.9942273103178233,0.04885228108758616,0.016185286036248137,12,0.72,-0.05,0.0,-0.05,-0.5170784989129754,0.562911200236417,0.1919913633361862,0.2127596452964393
delta,-0.05,gaussian_map,1,51260802,4,0.2617993877991494,0.08333333333333333,-0.08333333333333323,-0.04690926668636803,-0.03966399741544072,0.9628735747434756,0.04853308114480298,-0.0019111800697117402,12,0.72,-0.05,0.0,-0.05,-0.5170784989129754,0.562911200236417,0.1919913633361862,0.2127596452964393
delta,-0.05,gaussian_map,1,51260802,6,0.39269908169872414,0.125,-0.2511391455052437,-0.1413690378227049,-0.13803572655379365,0.9980176427255265,0.05008086463222015,-0.006876545240276859,12,0.72,-0.05,0.0,-0.05,-0.5170784989129754,0.562911200236417,0.1919913633361862,0.2127596452964393
delta,-0.05,gaussian_map,1,51260802,8,0.5235987755982988,0.16666666666666666,-5.551115123125783e-17,-3.1247848766092604e-17,-0.00879815067748707,0.5527809001553714,0.05023295926084653,-0.00044345621635129707,12,0.72,-0.05,0.0,-0.05,-0.5170784989129754,0.562911200236417,0.1919913633361862,0.2127596452964393
delta,-0.05,gaussian_map,2,51260803,0,0.0,0.0,1.0,0.562911200236417,0.5660204414824136,0.9980294789681942,0.05014583333333332,0.028020833333333345,12,0.72,-0.05,0.0,-0.05,-0.5170784989129754,0.562911200236417,0.1919913633361862,0.2127596452964393
delta,-0.05,gaussian_map,2,51260803,1,0.06544984694978735,0.020833333333333332,0.8877910199906281,0.49974750862203743,0.5084054915204141,0.9983416772387228,0.051076465503390935,0.026234544137209617,12,0.72,-0.05,0.0,-0.05,-0.5170784989129754,0.562911200236417,0.1919913633361862,0.2127596452964393
delta,-0.05,gaussian_map,2,51260803,2,0.1308996938995747,0.041666666666666664,0.5940438203443975,0.3343939199030913,0.32578834647896776,0.9993422171838847,0.05010186075046659,0.016236672515294055,12,0.72,-0.05,0.0,-0.05,-0.5170784989129754,0.562911200236417,0.1919913633361862,0.2127596452964393
delta,-0.05,gaussian_map,2,51260803,4,0.2617993877991494,0.08333333333333333,-0.08333333333333323,-0.04690926668636803,-0.05084081465033384,0.9448202910408656,0.0494726804401895,-0.002492441253320085,12,0.72,-0.05,0.0,-0.05,-0.5170784989129754,0.562911200236417,0.1919913633361862,0.2127596452964393
delta,-0.05,gaussian_map,2,51260803,6,0.39269908169872414,0.125,-0.2511391455052437,-0.1413690378227049,-0.1399591675703674,0.9981348706996459,0.04962256435376881,-0.006932152320060274,12,0.72,-0.05,0.0,-0.05,-0.5170784989129754,0.562911200236417,0.1919913633361862,0.2127596452964393
delta,-0.05,gaussian_map,2,51260803,8,0.5235987755982988,0.16666666666666666,-5.551115123125783e-17,-3.1247848766092604e-17,-0.007981233834109633,0.7058842645705086,0.05025226998035152,-0.0004023370380518978,12,0.72,-0.05,0.0,-0.05,-0.5170784989129754,0.562911200236417,0.1919913633361862,0.2127596452964393
delta,-0.05,gaussian_map,3,51260804,0,0.0,0.0,1.0,0.562911200236417,0.5637971436660145,0.9999489806479012,0.050953124999999995,0.028739583333333346,12,0.72,-0.05,0.0,-0.05,-0.5170784989129754,0.562911200236417,0.1919913633361862,0.2127596452964393
delta,-0.05,gaussian_map,3,51260804,1,0.06544984694978735,0.020833333333333332,0.8877910199906281,0.49974750862203743,0.51904863185806,0.9998898528457749,0.049601176340390116,0.0258098283310633,12,0.72,-0.05,0.0,-0.05,-0.5170784989129754,0.562911200236417,0.1919913633361862,0.2127596452964393
delta,-0.05,gaussian_map,3,51260804,2,0.1308996938995747,0.041666666666666664,0.5940438203443975,0.3343939199030913,0.34094557643941437,0.9979598168536803,0.05072411873840297,0.017403625358613617,12,0.72,-0.05,0.0,-0.05,-0.5170784989129754,0.562911200236417,0.1919913633361862,0.2127596452964393
delta,-0.05,gaussian_map,3,51260804,4,0.2617993877991494,0.08333333333333333,-0.08333333333333323,-0.04690926668636803,-0.04764856876631698,0.9506243630421253,0.04936188578883392,-0.002331825219459123,12,0.72,-0.05,0.0,-0.05,-0.5170784989129754,0.562911200236417,0.1919913633361862,0.2127596452964393
delta,-0.05,gaussian_map,3,51260804,6,0.39269908169872414,0.125,-0.2511391455052437,-0.1413690378227049,-0.1417198467450813,0.9979399177819963,0.050979745732611034,-0.007258704336082883,12,0.72,-0.05,0.0,-0.05,-0.5170784989129754,0.562911200236417,0.1919913633361862,0.2127596452964393
delta,-0.05,gaussian_map,3,51260804,8,0.5235987755982988,0.16666666666666666,-5.551115123125783e-17,-3.1247848766092604e-17,0.003500807058573163,-49.03427605388704,0.048822375855648914,0.00016833597956087917,12,0.72,-0.05,0.0,-0.05,-0.5170784989129754,0.562911200236417,0.1919913633361862,0.2127596452964393
delta,-0.05,gaussian_map,4,51260805,0,0.0,0.0,1.0,0.562911200236417,0.5708755634507068,0.9996189084497198,0.05005208333333333,0.028427083333333342,12,0.72,-0.05,0.0,-0.05,-0.5170784989129754,0.562911200236417,0.1919913633361862,0.2127596452964393
delta,-0.05,gaussian_map,4,51260805,1,0.06544984694978735,0.020833333333333332,0.8877910199906281,0.49974750862203743,0.5215548894297544,0.9999330178981333,0.05063838619025739,0.02645393262143826,12,0.72,-0.05,0.0,-0.05,-0.5170784989129754,0.562911200236417,0.1919913633361862,0.2127596452964393
delta,-0.05,gaussian_map,4,51260805,2,0.1308996938995747,0.041666666666666664,0.5940438203443975,0.3343939199030913,0.3524603060526085,0.9996215800067607,0.050124553039048336,0.01760494146676572,12,0.72,-0.05,0.0,-0.05,-0.5170784989129754,0.562911200236417,0.1919913633361862,0.2127596452964393
delta,-0.05,gaussian_map,4,51260805,4,0.2617993877991494,0.08333333333333333,-0.08333333333333323,-0.04690926668636803,-0.0597744645284295,0.9967806742553573,0.04923361074091964,-0.002937125827710042,12,0.72,-0.05,0.0,-0.05,-0.5170784989129754,0.562911200236417,0.1919913633361862,0.2127596452964393
delta,-0.05,gaussian_map,4,51260805,6,0.39269908169872414,0.125,-0.2511391455052437,-0.1413690378227049,-0.1337597839041098,0.9947849182598157,0.05080632898003782,-0.006744941442888815,12,0.72,-0.05,0.0,-0.05,-0.5170784989129754,0.562911200236417,0.1919913633361862,0.2127596452964393
delta,-0.05,gaussian_map,4,51260805,8,0.5235987755982988,0.16666666666666666,-5.551115123125783e-17,-3.1247848766092604e-17,0.0022008651889396415,0.3116040932349743,0.05067128049339742,0.00011196574277046142,12,0.72,-0.05,0.0,-0.05,-0.5170784989129754,0.562911200236417,0.1919913633361862,0.2127596452964393
delta,-0.05,gaussian_map,5,51260806,0,0.0,0.0,1.0,0.562911200236417,0.5751654942335611,0.9982973294589531,0.04938020833333332,0.028046875000000013,12,0.72,-0.05,0.0,-0.05,-0.5170784989129754,0.562911200236417,0.1919913633361862,0.2127596452964393
delta,-0.05,gaussian_map,5,51260806,1,0.06544984694978735,0.020833333333333332,0.8877910199906281,0.49974750862203743,0.49411556209844926,0.9983699071180492,0.05075332586737237,0.025212356945275988,12,0.72,-0.05,0.0,-0.05,-0.5170784989129754,0.562911200236417,0.1919913633361862,0.2127596452964393
delta,-0.05,gaussian_map,5,51260806,2,0.1308996938995747,0.041666666666666664,0.5940438203443975,0.3343939199030913,0.33933292506506674,0.999970356809323,0.050321544173250216,0.0170814382354282,12,0.72,-0.05,0.0,-0.05,-0.5170784989129754,0.562911200236417,0.1919913633361862,0.2127596452964393
delta,-0.05,gaussian_map,5,51260806,4,0.2617993877991494,0.08333333333333333,-0.08333333333333323,-0.04690926668636803,-0.04273779897451027,0.9558830470788697,0.04917446617497867,-0.002097513448618179,12,0.72,-0.05,0.0,-0.05,-0.5170784989129754,0.562911200236417,0.1919913633361862,0.2127596452964393
delta,-0.05,gaussian_map,5,51260806,6,0.39269908169872414,0.125,-0.2511391455052437,-0.1413690378227049,-0.14915645017945967,0.9970135582513344,0.05037578160124162,-0.007567771370839843,12,0.72,-0.05,0.0,-0.05,-0.5170784989129754,0.562911200236417,0.1919913633361862,0.2127596452964393
delta,-0.05,gaussian_map,5,51260806,8,0.5235987755982988,0.16666666666666666,-5.551115123125783e-17,-3.1247848766092604e-17,0.005011161118151641,0.47767887769418405,0.05043553677247926,0.0002525907427704608,12,0.72,-0.05,0.0,-0.05,-0.5170784989129754,0.562911200236417,0.1919913633361862,0.2127596452964393
delta,-0.05,gaussian_map,6,51260807,0,0.0,0.0,1.0,0.562911200236417,0.5722421977716736,0.9998013809021602,0.049812499999999996,0.028468750000000015,12,0.72,-0.05,0.0,-0.05,-0.5170784989129754,0.562911200236417,0.1919913633361862,0.2127596452964393
delta,-0.05,gaussian_map,6,51260807,1,0.06544984694978735,0.020833333333333332,0.8877910199906281,0.49974750862203743,0.4972445005549169,0.9997430384892119,0.0504876546503682,0.02502639433766988,12,0.72,-0.05,0.0,-0.05,-0.5170784989129754,0.562911200236417,0.1919913633361862,0.2127596452964393
delta,-0.05,gaussian_map,6,51260807,2,0.1308996938995747,0.041666666666666664,0.5940438203443975,0.3343939199030913,0.3343082689356875,0.9986734532563051,0.05028751156289555,0.016741076777426554,12,0.72,-0.05,0.0,-0.05,-0.5170784989129754,0.562911200236417,0.1919913633361862,0.2127596452964393
delta,-0.05,gaussian_map,6,51260807,4,0.2617993877991494,0.08333333333333333,-0.08333333333333323,-0.04690926668636803,-0.054121260459818986,0.9086591354515545,0.05010935484620399,-0.00273798158050161,12,0.72,-0.05,0.0,-0.05,-0.5170784989129754,0.562911200236417,0.1919913633361862,0.2127596452964393
delta,-0.05,gaussian_map,6,51260807,6,0.39269908169872414,0.125,-0.2511391455052437,-0.1413690378227049,-0.14992206176830783,0.9989274740298129,0.05004473159209706,-0.007518023574445494,12,0.72,-0.05,0.0,-0.05,-0.5170784989129754,0.562911200236417,0.1919913633361862,0.2127596452964393
delta,-0.05,gaussian_map,6,51260807,8,0.5235987755982988,0.16666666666666666,-5.551115123125783e-17,-3.1247848766092604e-17,0.0015001238197639608,-0.06413151574318077,0.04878030839968085,7.319041085030031e-05,12,0.72,-0.05,0.0,-0.05,-0.5170784989129754,0.562911200236417,0.1919913633361862,0.2127596452964393
delta,-0.05,gaussian_map,7,51260808,0,0.0,0.0,1.0,0.562911200236417,0.5662396906785123,0.9988041311904854,0.049046875,0.027562500000000007,12,0.72,-0.05,0.0,-0.05,-0.5170784989129754,0.562911200236417,0.1919913633361862,0.2127596452964393
delta,-0.05,gaussian_map,7,51260808,1,0.06544984694978735,0.020833333333333332,0.8877910199906281,0.49974750862203743,0.5033929345052596,0.9992225956840755,0.04898342872963322,0.024434255991064205,12,0.72,-0.05,0.0,-0.05,-0.5170784989129754,0.562911200236417,0.1919913633361862,0.2127596452964393
delta,-0.05,gaussian_map,7,51260808,2,0.1308996938995747,0.041666666666666664,0.5940438203443975,0.3343939199030913,0.32953290248604505,0.9993338683509081,0.04988932782771173,0.016518646025452177,12,0.72,-0.05,0.0,-0.05,-0.5170784989129754,0.562911200236417,0.1919913633361862,0.2127596452964393
delta,-0.05,gaussian_map,7,51260808,4,0.2617993877991494,0.08333333333333333,-0.08333333333333323,-0.04690926668636803,-0.04708727336856015,0.977647946635496,0.04991520695968771,-0.002343377091288619,12,0.72,-0.05,0.0,-0.05,-0.5170784989129754,0.562911200236417,0.1919913633361862,0.2127596452964393
delta,-0.05,gaussian_map,7,51260808,6,0.39269908169872414,0.125,-0.2511391455052437,-0.1413690378227049,-0.1353869401523581,0.9941211344893833,0.04883713710954318,-0.0066699143266839055,12,0.72,-0.05,0.0,-0.05,-0.5170784989129754,0.562911200236417,0.1919913633361862,0.2127596452964393
delta,-0.05,gaussian_map,7,51260808,8,0.5235987755982988,0.16666666666666666,-5.551115123125783e-17,-3.1247848766092604e-17,0.009054261051128045,0.2710531279691972,0.05085745827421978,0.00046912394150898167,12,0.72,-0.05,0.0,-0.05,-0.5170784989129754,0.562911200236417,0.1919913633361862,0.2127596452964393
delta,-0.05,microscopic,0,51260801,0,0.0,0.0,1.0,0.562911200236417,0.5557607347723895,0.9955878985596841,0.04985416666666666,0.02833333333333335,12,0.72,-0.05,0.0,-0.05,-0.5170784989129754,0.562911200236417,0.1919913633361862,0.2127596452964393
delta,-0.05,microscopic,0,51260801,1,0.06544984694978735,0.020833333333333332,0.8877910199906281,0.49974750862203743,0.49393714477029826,0.9855036674897505,0.05062198947377551,0.02597023923162044,12,0.72,-0.05,0.0,-0.05,-0.5170784989129754,0.562911200236417,0.1919913633361862,0.2127596452964393
delta,-0.05,microscopic,0,51260801,2,0.1308996938995747,0.041666666666666664,0.5940438203443975,0.3343939199030913,0.33861847854497273,0.9969357543190794,0.05027325211813891,0.01712403360373533,12,0.72,-0.05,0.0,-0.05,-0.5170784989129754,0.562911200236417,0.1919913633361862,0.2127596452964393
delta,-0.05,microscopic,0,51260801,4,0.2617993877991494,0.08333333333333333,-0.08333333333333323,-0.04690926668636803,-0.0479924271219785,0.9448049530580591,0.049464064755149376,-0.00235988264271727,12,0.72,-0.05,0.0,-0.05,-0.5170784989129754,0.562911200236417,0.1919913633361862,0.2127596452964393
delta,-0.05,microscopic,0,51260801,6,0.39269908169872414,0.125,-0.2511391455052437,-0.1413690378227049,-0.1146679163084406,0.9253845071376622,0.050209960467242166,-0.005620227267439043,12,0.72,-0.05,0.0,-0.05,-0.5170784989129754,0.562911200236417,0.1919913633361862,0.2127596452964393
delta,-0.05,microscopic,0,51260801,8,0.5235987755982988,0.16666666666666666,-5.551115123125783e-17,-3.1247848766092604e-17,-0.001666430137290806,0.00611867856174797,0.05111555794229962,-8.600461948102744e-05,12,0.72,-0.05,0.0,-0.05,-0.5170784989129754,0.562911200236417,0.1919913633361862,0.2127596452964393
delta,-0.05,microscopic,1,51260802,0,0.0,0.0,1.0,0.562911200236417,0.5629774180197803,0.9964620064204122,0.049749999999999996,0.02801562500000001,12,0.72,-0.05,0.0,-0.05,-0.5170784989129754,0.562911200236417,0.1919913633361862,0.2127596452964393
delta,-0.05,microscopic,1,51260802,1,0.06544984694978735,0.020833333333333332,0.8877910199906281,0.49974750862203743,0.5234185652704181,0.9955106630082524,0.050091991625725946,0.025698494373254367,12,0.72,-0.05,0.0,-0.05,-0.5170784989129754,0.562911200236417,0.1919913633361862,0.2127596452964393
delta,-0.05,microscopic,1,51260802,2,0.1308996938995747,0.041666666666666664,0.5940438203443975,0.3343939199030913,0.33158377577288345,0.9861524368282006,0.04885228108758616,0.016475195498291482,12,0.72,-0.05,0.0,-0.05,-0.5170784989129754,0.562911200236417,0.1919913633361862,0.2127596452964393
delta,-0.05,microscopic,1,51260802,4,0.2617993877991494,0.08333333333333333,-0.08333333333333323,-0.04690926668636803,-0.05960445275412759,0.5538515043676073,0.04853308114480298,-0.0028745593035582754,12,0.72,-0.05,0.0,-0.05,-0.5170784989129754,0.562911200236417,0.1919913633361862,0.2127596452964393
delta,-0.05,microscopic,1,51260802,6,0.39269908169872414,0.125,-0.2511391455052437,-0.1413690378227049,-0.13583914408474315,0.9261678574595582,0.05008086463222015,-0.00678156335624514,12,0.72,-0.05,0.0,-0.05,-0.5170784989129754,0.562911200236417,0.1919913633361862,0.2127596452964393
delta,-0.05,microscopic,1,51260802,8,0.5235987755982988,0.16666666666666666,-5.551115123125783e-17,-3.1247848766092604e-17,-0.0005869260154747877,-1.9517273402835311,0.05023295926084653,-5.15358449660657e-05,12,0.72,-0.05,0.0,-0.05,-0.5170784989129754,0.562911200236417,0.1919913633361862,0.2127596452964393
delta,-0.05,microscopic,2,51260803,0,0.0,0.0,1.0,0.562911200236417,0.5706278205466486,0.9976267824806263,0.05014583333333332,0.02832812500000001,12,0.72,-0.05,0.0,-0.05,-0.5170784989129754,0.562911200236417,0.1919913633361862,0.2127596452964393
delta,-0.05,microscopic,2,51260803,1,0.06544984694978735,0.020833333333333332,0.8877910199906281,0.49974750862203743,0.5043613957610128,0.9970747585309189,0.051076465503390935,0.025515049583595045,12,0.72,-0.05,0.0,-0.05,-0.5170784989129754,0.562911200236417,0.1919913633361862,0.2127596452964393
delta,-0.05,microscopic,2,51260803,2,0.1308996938995747,0.041666666666666664,0.5940438203443975,0.3343939199030913,0.29209864773641864,0.9908411479694402,0.05010186075046659,0.01457702071008652,12,0.72,-0.05,0.0,-0.05,-0.5170784989129754,0.562911200236417,0.1919913633361862,0.2127596452964393
delta,-0.05,microscopic,2,51260803,4,0.2617993877991494,0.08333333333333333,-0.08333333333333323,-0.04690926668636803,-0.041613285188235774,0.43951043846136195,0.0494726804401895,-0.0020902860342677278,12,0.72,-0.05,0.0,-0.05,-0.5170784989129754,0.562911200236417,0.1919913633361862,0.2127596452964393
delta,-0.05,microscopic,2,51260803,6,0.39269908169872414,0.125,-0.2511391455052437,-0.1413690378227049,-0.14033720781074546,0.9865527485676203,0.04962256435376881,-0.00703163607231776,12,0.72,-0.05,0.0,-0.05,-0.5170784989129754,0.562911200236417,0.1919913633361862,0.2127596452964393
delta,-0.05,microscopic,2,51260803,8,0.5235987755982988,0.16666666666666666,-5.551115123125783e-17,-3.1247848766092604e-17,-0.004481969088803303,-0.5125444487630166,0.05025226998035152,-0.0002608639577085855,12,0.72,-0.05,0.0,-0.05,-0.5170784989129754,0.562911200236417,0.1919913633361862,0.2127596452964393
delta,-0.05,microscopic,3,51260804,0,0.0,0.0,1.0,0.562911200236417,0.5539509778389752,0.9836649495946923,0.050953124999999995,0.028052083333333342,12,0.72,-0.05,0.0,-0.05,-0.5170784989129754,0.562911200236417,0.1919913633361862,0.2127596452964393
delta,-0.05,microscopic,3,51260804,1,0.06544984694978735,0.020833333333333332,0.8877910199906281,0.49974750862203743,0.5058434940634335,0.9821813933960665,0.049601176340390116,0.02410922819440118,12,0.72,-0.05,0.0,-0.05,-0.5170784989129754,0.562911200236417,0.1919913633361862,0.2127596452964393
delta,-0.05,microscopic,3,51260804,2,0.1308996938995747,0.041666666666666664,0.5940438203443975,0.3343939199030913,0.32353848120940104,0.9939017292288608,0.05072411873840297,0.016284642994480278,12,0.72,-0.05,0.0,-0.05,-0.5170784989129754,0.562911200236417,0.1919913633361862,0.2127596452964393
delta,-0.05,microscopic,3,51260804,4,0.2617993877991494,0.08333333333333333,-0.08333333333333323,-0.04690926668636803,-0.05900467500171167,0.8847913759400011,0.04936188578883392,-0.0029241795388520756,12,0.72,-0.05,0.0,-0.05,-0.5170784989129754,0.562911200236417,0.1919913633361862,0.2127596452964393
delta,-0.05,microscopic,3,51260804,6,0.39269908169872414,0.125,-0.2511391455052437,-0.1413690378227049,-0.13772294728511325,0.9382664875840817,0.050979745732611034,-0.00711103374454732,12,0.72,-0.05,0.0,-0.05,-0.5170784989129754,0.562911200236417,0.1919913633361862,0.2127596452964393
delta,-0.05,microscopic,3,51260804,8,0.5235987755982988,0.16666666666666666,-5.551115123125783e-17,-3.1247848766092604e-17,0.02386801550236271,-0.058057352066195334,0.048822375855648914,0.00113788036431937,12,0.72,-0.05,0.0,-0.05,-0.5170784989129754,0.562911200236417,0.1919913633361862,0.2127596452964393
delta,-0.05,microscopic,4,51260805,0,0.0,0.0,1.0,0.562911200236417,0.5547858168667166,0.9930730512814837,0.05005208333333333,0.028442708333333344,12,0.72,-0.05,0.0,-0.05,-0.5170784989129754,0.562911200236417,0.1919913633361862,0.2127596452964393
delta,-0.05,microscopic,4,51260805,1,0.06544984694978735,0.020833333333333332,0.8877910199906281,0.49974750862203743,0.5083838396458905,0.9917901929688078,0.05063838619025739,0.025520481664448653,12,0.72,-0.05,0.0,-0.05,-0.5170784989129754,0.562911200236417,0.1919913633361862,0.2127596452964393
delta,-0.05,microscopic,4,51260805,2,0.1308996938995747,0.041666666666666664,0.5940438203443975,0.3343939199030913,0.3351602229281785,0.9989244193506478,0.050124553039048336,0.01688224065631204,12,0.72,-0.05,0.0,-0.05,-0.5170784989129754,0.562911200236417,0.1919913633361862,0.2127596452964393
delta,-0.05,microscopic,4,51260805,4,0.2617993877991494,0.08333333333333333,-0.08333333333333323,-0.04690926668636803,-0.06900365959140112,0.4855396135510459,0.04923361074091964,-0.003329432458247817,12,0.72,-0.05,0.0,-0.05,-0.5170784989129754,0.562911200236417,0.1919913633361862,0.2127596452964393
delta,-0.05,microscopic,4,51260805,6,0.39269908169872414,0.125,-0.2511391455052437,-0.1413690378227049,-0.13837354908853106,0.819408112449731,0.05080632898003782,-0.007210776046237323,12,0.72,-0.05,0.0,-0.05,-0.5170784989129754,0.562911200236417,0.1919913633361862,0.2127596452964393
delta,-0.05,microscopic,4,51260805,8,0.5235987755982988,0.16666666666666666,-5.551115123125783e-17,-3.1247848766092604e-17,0.03140342190133192,0.32277428885862625,0.05067128049339742,0.0016291330105469158,12,0.72,-0.05,0.0,-0.05,-0.5170784989129754,0.562911200236417,0.1919913633361862,0.2127596452964393
delta,-0.05,microscopic,5,51260806,0,0.0,0.0,1.0,0.562911200236417,0.5796253812630694,0.9938827488035029,0.04938020833333332,0.02863020833333334,12,0.72,-0.05,0.0,-0.05,-0.5170784989129754,0.562911200236417,0.1919913633361862,0.2127596452964393
delta,-0.05,microscopic,5,51260806,1,0.06544984694978735,0.020833333333333332,0.8877910199906281,0.49974750862203743,0.4976185609743695,0.9807962749846166,0.05075332586737237,0.02447849911267354,12,0.72,-0.05,0.0,-0.05,-0.5170784989129754,0.562911200236417,0.1919913633361862,0.2127596452964393
delta,-0.05,microscopic,5,51260806,2,0.1308996938995747,0.041666666666666664,0.5940438203443975,0.3343939199030913,0.3488787911100487,0.9978555131971275,0.050321544173250216,0.017529326435009568,12,0.72,-0.05,0.0,-0.05,-0.5170784989129754,0.562911200236417,0.1919913633361862,0.2127596452964393
delta,-0.05,microscopic,5,51260806,4,0.2617993877991494,0.08333333333333333,-0.08333333333333323,-0.04690926668636803,-0.03982170181835141,0.7373465674325941,0.04917446617497867,-0.00195568728708701,12,0.72,-0.05,0.0,-0.05,-0.5170784989129754,0.562911200236417,0.1919913633361862,0.2127596452964393
delta,-0.05,microscopic,5,51260806,6,0.39269908169872414,0.125,-0.2511391455052437,-0.1413690378227049,-0.14544220357530607,0.9761531994234087,0.05037578160124162,-0.007353713767511723,12,0.72,-0.05,0.0,-0.05,-0.5170784989129754,0.562911200236417,0.1919913633361862,0.2127596452964393
delta,-0.05,microscopic,5,51260806,8,0.5235987755982988,0.16666666666666666,-5.551115123125783e-17,-3.1247848766092604e-17,0.017594235478050172,-5.960629667620338,0.05043553677247926,0.000828699336159678,12,0.72,-0.05,0.0,-0.05,-0.5170784989129754,0.562911200236417,0.1919913633361862,0.2127596452964393
delta,-0.05,microscopic,6,51260807,0,0.0,0.0,1.0,0.562911200236417,0.5617014042898285,0.9807180920478188,0.049812499999999996,0.027822916666666676,12,0.72,-0.05,0.0,-0.05,-0.5170784989129754,0.562911200236417,0.1919913633361862,0.2127596452964393
delta,-0.05,microscopic,6,51260807,1,0.06544984694978735,0.020833333333333332,0.8877910199906281,0.49974750862203743,0.5419975683479563,0.9956790678562449,0.0504876546503682,0.027047303358696463,12,0.72,-0.05,0.0,-0.05,-0.5170784989129754,0.562911200236417,0.1919913633361862,0.2127596452964393
delta,-0.05,microscopic,6,51260807,2,0.1308996938995747,0.041666666666666664,0.5940438203443975,0.3343939199030913,0.3386360301484834,0.9445584396625202,0.05028751156289555,0.01674833367818198,12,0.72,-0.05,0.0,-0.05,-0.5170784989129754,0.562911200236417,0.1919913633361862,0.2127596452964393
delta,-0.05,microscopic,6,51260807,4,0.2617993877991494,0.08333333333333333,-0.08333333333333323,-0.04690926668636803,-0.08337443678594132,0.9321400781004245,0.05010935484620399,-0.0041491310738039746,12,0.72,-0.05,0.0,-0.05,-0.5170784989129754,0.562911200236417,0.1919913633361862,0.2127596452964393
delta,-0.05,microscopic,6,51260807,6,0.39269908169872414,0.125,-0.2511391455052437,-0.1413690378227049,-0.11709511516950916,0.8340865086946211,0.05004473159209706,-0.0060693151980046895,12,0.72,-0.05,0.0,-0.05,-0.5170784989129754,0.562911200236417,0.1919913633361862,0.2127596452964393
delta,-0.05,microscopic,6,51260807,8,0.5235987755982988,0.16666666666666666,-5.551115123125783e-17,-3.1247848766092604e-17,-0.001087217735633308,-1.108141336272634,0.04878030839968085,-7.366454968462879e-05,12,0.72,-0.05,0.0,-0.05,-0.5170784989129754,0.562911200236417,0.1919913633361862,0.2127596452964393
delta,-0.05,microscopic,7,51260808,0,0.0,0.0,1.0,0.562911200236417,0.5829057716712732,0.9792940606818634,0.049046875,0.028651041666666675,12,0.72,-0.05,0.0,-0.05,-0.5170784989129754,0.562911200236417,0.1919913633361862,0.2127596452964393
delta,-0.05,microscopic,7,51260808,1,0.06544984694978735,0.020833333333333332,0.8877910199906281,0.49974750862203743,0.502189752557455,0.9960852444917498,0.04898342872963322,0.02504077575172392,12,0.72,-0.05,0.0,-0.05,-0.5170784989129754,0.562911200236417,0.1919913633361862,0.2127596452964393
delta,-0.05,microscopic,7,51260808,2,0.1308996938995747,0.041666666666666664,0.5940438203443975,0.3343939199030913,0.35695849773137983,0.9753849544109582,0.04988932782771173,0.01765205091885129,12,0.72,-0.05,0.0,-0.05,-0.5170784989129754,0.562911200236417,0.1919913633361862,0.2127596452964393
delta,-0.05,microscopic,7,51260808,4,0.2617993877991494,0.08333333333333333,-0.08333333333333323,-0.04690926668636803,-0.03607061941596634,0.7216522709801938,0.04991520695968771,-0.001802198895415687,12,0.72,-0.05,0.0,-0.05,-0.5170784989129754,0.562911200236417,0.1919913633361862,0.2127596452964393
delta,-0.05,microscopic,7,51260808,6,0.39269908169872414,0.125,-0.2511391455052437,-0.1413690378227049,-0.1556348806810878,0.9917685008392988,0.04883713710954318,-0.007644826929966077,12,0.72,-0.05,0.0,-0.05,-0.5170784989129754,0.562911200236417,0.1919913633361862,0.2127596452964393
delta,-0.05,microscopic,7,51260808,8,0.5235987755982988,0.16666666666666666,-5.551115123125783e-17,-3.1247848766092604e-17,-0.019760687017351328,-7.616057040409288,0.05085745827421978,-0.0010562431916726588,12,0.72,-0.05,0.0,-0.05,-0.5170784989129754,0.562911200236417,0.1919913633361862,0.2127596452964393
delta,0.0,gaussian_map,0,52260801,0,0.0,0.0,1.0,0.72,0.7040199273295785,0.9995188717015691,0.05022916666666666,0.035500000000000004,12,0.72,0.0,0.0,0.0,0.0,0.72,0.1919913633361862,0.2127596452964393
delta,0.0,gaussian_map,0,52260801,1,0.06544984694978735,0.020833333333333332,0.8877910199906281,0.6392095343932522,0.6252289250271165,0.9995743293681608,0.04926010280935165,0.03063759719795545,12,0.72,0.0,0.0,0.0,0.0,0.72,0.1919913633361862,0.2127596452964393
delta,0.0,gaussian_map,0,52260801,2,0.1308996938995747,0.041666666666666664,0.5940438203443975,0.4277115506479662,0.41288628743720834,0.9997840757783178,0.05005935333119306,0.020652558277590202,12,0.72,0.0,0.0,0.0,0.0,0.72,0.1919913633361862,0.2127596452964393
delta,0.0,gaussian_map,0,52260801,4,0.2617993877991494,0.08333333333333333,-0.08333333333333323,-0.05999999999999992,-0.050535709890657074,0.971653729985922,0.04960130156450957,-0.002505073047464235,12,0.72,0.0,0.0,0.0,0.0,0.72,0.1919913633361862,0.2127596452964393
delta,0.0,gaussian_map,0,52260801,6,0.39269908169872414,0.125,-0.2511391455052437,-0.18082018476377545,-0.1931191500524977,0.9987328927471716,0.050736413902018176,-0.009802489489783552,12,0.72,0.0,0.0,0.0,0.0,0.72,0.1919913633361862,0.2127596452964393
delta,0.0,gaussian_map,0,52260801,8,0.5235987755982988,0.16666666666666666,-5.551115123125783e-17,-3.9968028886505634e-17,0.012875335037720412,0.5683785023031998,0.05091260648915791,0.0006624799605349303,12,0.72,0.0,0.0,0.0,0.0,0.72,0.1919913633361862,0.2127596452964393
delta,0.0,gaussian_map,1,52260802,0,0.0,0.0,1.0,0.72,0.7055178508674235,0.9995449295648873,0.04988541666666666,0.035328125,12,0.72,0.0,0.0,0.0,0.0,0.72,0.1919913633361862,0.2127596452964393
delta,0.0,gaussian_map,1,52260802,1,0.06544984694978735,0.020833333333333332,0.8877910199906281,0.6392095343932522,0.6398424901742623,0.9998771850231644,0.049772588844387844,0.03179664034031769,12,0.72,0.0,0.0,0.0,0.0,0.72,0.1919913633361862,0.2127596452964393
delta,0.0,gaussian_map,1,52260802,2,0.1308996938995747,0.041666666666666664,0.5940438203443975,0.4277115506479662,0.4071755082336397,0.9996141828888488,0.04999443151955124,0.02032015955740504,12,0.72,0.0,0.0,0.0,0.0,0.72,0.1919913633361862,0.2127596452964393
delta,0.0,gaussian_map,1,52260802,4,0.2617993877991494,0.08333333333333333,-0.08333333333333323,-0.05999999999999992,-0.06065634439261437,0.9821130975359259,0.05072338967782207,-0.0030929416774901214,12,0.72,0.0,0.0,0.0,0.0,0.72,0.1919913633361862,0.2127596452964393
delta,0.0,gaussian_map,1,52260802,6,0.39269908169872414,0.125,-0.2511391455052437,-0.18082018476377545,-0.17941187446445256,0.9995853788171286,0.05030264677996088,-0.009024832895134286,12,0.72,0.0,0.0,0.0,0.0,0.72,0.1919913633361862,0.2127596452964393
delta,0.0,gaussian_map,1,52260802,8,0.5235987755982988,0.16666666666666666,-5.551115123125783e-17,-3.9968028886505634e-17,0.006723040873652894,-3.0211445320538823,0.04989272143349323,0.00033238505566467343,12,0.72,0.0,0.0,0.0,0.0,0.72,0.1919913633361862,0.2127596452964393
delta,0.0,gaussian_map,2,52260803,0,0.0,0.0,1.0,0.72,0.7030322468112123,0.9984186566787454,0.050020833333333334,0.035380208333333336,12,0.72,0.0,0.0,0.0,0.0,0.72,0.1919913633361862,0.2127596452964393
delta,0.0,gaussian_map,2,52260803,1,0.06544984694978735,0.020833333333333332,0.8877910199906281,0.6392095343932522,0.6228547200530502,0.9965728378922787,0.04995425144660213,0.03172937182210892,12,0.72,0.0,0.0,0.0,0.0,0.72,0.1919913633361862,0.2127596452964393
delta,0.0,gaussian_map,2,52260803,2,0.1308996938995747,0.041666666666666664,0.5940438203443975,0.4277115506479662,0.4136020049159727,0.9991419802444353,0.0505800217832781,0.02105388625767777,12,0.72,0.0,0.0,0.0,0.0,0.72,0.1919913633361862,0.2127596452964393
delta,0.0,gaussian_map,2,52260803,4,0.2617993877991494,0.08333333333333333,-0.08333333333333323,-0.05999999999999992,-0.05249986030028346,0.9773618050413159,0.0502642763124352,-0.002629685433809853,12,0.72,0.0,0.0,0.0,0.0,0.72,0.1919913633361862,0.2127596452964393
delta,0.0,gaussian_map,2,52260803,6,0.39269908169872414,0.125,-0.2511391455052437,-0.18082018476377545,-0.18350937382513455,0.9973392118359675,0.04962898260994164,-0.009119148008689223,12,0.72,0.0,0.0,0.0,0.0,0.72,0.1919913633361862,0.2127596452964393
delta,0.0,gaussian_map,2,52260803,8,0.5235987755982988,0.16666666666666666,-5.551115123125783e-17,-3.9968028886505634e-17,0.0005658408771286673,-0.49900606852565965,0.050288080627992233,2.808492106986083e-05,12,0.72,0.0,0.0,0.0,0.0,0.72,0.1919913633361862,0.2127596452964393
delta,0.0,gaussian_map,3,52260804,0,0.0,0.0,1.0,0.72,0.7075496367217284,0.9965073595933148,0.05072395833333333,0.03536458333333334,12,0.72,0.0,0.0,0.0,0.0,0.72,0.1919913633361862,0.2127596452964393
delta,0.0,gaussian_map,3,52260804,1,0.06544984694978735,0.020833333333333332,0.8877910199906281,0.6392095343932522,0.6293971999365842,0.9999004531311123,0.050655280670918845,0.03185810780651285,12,0.72,0.0,0.0,0.0,0.0,0.72,0.1919913633361862,0.2127596452964393
delta,0.0,gaussian_map,3,52260804,2,0.1308996938995747,0.041666666666666664,0.5940438203443975,0.4277115506479662,0.4127212446135986,0.9957660837863701,0.04885311238301672,0.01983223128015048,12,0.72,0.0,0.0,0.0,0.0,0.72,0.1919913633361862,0.2127596452964393
delta,0.0,gaussian_map,3,52260804,4,0.2617993877991494,0.08333333333333333,-0.08333333333333323,-0.05999999999999992,-0.0595753864701063,0.9817818278948969,0.05005085228891579,-0.0029696854441885155,12,0.72,0.0,0.0,0.0,0.0,0.72,0.1919913633361862,0.2127596452964393
delta,0.0,gaussian_map,3,52260804,6,0.39269908169872414,0.125,-0.2511391455052437,-0.18082018476377545,-0.16069686746487835,0.9956673786422594,0.050882561634887524,-0.00822776697630332,12,0.72,0.0,0.0,0.0,0.0,0.72,0.1919913633361862,0.2127596452964393
delta,0.0,gaussian_map,3,52260804,8,0.5235987755982988,0.16666666666666666,-5.551115123125783e-17,-3.9968028886505634e-17,0.007558351531142877,-0.6850294111135968,0.049655181354563094,0.0003740517223313402,12,0.72,0.0,0.0,0.0,0.0,0.72,0.1919913633361862,0.2127596452964393
delta,0.0,gaussian_map,4,52260805,0,0.0,0.0,1.0,0.72,0.702927015733258,0.9988166650450128,0.04915625,0.034208333333333334,12,0.72,0.0,0.0,0.0,0.0,0.72,0.1919913633361862,0.2127596452964393
delta,0.0,gaussian_map,4,52260805,1,0.06544984694978735,0.020833333333333332,0.8877910199906281,0.6392095343932522,0.6363070311682419,0.9966835006035777,0.050519558409458355,0.03270147090576697,12,0.72,0.0,0.0,0.0,0.0,0.72,0.1919913633361862,0.2127596452964393
delta,0.0,gaussian_map,4,52260805,2,0.1308996938995747,0.041666666666666664,0.5940438203443975,0.4277115506479662,0.43628599182424593,0.9983703666122957,0.04992444109716007,0.021790753369392464,12,0.72,0.0,0.0,0.0,0.0,0.72,0.1919913633361862,0.2127596452964393
delta,0.0,gaussian_map,4,52260805,4,0.2617993877991494,0.08333333333333333,-0.08333333333333323,-0.05999999999999992,-0.044990838434676654,0.9041275517133064,0.04960134328978212,-0.002216894317945863,12,0.72,0.0,0.0,0.0,0.0,0.72,0.1919913633361862,0.2127596452964393
delta,0.0,gaussian_map,4,52260805,6,0.39269908169872414,0.125,-0.2511391455052437,-0.18082018476377545,-0.17817572526757458,0.9958541161712529,0.05065877566865348,-0.0090903360752373,12,0.72,0.0,0.0,0.0,0.0,0.72,0.1919913633361862,0.2127596452964393
delta,0.0,gaussian_map,4,52260805,8,0.5235987755982988,0.16666666666666666,-5.551115123125783e-17,-3.9968028886505634e-17,-0.003388208067687089,-0.8356395150556726,0.0489514623644553,-0.0001669404108503002,12,0.72,0.0,0.0,0.0,0.0,0.72,0.1919913633361862,0.2127596452964393
delta,0.0,gaussian_map,5,52260806,0,0.0,0.0,1.0,0.72,0.6953939716860065,0.999254654136785,0.05113541666666667,0.03569270833333333,12,0.72,0.0,0.0,0.0,0.0,0.72,0.1919913633361862,0.2127596452964393
delta,0.0,gaussian_map,5,52260806,1,0.06544984694978735,0.020833333333333332,0.8877910199906281,0.6392095343932522,0.6269229318197419,0.9983018662793628,0.05022442161064864,0.031114062632990425,12,0.72,0.0,0.0,0.0,0.0,0.72,0.1919913633361862,0.2127596452964393
delta,0.0,gaussian_map,5,52260806,2,0.1308996938995747,0.041666666666666664,0.5940438203443975,0.4277115506479662,0.42298296627949394,0.9988440763222157,0.05096420289995973,0.021712448929867158,12,0.72,0.0,0.0,0.0,0.0,0.72,0.1919913633361862,0.2127596452964393
delta,0.0,gaussian_map,5,52260806,4,0.2617993877991494,0.08333333333333333,-0.08333333333333323,-0.05999999999999992,-0.06314256849572789,0.9853708337349142,0.049580497864767294,-0.0031318761962600356,12,0.72,0.0,0.0,0.0,0.0,0.72,0.1919913633361862,0.2127596452964393
delta,0.0,gaussian_map,5,52260806,6,0.39269908169872414,0.125,-0.2511391455052437,-0.18082018476377545,-0.17477204702807783,0.9988201097698493,0.049882071554387376,-0.008706975605662078,12,0.72,0.0,0.0,0.0,0.0,0.72,0.1919913633361862,0.2127596452964393
delta,0.0,gaussian_map,5,52260806,8,0.5235987755982988,0.16666666666666666,-5.551115123125783e-17,-3.9968028886505634e-17,-0.013017379079488875,-0.09206982406665531,0.05048081580911798,-0.0006589409400958093,12,0.72,0.0,0.0,0.0,0.0,0.72,0.1919913633361862,0.2127596452964393
delta,0.0,gaussian_map,6,52260807,0,0.0,0.0,1.0,0.72,0.7150350843600628,0.9996402927588417,0.05066666666666667,0.036348958333333334,12,0.72,0.0,0.0,0.0,0.0,0.72,0.1919913633361862,0.2127596452964393
delta,0.0,gaussian_map,6,52260807,1,0.06544984694978735,0.020833333333333332,0.8877910199906281,0.6392095343932522,0.628497602567931,0.998585692657861,0.049837442417830904,0.03100391428183081,12,0.72,0.0,0.0,0.0,0.0,0.72,0.1919913633361862,0.2127596452964393
delta,0.0,gaussian_map,6,52260807,2,0.1308996938995747,0.041666666666666664,0.5940438203443975,0.4277115506479662,0.42173814359400436,0.9995430620707009,0.050004810513083364,0.02121496435213673,12,0.72,0.0,0.0,0.0,0.0,0.72,0.1919913633361862,0.2127596452964393
delta,0.0,gaussian_map,6,52260807,4,0.2617993877991494,0.08333333333333333,-0.08333333333333323,-0.05999999999999992,-0.06818891807380555,0.9922964871438933,0.05000302450771227,-0.0034022810073909707,12,0.72,0.0,0.0,0.0,0.0,0.72,0.1919913633361862,0.2127596452964393
delta,0.0,gaussian_map,6,52260807,6,0.39269908169872414,0.125,-0.2511391455052437,-0.18082018476377545,-0.1804006039029523,0.9997986325452387,0.049482215120791526,-0.008924467782364453,12,0.72,0.0,0.0,0.0,0.0,0.72,0.1919913633361862,0.2127596452964393
delta,0.0,gaussian_map,6,52260807,8,0.5235987755982988,0.16666666666666666,-5.551115123125783e-17,-3.9968028886505634e-17,0.004849432978086711,0.03735518406617966,0.05040565549339743,0.00024581329386826365,12,0.72,0.0,0.0,0.0,0.0,0.72,0.1919913633361862,0.2127596452964393
delta,0.0,gaussian_map,7,52260808,0,0.0,0.0,1.0,0.72,0.7038066137671946,0.9992712810025614,0.04995833333333333,0.035369791666666664,12,0.72,0.0,0.0,0.0,0.0,0.72,0.1919913633361862,0.2127596452964393
delta,0.0,gaussian_map,7,52260808,1,0.06544984694978735,0.020833333333333332,0.8877910199906281,0.6392095343932522,0.618421580754173,0.9985732733452614,0.049579543210002866,0.030399762822071782,12,0.72,0.0,0.0,0.0,0.0,0.72,0.1919913633361862,0.2127596452964393
delta,0.0,gaussian_map,7,52260808,2,0.1308996938995747,0.041666666666666664,0.5940438203443975,0.4277115506479662,0.4226738132163292,0.9982543952002975,0.05024597732326021,0.021166160185704556,12,0.72,0.0,0.0,0.0,0.0,0.72,0.1919913633361862,0.2127596452964393
delta,0.0,gaussian_map,7,52260808,4,0.2617993877991494,0.08333333333333333,-0.08333333333333323,-0.05999999999999992,-0.06941899105312477,0.9975846520847315,0.04974478781150738,-0.0034474572438595377,12,0.72,0.0,0.0,0.0,0.0,0.72,0.1919913633361862,0.2127596452964393
delta,0.0,gaussian_map,7,52260808,6,0.39269908169872414,0.125,-0.2511391455052437,-0.18082018476377545,-0.1936592664418956,0.9979782285879863,0.05034478884058208,-0.009706162434395857,12,0.72,0.0,0.0,0.0,0.0,0.72,0.1919913633361862,0.2127596452964393
delta,0.0,gaussian_map,7,52260808,8,0.5235987755982988,0.16666666666666666,-5.551115123125783e-17,-3.9968028886505634e-17,0.005595631382512428,0.22408118692225876,0.050601228313684854,0.0002845886257884247,12,0.72,0.0,0.0,0.0,0.0,0.72,0.1919913633361862,0.2127596452964393
delta,0.0,microscopic,0,52260801,0,0.0,0.0,1.0,0.72,0.724595996446123,0.9819764071876216,0.05022916666666666,0.036359375,12,0.72,0.0,0.0,0.0,0.0,0.72,0.1919913633361862,0.2127596452964393
delta,0.0,microscopic,0,52260801,1,0.06544984694978735,0.020833333333333332,0.8877910199906281,0.6392095343932522,0.5966847526767074,0.9905711878935023,0.04926010280935165,0.03036193059712706,12,0.72,0.0,0.0,0.0,0.0,0.72,0.1919913633361862,0.2127596452964393
delta,0.0,microscopic,0,52260801,2,0.1308996938995747,0.041666666666666664,0.5940438203443975,0.4277115506479662,0.4413559356661378,0.9738186199317104,0.05005935333119306,0.021707474244615443,12,0.72,0.0,0.0,0.0,0.0,0.72,0.1919913633361862,0.2127596452964393
delta,0.0,microscopic,0,52260801,4,0.2617993877991494,0.08333333333333333,-0.08333333333333323,-0.05999999999999992,-0.04818930159898067,0.44079022741334506,0.04960130156450957,-0.0023062303983641215,12,0.72,0.0,0.0,0.0,0.0,0.72,0.1919913633361862,0.2127596452964393
delta,0.0,microscopic,0,52260801,6,0.39269908169872414,0.125,-0.2511391455052437,-0.18082018476377545,-0.14840422968146608,0.9346518736304851,0.050736413902018176,-0.007764332913770289,12,0.72,0.0,0.0,0.0,0.0,0.72,0.1919913633361862,0.2127596452964393
delta,0.0,microscopic,0,52260801,8,0.5235987755982988,0.16666666666666666,-5.551115123125783e-17,-3.9968028886505634e-17,0.02885181933398581,0.5287267663158384,0.05091260648915791,0.0014767959724950174,12,0.72,0.0,0.0,0.0,0.0,0.72,0.1919913633361862,0.2127596452964393
delta,0.0,microscopic,1,52260802,0,0.0,0.0,1.0,0.72,0.7187791612733242,0.9890985055518441,0.04988541666666666,0.03586458333333333,12,0.72,0.0,0.0,0.0,0.0,0.72,0.1919913633361862,0.2127596452964393
delta,0.0,microscopic,1,52260802,1,0.06544984694978735,0.020833333333333332,0.8877910199906281,0.6392095343932522,0.6234835420614039,0.9843884103437787,0.049772588844387844,0.03161135832695501,12,0.72,0.0,0.0,0.0,0.0,0.72,0.1919913633361862,0.2127596452964393
delta,0.0,microscopic,1,52260802,2,0.1308996938995747,0.041666666666666664,0.5940438203443975,0.4277115506479662,0.4197258335335225,0.8980561656402791,0.04999443151955124,0.020156015874940085,12,0.72,0.0,0.0,0.0,0.0,0.72,0.1919913633361862,0.2127596452964393
delta,0.0,microscopic,1,52260802,4,0.2617993877991494,0.08333333333333333,-0.08333333333333323,-0.05999999999999992,-0.06333633468398454,0.5110620697574013,0.05072338967782207,-0.0033180290718809653,12,0.72,0.0,0.0,0.0,0.0,0.72,0.1919913633361862,0.2127596452964393
delta,0.0,microscopic,1,52260802,6,0.39269908169872414,0.125,-0.2511391455052437,-0.18082018476377545,-0.1544070897454685,0.8654760646316753,0.05030264677996088,-0.007935512052654888,12,0.72,0.0,0.0,0.0,0.0,0.72,0.1919913633361862,0.2127596452964393
delta,0.0,microscopic,1,52260802,8,0.5235987755982988,0.16666666666666666,-5.551115123125783e-17,-3.9968028886505634e-17,-0.008160054062020899,-6.019564857022354,0.04989272143349323,-0.00042307017405988266,12,0.72,0.0,0.0,0.0,0.0,0.72,0.1919913633361862,0.2127596452964393
delta,0.0,microscopic,2,52260803,0,0.0,0.0,1.0,0.72,0.6870041643807918,0.9823332388324043,0.050020833333333334,0.03395833333333333,12,0.72,0.0,0.0,0.0,0.0,0.72,0.1919913633361862,0.2127596452964393
delta,0.0,microscopic,2,52260803,1,0.06544984694978735,0.020833333333333332,0.8877910199906281,0.6392095343932522,0.6612273208737846,0.9875150825813045,0.04995425144660213,0.03233341398983777,12,0.72,0.0,0.0,0.0,0.0,0.72,0.1919913633361862,0.2127596452964393
delta,0.0,microscopic,2,52260803,2,0.1308996938995747,0.041666666666666664,0.5940438203443975,0.4277115506479662,0.4188421792725598,0.9767192963505889,0.0505800217832781,0.02145087719373218,12,0.72,0.0,0.0,0.0,0.0,0.72,0.1919913633361862,0.2127596452964393
delta,0.0,microscopic,2,52260803,4,0.2617993877991494,0.08333333333333333,-0.08333333333333323,-0.05999999999999992,-0.055108082680549585,0.947980608062739,0.0502642763124352,-0.002748310725650756,12,0.72,0.0,0.0,0.0,0.0,0.72,0.1919913633361862,0.2127596452964393
delta,0.0,microscopic,2,52260803,6,0.39269908169872414,0.125,-0.2511391455052437,-0.18082018476377545,-0.16453867283210996,0.9700638909204568,0.04962898260994164,-0.008092966640870355,12,0.72,0.0,0.0,0.0,0.0,0.72,0.1919913633361862,0.2127596452964393
delta,0.0,microscopic,2,52260803,8,0.5235987755982988,0.16666666666666666,-5.551115123125783e-17,-3.9968028886505634e-17,-0.02667034095450745,0.9592308661729926,0.050288080627992233,-0.0013422542339640731,12,0.72,0.0,0.0,0.0,0.0,0.72,0.1919913633361862,0.2127596452964393
delta,0.0,microscopic,3,52260804,0,0.0,0.0,1.0,0.72,0.6964135615167066,0.9890849379727903,0.05072395833333333,0.035869791666666664,12,0.72,0.0,0.0,0.0,0.0,0.72,0.1919913633361862,0.2127596452964393
delta,0.0,microscopic,3,52260804,1,0.06544984694978735,0.020833333333333332,0.8877910199906281,0.6392095343932522,0.6392905709519281,0.9919935502189747,0.050655280670918845,0.03311288055184282,12,0.72,0.0,0.0,0.0,0.0,0.72,0.1919913633361862,0.2127596452964393
delta,0.0,microscopic,3,52260804,2,0.1308996938995747,0.041666666666666664,0.5940438203443975,0.4277115506479662,0.41048693005595055,0.9913309909596507,0.04885311238301672,0.02035034886227254,12,0.72,0.0,0.0,0.0,0.0,0.72,0.1919913633361862,0.2127596452964393
delta,0.0,microscopic,3,52260804,4,0.2617993877991494,0.08333333333333333,-0.08333333333333323,-0.05999999999999992,-0.03220989268320307,0.3854638220557255,0.05005085228891579,-0.0015911805290455792,12,0.72,0.0,0.0,0.0,0.0,0.72,0.1919913633361862,0.2127596452964393
delta,0.0,microscopic,3,52260804,6,0.39269908169872414,0.125,-0.2511391455052437,-0.18082018476377545,-0.17332682805616345,0.9535476282883646,0.050882561634887524,-0.008994583041686644,12,0.72,0.0,0.0,0.0,0.0,0.72,0.1919913633361862,0.2127596452964393
delta,0.0,microscopic,3,52260804,8,0.5235987755982988,0.16666666666666666,-5.551115123125783e-17,-3.9968028886505634e-17,-0.02614033368140416,-0.2590172129996724,0.049655181354563094,-0.001230061248750505,12,0.72,0.0,0.0,0.0,0.0,0.72,0.1919913633361862,0.2127596452964393
delta,0.0,microscopic,4,52260805,0,0.0,0.0,1.0,0.72,0.7220831622279398,0.9986916214151191,0.04915625,0.035104166666666665,12,0.72,0.0,0.0,0.0,0.0,0.72,0.1919913633361862,0.2127596452964393
delta,0.0,microscopic,4,52260805,1,0.06544984694978735,0.020833333333333332,0.8877910199906281,0.6392095343932522,0.6352271621200056,0.9626587041568012,0.050519558409458355,0.031101711313651664,12,0.72,0.0,0.0,0.0,0.0,0.72,0.1919913633361862,0.2127596452964393
delta,0.0,microscopic,4,52260805,2,0.1308996938995747,0.041666666666666664,0.5940438203443975,0.4277115506479662,0.40904013972898245,0.9655126610829526,0.04992444109716007,0.02084739363346503,12,0.72,0.0,0.0,0.0,0.0,0.72,0.1919913633361862,0.2127596452964393
delta,0.0,microscopic,4,52260805,4,0.2617993877991494,0.08333333333333333,-0.08333333333333323,-0.05999999999999992,-0.06041896996271649,0.6791692027351586,0.04960134328978212,-0.002958618166084991,12,0.72,0.0,0.0,0.0,0.0,0.72,0.1919913633361862,0.2127596452964393
delta,0.0,microscopic,4,52260805,6,0.39269908169872414,0.125,-0.2511391455052437,-0.18082018476377545,-0.15507531813609884,0.9876501470788901,0.05065877566865348,-0.007962162980976255,12,0.72,0.0,0.0,0.0,0.0,0.72,0.1919913633361862,0.2127596452964393
delta,0.0,microscopic,4,52260805,8,0.5235987755982988,0.16666666666666666,-5.551115123125783e-17,-3.9968028886505634e-17,0.012713680065797957,0.13148929939804932,0.0489514623644553,0.0006463074721676633,12,0.72,0.0,0.0,0.0,0.0,0.72,0.1919913633361862,0.2127596452964393
delta,0.0,microscopic,5,52260806,0,0.0,0.0,1.0,0.72,0.7255612890035943,0.9942820265340733,0.05113541666666667,0.03795833333333333,12,0.72,0.0,0.0,0.0,0.0,0.72,0.1919913633361862,0.2127596452964393
delta,0.0,microscopic,5,52260806,1,0.06544984694978735,0.020833333333333332,0.8877910199906281,0.6392095343932522,0.6300924446669023,0.989170136024962,0.05022442161064864,0.03136670527105351,12,0.72,0.0,0.0,0.0,0.0,0.72,0.1919913633361862,0.2127596452964393
delta,0.0,microscopic,5,52260806,2,0.1308996938995747,0.041666666666666664,0.5940438203443975,0.4277115506479662,0.43286006941897587,0.9957506692370189,0.05096420289995973,0.022381768019231835,12,0.72,0.0,0.0,0.0,0.0,0.72,0.1919913633361862,0.2127596452964393
delta,0.0,microscopic,5,52260806,4,0.2617993877991494,0.08333333333333333,-0.08333333333333323,-0.05999999999999992,-0.040879423464310664,0.675611812637879,0.049580497864767294,-0.002000812190656161,12,0.72,0.0,0.0,0.0,0.0,0.72,0.1919913633361862,0.2127596452964393
delta,0.0,microscopic,5,52260806,6,0.39269908169872414,0.125,-0.2511391455052437,-0.18082018476377545,-0.2064213112741637,0.9804881560190492,0.049882071554387376,-0.010423443560642828,12,0.72,0.0,0.0,0.0,0.0,0.72,0.1919913633361862,0.2127596452964393
delta,0.0,microscopic,5,52260806,8,0.5235987755982988,0.16666666666666666,-5.551115123125783e-17,-3.9968028886505634e-17,0.0027926186237363045,-0.1263863662798379,0.05048081580911798,0.0001581662092854349,12,0.72,0.0,0.0,0.0,0.0,0.72,0.1919913633361862,0.2127596452964393
delta,0.0,microscopic,6,52260807,0,0.0,0.0,1.0,0.72,0.7014275216764643,0.9967505037074107,0.05066666666666667,0.03495833333333333,12,0.72,0.0,0.0,0.0,0.0,0.72,0.1919913633361862,0.2127596452964393
delta,0.0,microscopic,6,52260807,1,0.06544984694978735,0.020833333333333332,0.8877910199906281,0.6392095343932522,0.5996772730028211,0.9774420453701336,0.049837442417830904,0.031136643828816053,12,0.72,0.0,0.0,0.0,0.0,0.72,0.1919913633361862,0.2127596452964393
delta,0.0,microscopic,6,52260807,2,0.1308996938995747,0.041666666666666664,0.5940438203443975,0.4277115506479662,0.44033996186978114,0.9957061800576916,0.050004810513083364,0.021762652142904952,12,0.72,0.0,0.0,0.0,0.0,0.72,0.1919913633361862,0.2127596452964393
delta,0.0,microscopic,6,52260807,4,0.2617993877991494,0.08333333333333333,-0.08333333333333323,-0.05999999999999992,-0.053925938350316976,0.6922546903979307,0.05000302450771227,-0.002597052767051366,12,0.72,0.0,0.0,0.0,0.0,0.72,0.1919913633361862,0.2127596452964393
delta,0.0,microscopic,6,52260807,6,0.39269908169872414,0.125,-0.2511391455052437,-0.18082018476377545,-0.18754650791853889,0.9638710123317022,0.049482215120791526,-0.009176015408902699,12,0.72,0.0,0.0,0.0,0.0,0.72,0.1919913633361862,0.2127596452964393
delta,0.0,microscopic,6,52260807,8,0.5235987755982988,0.16666666666666666,-5.551115123125783e-17,-3.9968028886505634e-17,0.02571594095440465,0.0064120245691322575,0.05040565549339743,0.0012479030500119842,12,0.72,0.0,0.0,0.0,0.0,0.72,0.1919913633361862,0.2127596452964393
delta,0.0,microscopic,7,52260808,0,0.0,0.0,1.0,0.72,0.7008799921181031,0.988304244224955,0.04995833333333333,0.034020833333333333,12,0.72,0.0,0.0,0.0,0.0,0.72,0.1919913633361862,0.2127596452964393
delta,0.0,microscopic,7,52260808,1,0.06544984694978735,0.020833333333333332,0.8877910199906281,0.6392095343932522,0.6227500116638571,0.9674578925447737,0.049579543210002866,0.03177001707972905,12,0.72,0.0,0.0,0.0,0.0,0.72,0.1919913633361862,0.2127596452964393
delta,0.0,microscopic,7,52260808,2,0.1308996938995747,0.041666666666666664,0.5940438203443975,0.4277115506479662,0.4122990148758796,0.9769554081999734,0.05024597732326021,0.021114197628424175,12,0.72,0.0,0.0,0.0,0.0,0.72,0.1919913633361862,0.2127596452964393
delta,0.0,microscopic,7,52260808,4,0.2617993877991494,0.08333333333333333,-0.08333333333333323,-0.05999999999999992,-0.061275482574802025,0.02888507093427617,0.04974478781150738,-0.002964862191338321,12,0.72,0.0,0.0,0.0,0.0,0.72,0.1919913633361862,0.2127596452964393
delta,0.0,microscopic,7,52260808,6,0.39269908169872414,0.125,-0.2511391455052437,-0.18082018476377545,-0.1635891050772062,0.8741610185135191,0.05034478884058208,-0.008189788229865907,12,0.72,0.0,0.0,0.0,0.0,0.72,0.1919913633361862,0.2127596452964393
delta,0.0,microscopic,7,52260808,8,0.5235987755982988,0.16666666666666666,-5.551115123125783e-17,-3.9968028886505634e-17,0.0038533393372505954,-0.08184173205699774,0.050601228313684854,0.00020255066384032181,12,0.72,0.0,0.0,0.0,0.0,0.72,0.1919913633361862,0.2127596452964393
delta,0.05,gaussian_map,0,53260801,0,0.0,0.0,1.0,0.562911200236417,0.5735560149745609,0.9999029519455389,0.05052083333333333,0.029020833333333346,12,0.72,0.05,0.0,0.05,0.5170784989129754,0.562911200236417,0.1919913633361862,0.2127596452964393
delta,0.05,gaussian_map,0,53260801,1,0.06544984694978735,0.020833333333333332,0.8877910199906281,0.49974750862203743,0.5110849337599761,0.9998357915782661,0.04994500519439532,0.025622786888780842,12,0.72,0.05,0.0,0.05,0.5170784989129754,0.562911200236417,0.1919913633361862,0.2127596452964393
delta,0.05,gaussian_map,0,53260801,2,0.1308996938995747,0.041666666666666664,0.5940438203443975,0.3343939199030913,0.3387619089054163,0.9994014481044162,0.051341892888648,0.01743673193568175,12,0.72,0.05,0.0,0.05,0.5170784989129754,0.562911200236417,0.1919913633361862,0.2127596452964393
delta,0.05,gaussian_map,0,53260801,4,0.2617993877991494,0.08333333333333333,-0.08333333333333323,-0.04690926668636803,-0.04807957306330882,0.9758129312871325,0.05002544704545279,-0.0023974911516681176,12,0.72,0.05,0.0,0.05,0.5170784989129754,0.562911200236417,0.1919913633361862,0.2127596452964393
delta,0.05,gaussian_map,0,53260801,6,0.39269908169872414,0.125,-0.2511391455052437,-0.1413690378227049,-0.14909541355269437,0.9996933588116118,0.05160288169801326,-0.00767999444582045,12,0.72,0.05,0.0,0.05,0.5170784989129754,0.562911200236417,0.1919913633361862,0.2127596452964393
delta,0.05,gaussian_map,0,53260801,8,0.5235987755982988,0.16666666666666666,-5.551115123125783e-17,-3.1247848766092604e-17,0.0012444694126916426,0.01291625087633308,0.04948816759417986,6.260019732534823e-05,12,0.72,0.05,0.0,0.05,0.5170784989129754,0.562911200236417,0.1919913633361862,0.2127596452964393
delta,0.05,gaussian_map,1,53260802,0,0.0,0.0,1.0,0.562911200236417,0.5623469677630684,0.9994213230304546,0.05068229166666666,0.028354166666666673,12,0.72,0.05,0.0,0.05,0.5170784989129754,0.562911200236417,0.1919913633361862,0.2127596452964393
delta,0.05,gaussian_map,1,53260802,1,0.06544984694978735,0.020833333333333332,0.8877910199906281,0.49974750862203743,0.5056652864985768,0.996718164227843,0.0502301294731786,0.025162775050029867,12,0.72,0.05,0.0,0.05,0.5170784989129754,0.562911200236417,0.1919913633361862,0.2127596452964393
delta,0.05,gaussian_map,1,53260802,2,0.1308996938995747,0.041666666666666664,0.5940438203443975,0.3343939199030913,0.33544617531325155,0.9993153251929802,0.051153140568896756,0.017203003189034324,12,0.72,0.05,0.0,0.05,0.5170784989129754,0.562911200236417,0.1919913633361862,0.2127596452964393
delta,0.05,gaussian_map,1,53260802,4,0.2617993877991494,0.08333333333333333,-0.08333333333333323,-0.04690926668636803,-0.055561341000289755,0.9715463597290565,0.05006518660401926,-0.0027911078038196737,12,0.72,0.05,0.0,0.05,0.5170784989129754,0.562911200236417,0.1919913633361862,0.2127596452964393
delta,0.05,gaussian_map,1,53260802,6,0.39269908169872414,0.125,-0.2511391455052437,-0.1413690378227049,-0.13729066361657633,0.9883734029477078,0.04848958240788488,-0.0066644280662587225,12,0.72,0.05,0.0,0.05,0.5170784989129754,0.562911200236417,0.1919913633361862,0.2127596452964393
delta,0.05,gaussian_map,1,53260802,8,0.5235987755982988,0.16666666666666666,-5.551115123125783e-17,-3.1247848766092604e-17,-0.00801564967901298,0.46804244852886134,0.05044674782390442,-0.00040178954968462973,12,0.72,0.05,0.0,0.05,0.5170784989129754,0.562911200236417,0.1919913633361862,0.2127596452964393
delta,0.05,gaussian_map,2,53260803,0,0.0,0.0,1.0,0.562911200236417,0.5734402625667763,0.9998410548744237,0.05007812499999999,0.028625000000000015,12,0.72,0.05,0.0,0.05,0.5170784989129754,0.562911200236417,0.1919913633361862,0.2127596452964393
delta,0.05,gaussian_map,2,53260803,1,0.06544984694978735,0.020833333333333332,0.8877910199906281,0.49974750862203743,0.5062478004071299,0.9995997479044643,0.050355029318878045,0.025457066037824487,12,0.72,0.05,0.0,0.05,0.5170784989129754,0.562911200236417,0.1919913633361862,0.2127596452964393
delta,0.05,gaussian_map,2,53260803,2,0.1308996938995747,0.041666666666666664,0.5940438203443975,0.3343939199030913,0.335934265230427,0.9989660530948181,0.050674985826020015,0.016913253399678453,12,0.72,0.05,0.0,0.05,0.5170784989129754,0.562911200236417,0.1919913633361862,0.2127596452964393
delta,0.05,gaussian_map,2,53260803,4,0.2617993877991494,0.08333333333333333,-0.08333333333333323,-0.04690926668636803,-0.03698167834013166,0.9595707977745187,0.049650709087509105,-0.0018287955994629114,12,0.72,0.05,0.0,0.05,0.5170784989129754,0.562911200236417,0.1919913633361862,0.2127596452964393
delta,0.05,gaussian_map,2,53260803,6,0.39269908169872414,0.125,-0.2511391455052437,-0.1413690378227049,-0.1417900484430614,0.9974616104469433,0.050440949868372956,-0.007110734912652052,12,0.72,0.05,0.0,0.05,0.5170784989129754,0.562911200236417,0.1919913633361862,0.2127596452964393
delta,0.05,gaussian_map,2,53260803,8,0.5235987755982988,0.16666666666666666,-5.551115123125783e-17,-3.1247848766092604e-17,0.011764949927580908,0.4957483369906247,0.04999265489228764,0.0005848756011097866,12,0.72,0.05,0.0,0.05,0.5170784989129754,0.562911200236417,0.1919913633361862,0.2127596452964393
delta,0.05,gaussian_map,3,53260804,0,0.0,0.0,1.0,0.562911200236417,0.5663837688970753,0.999422777403101,0.05049999999999999,0.028442708333333344,12,0.72,0.05,0.0,0.05,0.5170784989129754,0.562911200236417,0.1919913633361862,0.2127596452964393
delta,0.05,gaussian_map,3,53260804,1,0.06544984694978735,0.020833333333333332,0.8877910199906281,0.49974750862203743,0.5144990765170717,0.999293093566568,0.04922561042383489,0.02515699409391446,12,0.72,0.05,0.0,0.05,0.5170784989129754,0.562911200236417,0.1919913633361862,0.2127596452964393
delta,0.05,gaussian_map,3,53260804,2,0.1308996938995747,0.041666666666666664,0.5940438203443975,0.3343939199030913,0.33160128310574594,0.9957552476079857,0.04882180350960674,0.015955143518719055,12,0.72,0.05,0.0,0.05,0.5170784989129754,0.562911200236417,0.1919913633361862,0.2127596452964393
delta,0.05,gaussian_map,3,53260804,4,0.2617993877991494,0.08333333333333333,-0.08333333333333323,-0.04690926668636803,-0.04859214151040585,0.9899265313068145,0.05120671257398508,-0.0024820864502264357,12,0.72,0.05,0.0,0.05,0.5170784989129754,0.562911200236417,0.1919913633361862,0.2127596452964393
delta,0.05,gaussian_map,3,53260804,6,0.39269908169872414,0.125,-0.2511391455052437,-0.1413690378227049,-0.1343262233855563,0.9966263419745018,0.04921820581502989,-0.006570634804059829,12,0.72,0.05,0.0,0.05,0.5170784989129754,0.562911200236417,0.1919913633361862,0.2127596452964393
delta,0.05,gaussian_map,3,53260804,8,0.5235987755982988,0.16666666666666666,-5.551115123125783e-17,-3.1247848766092604e-17,0.007264184131137352,-0.6840332115432028,0.050669557484918394,0.00036523101902594893,12,0.72,0.05,0.0,0.05,0.5170784989129754,0.562911200236417,0.1919913633361862,0.2127596452964393
delta,0.05,gaussian_map,4,53260805,0,0.0,0.0,1.0,0.562911200236417,0.5639865189494617,0.9991964052709693,0.050036458333333325,0.027953125000000013,12,0.72,0.05,0.0,0.05,0.5170784989129754,0.562911200236417,0.1919913633361862,0.2127596452964393
delta,0.05,gaussian_map,4,53260805,1,0.06544984694978735,0.020833333333333332,0.8877910199906281,0.49974750862203743,0.5094785775405866,0.9994219083700429,0.04954778946193135,0.02514931333857347,12,0.72,0.05,0.0,0.05,0.5170784989129754,0.562911200236417,0.1919913633361862,0.2127596452964393
delta,0.05,gaussian_map,4,53260805,2,0.1308996938995747,0.041666666666666664,0.5940438203443975,0.3343939199030913,0.33020447381682366,0.9993828332201987,0.04970920605399085,0.01645503272553949,12,0.72,0.05,0.0,0.05,0.5170784989129754,0.562911200236417,0.1919913633361862,0.2127596452964393
delta,0.05,gaussian_map,4,53260805,4,0.2617993877991494,0.08333333333333333,-0.08333333333333323,-0.04690926668636803,-0.059923205345506055,0.9857464001758679,0.049336318191673535,-0.0029681999561044824,12,0.72,0.05,0.0,0.05,0.5170784989129754,0.562911200236417,0.1919913633361862,0.2127596452964393
delta,0.05,gaussian_map,4,53260805,6,0.39269908169872414,0.125,-0.2511391455052437,-0.1413690378227049,-0.13034408478980034,0.9945531790002908,0.049504605433979644,-0.006412343259652651,12,0.72,0.05,0.0,0.05,0.5170784989129754,0.562911200236417,0.1919913633361862,0.2127596452964393
delta,0.05,gaussian_map,4,53260805,8,0.5235987755982988,0.16666666666666666,-5.551115123125783e-17,-3.1247848766092604e-17,0.004880368708453965,-0.17718371353858986,0.04887174140109403,0.0002356703713852309,12,0.72,0.05,0.0,0.05,0.5170784989129754,0.562911200236417,0.1919913633361862,0.2127596452964393
delta,0.05,gaussian_map,5,53260806,0,0.0,0.0,1.0,0.562911200236417,0.5608908763803874,0.999118653756,0.05069791666666666,0.028151041666666682,12,0.72,0.05,0.0,0.05,0.5170784989129754,0.562911200236417,0.1919913633361862,0.2127596452964393
delta,0.05,gaussian_map,5,53260806,1,0.06544984694978735,0.020833333333333332,0.8877910199906281,0.49974750862203743,0.5053497805154814,0.9999540284901338,0.04870003630507473,0.02465112775391288,12,0.72,0.05,0.0,0.05,0.5170784989129754,0.562911200236417,0.1919913633361862,0.2127596452964393
delta,0.05,gaussian_map,5,53260806,2,0.1308996938995747,0.041666666666666664,0.5940438203443975,0.3343939199030913,0.32707185247105997,0.9994851969331794,0.04935797550455806,0.016097965646367365,12,0.72,0.05,0.0,0.05,0.5170784989129754,0.562911200236417,0.1919913633361862,0.2127596452964393
delta,0.05,gaussian_map,5,53260806,4,0.2617993877991494,0.08333333333333333,-0.08333333333333323,-0.04690926668636803,-0.039161553641494616,0.9690340285101727,0.05029440703861761,-0.0019710195014762547,12,0.72,0.05,0.0,0.05,0.5170784989129754,0.562911200236417,0.1919913633361862,0.2127596452964393
delta,0.05,gaussian_map,5,53260806,6,0.39269908169872414,0.125,-0.2511391455052437,-0.1413690378227049,-0.1422781637001864,0.9994291375689351,0.04912363638834866,-0.006980508554186419,12,0.72,0.05,0.0,0.05,0.5170784989129754,0.562911200236417,0.1919913633361862,0.2127596452964393
delta,0.05,gaussian_map,5,53260806,8,0.5235987755982988,0.16666666666666666,-5.551115123125783e-17,-3.1247848766092604e-17,-0.002293537448063485,0.03918844226042606,0.05092636178161301,-0.00011513082170060055,12,0.72,0.05,0.0,0.05,0.5170784989129754,0.562911200236417,0.1919913633361862,0.2127596452964393
delta,0.05,gaussian_map,6,53260807,0,0.0,0.0,1.0,0.562911200236417,0.5778730313575056,0.9998544944295433,0.05116666666666665,0.02946875000000001,12,0.72,0.05,0.0,0.05,0.5170784989129754,0.562911200236417,0.1919913633361862,0.2127596452964393
delta,0.05,gaussian_map,6,53260807,1,0.06544984694978735,0.020833333333333332,0.8877910199906281,0.49974750862203743,0.5151029990522685,0.9998554146767917,0.04905202646791177,0.025279803524953615,12,0.72,0.05,0.0,0.05,0.5170784989129754,0.562911200236417,0.1919913633361862,0.2127596452964393
delta,0.05,gaussian_map,6,53260807,2,0.1308996938995747,0.041666666666666664,0.5940438203443975,0.3343939199030913,0.33976600768018117,0.998863060478312,0.050025861507022575,0.01699295115460322,12,0.72,0.05,0.0,0.05,0.5170784989129754,0.562911200236417,0.1919913633361862,0.2127596452964393
delta,0.05,gaussian_map,6,53260807,4,0.2617993877991494,0.08333333333333333,-0.08333333333333323,-0.04690926668636803,-0.04385710922545194,0.9903818852563012,0.04847944593005222,-0.002130826911939396,12,0.72,0.05,0.0,0.05,0.5170784989129754,0.562911200236417,0.1919913633361862,0.2127596452964393
delta,0.05,gaussian_map,6,53260807,6,0.39269908169872414,0.125,-0.2511391455052437,-0.1413690378227049,-0.1347134818814336,0.9985354072150965,0.049268089906471704,-0.0066109146971744265,12,0.72,0.05,0.0,0.05,0.5170784989129754,0.562911200236417,0.1919913633361862,0.2127596452964393
delta,0.05,gaussian_map,6,53260807,8,0.5235987755982988,0.16666666666666666,-5.551115123125783e-17,-3.1247848766092604e-17,-0.004135675503339482,0.07592861828660546,0.051020439221381456,-0.0002118723537724544,12,0.72,0.05,0.0,0.05,0.5170784989129754,0.562911200236417,0.1919913633361862,0.2127596452964393
delta,0.05,gaussian_map,7,53260808,0,0.0,0.0,1.0,0.562911200236417,0.5688192411722071,0.9998760903719369,0.04953125,0.028192708333333344,12,0.72,0.05,0.0,0.05,0.5170784989129754,0.562911200236417,0.1919913633361862,0.2127596452964393
delta,0.05,gaussian_map,7,53260808,1,0.06544984694978735,0.020833333333333332,0.8877910199906281,0.49974750862203743,0.5090772320794315,0.9998858024146337,0.04999883393833306,0.025402954685703236,12,0.72,0.05,0.0,0.05,0.5170784989129754,0.562911200236417,0.1919913633361862,0.2127596452964393
delta,0.05,gaussian_map,7,53260808,2,0.1308996938995747,0.041666666666666664,0.5940438203443975,0.3343939199030913,0.33019723508793924,0.9976526729536355,0.05089013188204332,0.01661015198025668,12,0.72,0.05,0.0,0.05,0.5170784989129754,0.562911200236417,0.1919913633361862,0.2127596452964393
delta,0.05,gaussian_map,7,53260808,4,0.2617993877991494,0.08333333333333333,-0.08333333333333323,-0.04690926668636803,-0.04631288015962324,0.9818894294396119,0.05036759753771789,-0.002344305849286186,12,0.72,0.05,0.0,0.05,0.5170784989129754,0.562911200236417,0.1919913633361862,0.2127596452964393
delta,0.05,gaussian_map,7,53260808,6,0.39269908169872414,0.125,-0.2511391455052437,-0.1413690378227049,-0.14164585332930718,0.9942427892402425,0.0500898149022352,-0.007153629928516083,12,0.72,0.05,0.0,0.05,0.5170784989129754,0.562911200236417,0.1919913633361862,0.2127596452964393
delta,0.05,gaussian_map,7,53260808,8,0.5235987755982988,0.16666666666666666,-5.551115123125783e-17,-3.1247848766092604e-17,-0.00045983617169934716,-1.0946761280741955,0.05045419980629163,-2.335072657085726e-05,12,0.72,0.05,0.0,0.05,0.5170784989129754,0.562911200236417,0.1919913633361862,0.2127596452964393
delta,0.05,microscopic,0,53260801,0,0.0,0.0,1.0,0.562911200236417,0.5541472685950578,0.9957427509610387,0.05052083333333333,0.027796875000000013,12,0.72,0.05,0.0,0.05,0.5170784989129754,0.562911200236417,0.1919913633361862,0.2127596452964393
delta,0.05,microscopic,0,53260801,1,0.06544984694978735,0.020833333333333332,0.8877910199906281,0.49974750862203743,0.49603815717957955,0.9989722904131997,0.04994500519439532,0.024652141091534817,12,0.72,0.05,0.0,0.05,0.5170784989129754,0.562911200236417,0.1919913633361862,0.2127596452964393
delta,0.05,microscopic,0,53260801,2,0.1308996938995747,0.041666666666666664,0.5940438203443975,0.3343939199030913,0.3278716575182986,0.9947429053430277,0.051341892888648,0.01695393007805045,12,0.72,0.05,0.0,0.05,0.5170784989129754,0.562911200236417,0.1919913633361862,0.2127596452964393
delta,0.05,microscopic,0,53260801,4,0.2617993877991494,0.08333333333333333,-0.08333333333333323,-0.04690926668636803,-0.024447097010917542,0.30987776735166495,0.05002544704545279,-0.0011966812478355674,12,0.72,0.05,0.0,0.05,0.5170784989129754,0.562911200236417,0.1919913633361862,0.2127596452964393
delta,0.05,microscopic,0,53260801,6,0.39269908169872414,0.125,-0.2511391455052437,-0.1413690378227049,-0.15403498814379796,0.957836800493758,0.05160288169801326,-0.008053678879883801,12,0.72,0.05,0.0,0.05,0.5170784989129754,0.562911200236417,0.1919913633361862,0.2127596452964393
delta,0.05,microscopic,0,53260801,8,0.5235987755982988,0.16666666666666666,-5.551115123125783e-17,-3.1247848766092604e-17,-0.02006947163877435,0.07638463593769085,0.04948816759417986,-0.001004433602522961,12,0.72,0.05,0.0,0.05,0.5170784989129754,0.562911200236417,0.1919913633361862,0.2127596452964393
delta,0.05,microscopic,1,53260802,0,0.0,0.0,1.0,0.562911200236417,0.5709730136358903,0.9887679007200304,0.05068229166666666,0.02948437500000001,12,0.72,0.05,0.0,0.05,0.5170784989129754,0.562911200236417,0.1919913633361862,0.2127596452964393
delta,0.05,microscopic,1,53260802,1,0.06544984694978735,0.020833333333333332,0.8877910199906281,0.49974750862203743,0.49478426340002535,0.9913134616236567,0.0502301294731786,0.024545265287711174,12,0.72,0.05,0.0,0.05,0.5170784989129754,0.562911200236417,0.1919913633361862,0.2127596452964393
delta,0.05,microscopic,1,53260802,2,0.1308996938995747,0.041666666666666664,0.5940438203443975,0.3343939199030913,0.3329255880427067,0.915136428764363,0.051153140568896756,0.016452552328646244,12,0.72,0.05,0.0,0.05,0.5170784989129754,0.562911200236417,0.1919913633361862,0.2127596452964393
delta,0.05,microscopic,1,53260802,4,0.2617993877991494,0.08333333333333333,-0.08333333333333323,-0.04690926668636803,-0.046454055120799455,0.6706131116604648,0.05006518660401926,-0.0023646221013774124,12,0.72,0.05,0.0,0.05,0.5170784989129754,0.562911200236417,0.1919913633361862,0.2127596452964393
delta,0.05,microscopic,1,53260802,6,0.39269908169872414,0.125,-0.2511391455052437,-0.1413690378227049,-0.16287082700484637,0.9969105682323274,0.04848958240788488,-0.007881272069330113,12,0.72,0.05,0.0,0.05,0.5170784989129754,0.562911200236417,0.1919913633361862,0.2127596452964393
delta,0.05,microscopic,1,53260802,8,0.5235987755982988,0.16666666666666666,-5.551115123125783e-17,-3.1247848766092604e-17,0.008536516766289437,-0.35036963115505615,0.05044674782390442,0.0004331862487505054,12,0.72,0.05,0.0,0.05,0.5170784989129754,0.562911200236417,0.1919913633361862,0.2127596452964393
delta,0.05,microscopic,2,53260803,0,0.0,0.0,1.0,0.562911200236417,0.5767201481867771,0.9941305626292861,0.05007812499999999,0.028348958333333348,12,0.72,0.05,0.0,0.05,0.5170784989129754,0.562911200236417,0.1919913633361862,0.2127596452964393
delta,0.05,microscopic,2,53260803,1,0.06544984694978735,0.020833333333333332,0.8877910199906281,0.49974750862203743,0.5061947809677394,0.9847200698477239,0.050355029318878045,0.025255840794143603,12,0.72,0.05,0.0,0.05,0.5170784989129754,0.562911200236417,0.1919913633361862,0.2127596452964393
delta,0.05,microscopic,2,53260803,2,0.1308996938995747,0.041666666666666664,0.5940438203443975,0.3343939199030913,0.31282037144638297,0.9526640710456526,0.050674985826020015,0.01629261303413219,12,0.72,0.05,0.0,0.05,0.5170784989129754,0.562911200236417,0.1919913633361862,0.2127596452964393
delta,0.05,microscopic,2,53260803,4,0.2617993877991494,0.08333333333333333,-0.08333333333333323,-0.04690926668636803,-0.05050995703426214,0.278039137261752,0.049650709087509105,-0.0026064266487660103,12,0.72,0.05,0.0,0.05,0.5170784989129754,0.562911200236417,0.1919913633361862,0.2127596452964393
delta,0.05,microscopic,2,53260803,6,0.39269908169872414,0.125,-0.2511391455052437,-0.1413690378227049,-0.161998180438516,0.8921269236848031,0.050440949868372956,-0.00853594698970131,12,0.72,0.05,0.0,0.05,0.5170784989129754,0.562911200236417,0.1919913633361862,0.2127596452964393
delta,0.05,microscopic,2,53260803,8,0.5235987755982988,0.16666666666666666,-5.551115123125783e-17,-3.1247848766092604e-17,0.011263502508021245,-0.219483675977735,0.04999265489228764,0.0006313033100678688,12,0.72,0.05,0.0,0.05,0.5170784989129754,0.562911200236417,0.1919913633361862,0.2127596452964393
delta,0.05,microscopic,3,53260804,0,0.0,0.0,1.0,0.562911200236417,0.5910756770326451,0.9953179859002603,0.05049999999999999,0.029973958333333342,12,0.72,0.05,0.0,0.05,0.5170784989129754,0.562911200236417,0.1919913633361862,0.2127596452964393
delta,0.05,microscopic,3,53260804,1,0.06544984694978735,0.020833333333333332,0.8877910199906281,0.49974750862203743,0.5016059946174359,0.9920029458839111,0.04922561042383489,0.024464711231915667,12,0.72,0.05,0.0,0.05,0.5170784989129754,0.562911200236417,0.1919913633361862,0.2127596452964393
delta,0.05,microscopic,3,53260804,2,0.1308996938995747,0.041666666666666664,0.5940438203443975,0.3343939199030913,0.3710127799903734,0.9604083498655034,0.04882180350960674,0.017481112106698303,12,0.72,0.05,0.0,0.05,0.5170784989129754,0.562911200236417,0.1919913633361862,0.2127596452964393
delta,0.05,microscopic,3,53260804,4,0.2617993877991494,0.08333333333333333,-0.08333333333333323,-0.04690926668636803,-0.06839032435803209,0.9154057754844889,0.05120671257398508,-0.0035361387671126194,12,0.72,0.05,0.0,0.05,0.5170784989129754,0.562911200236417,0.1919913633361862,0.2127596452964393
delta,0.05,microscopic,3,53260804,6,0.39269908169872414,0.125,-0.2511391455052437,-0.1413690378227049,-0.16304466768455014,0.9714496748570551,0.04921820581502989,-0.008059462505033376,12,0.72,0.05,0.0,0.05,0.5170784989129754,0.562911200236417,0.1919913633361862,0.2127596452964393
delta,0.05,microscopic,3,53260804,8,0.5235987755982988,0.16666666666666666,-5.551115123125783e-17,-3.1247848766092604e-17,0.03126988728741771,0.3592440731669271,0.050669557484918394,0.0015693507984351359,12,0.72,0.05,0.0,0.05,0.5170784989129754,0.562911200236417,0.1919913633361862,0.2127596452964393
delta,0.05,microscopic,4,53260805,0,0.0,0.0,1.0,0.562911200236417,0.5536351573208318,0.9980260470273682,0.050036458333333325,0.02814062500000001,12,0.72,0.05,0.0,0.05,0.5170784989129754,0.562911200236417,0.1919913633361862,0.2127596452964393
delta,0.05,microscopic,4,53260805,1,0.06544984694978735,0.020833333333333332,0.8877910199906281,0.49974750862203743,0.5099655630738413,0.9971533963082873,0.04954778946193135,0.025049763177247737,12,0.72,0.05,0.0,0.05,0.5170784989129754,0.562911200236417,0.1919913633361862,0.2127596452964393
delta,0.05,microscopic,4,53260805,2,0.1308996938995747,0.041666666666666664,0.5940438203443975,0.3343939199030913,0.34693872168877543,0.986198706248435,0.04970920605399085,0.01740445263612874,12,0.72,0.05,0.0,0.05,0.5170784989129754,0.562911200236417,0.1919913633361862,0.2127596452964393
delta,0.05,microscopic,4,53260805,4,0.2617993877991494,0.08333333333333333,-0.08333333333333323,-0.04690926668636803,-0.06531140385236361,0.7469477332282002,0.049336318191673535,-0.0032871387578799973,12,0.72,0.05,0.0,0.05,0.5170784989129754,0.562911200236417,0.1919913633361862,0.2127596452964393
delta,0.05,microscopic,4,53260805,6,0.39269908169872414,0.125,-0.2511391455052437,-0.1413690378227049,-0.14748842905888893,0.8020209732033514,0.049504605433979644,-0.007419107296660857,12,0.72,0.05,0.0,0.05,0.5170784989129754,0.562911200236417,0.1919913633361862,0.2127596452964393
delta,0.05,microscopic,4,53260805,8,0.5235987755982988,0.16666666666666666,-5.551115123125783e-17,-3.1247848766092604e-17,0.015500200092470598,-0.7902171858393632,0.04887174140109403,0.0007495258611656688,12,0.72,0.05,0.0,0.05,0.5170784989129754,0.562911200236417,0.1919913633361862,0.2127596452964393
delta,0.05,microscopic,5,53260806,0,0.0,0.0,1.0,0.562911200236417,0.5831096718449126,0.9922700066887502,0.05069791666666666,0.028770833333333346,12,0.72,0.05,0.0,0.05,0.5170784989129754,0.562911200236417,0.1919913633361862,0.2127596452964393
delta,0.05,microscopic,5,53260806,1,0.06544984694978735,0.020833333333333332,0.8877910199906281,0.49974750862203743,0.4988619030963543,0.9969100919627873,0.04870003630507473,0.024239634465406522,12,0.72,0.05,0.0,0.05,0.5170784989129754,0.562911200236417,0.1919913633361862,0.2127596452964393
delta,0.05,microscopic,5,53260806,2,0.1308996938995747,0.041666666666666664,0.5940438203443975,0.3343939199030913,0.32785674945412163,0.9830687897785609,0.04935797550455806,0.016591885331329197,12,0.72,0.05,0.0,0.05,0.5170784989129754,0.562911200236417,0.1919913633361862,0.2127596452964393
delta,0.05,microscopic,5,53260806,4,0.2617993877991494,0.08333333333333333,-0.08333333333333323,-0.04690926668636803,-0.05905517075528136,0.8457225291528665,0.05029440703861761,-0.0030031136255347477,12,0.72,0.05,0.0,0.05,0.5170784989129754,0.562911200236417,0.1919913633361862,0.2127596452964393
delta,0.05,microscopic,5,53260806,6,0.39269908169872414,0.125,-0.2511391455052437,-0.1413690378227049,-0.1435917280696807,0.8691706184137326,0.04912363638834866,-0.0072556564673396705,12,0.72,0.05,0.0,0.05,0.5170784989129754,0.562911200236417,0.1919913633361862,0.2127596452964393
delta,0.05,microscopic,5,53260806,8,0.5235987755982988,0.16666666666666666,-5.551115123125783e-17,-3.1247848766092604e-17,-0.008401854895440127,0.006864233123853758,0.05092636178161301,-0.0004154446448143739,12,0.72,0.05,0.0,0.05,0.5170784989129754,0.562911200236417,0.1919913633361862,0.2127596452964393
delta,0.05,microscopic,6,53260807,0,0.0,0.0,1.0,0.562911200236417,0.5704313248941476,0.988946712529089,0.05116666666666665,0.029322916666666678,12,0.72,0.05,0.0,0.05,0.5170784989129754,0.562911200236417,0.1919913633361862,0.2127596452964393
delta,0.05,microscopic,6,53260807,1,0.06544984694978735,0.020833333333333332,0.8877910199906281,0.49974750862203743,0.5208723755708791,0.9964470516313889,0.04905202646791177,0.025930403563946713,12,0.72,0.05,0.0,0.05,0.5170784989129754,0.562911200236417,0.1919913633361862,0.2127596452964393
delta,0.05,microscopic,6,53260807,2,0.1308996938995747,0.041666666666666664,0.5940438203443975,0.3343939199030913,0.31161174545601955,0.9564948652797115,0.050025861507022575,0.016004326367633485,12,0.72,0.05,0.0,0.05,0.5170784989129754,0.562911200236417,0.1919913633361862,0.2127596452964393
delta,0.05,microscopic,6,53260807,4,0.2617993877991494,0.08333333333333333,-0.08333333333333323,-0.04690926668636803,-0.06096382280459612,-0.23800056972506844,0.04847944593005222,-0.0030409354348689983,12,0.72,0.05,0.0,0.05,0.5170784989129754,0.562911200236417,0.1919913633361862,0.2127596452964393
delta,0.05,microscopic,6,53260807,6,0.39269908169872414,0.125,-0.2511391455052437,-0.1413690378227049,-0.13072127032680533,0.8241183304451001,0.049268089906471704,-0.006728043915447389,12,0.72,0.05,0.0,0.05,0.5170784989129754,0.562911200236417,0.1919913633361862,0.2127596452964393
delta,0.05,microscopic,6,53260807,8,0.5235987755982988,0.16666666666666666,-5.551115123125783e-17,-3.1247848766092604e-17,-0.019926644361371107,-6.518665747038361,0.051020439221381456,-0.0010922542339640738,12,0.72,0.05,0.0,0.05,0.5170784989129754,0.562911200236417,0.1919913633361862,0.2127596452964393
delta,0.05,microscopic,7,53260808,0,0.0,0.0,1.0,0.562911200236417,0.5625118245837317,0.9926154476682689,0.04953125,0.02811458333333334,12,0.72,0.05,0.0,0.05,0.5170784989129754,0.562911200236417,0.1919913633361862,0.2127596452964393
delta,0.05,microscopic,7,53260808,1,0.06544984694978735,0.020833333333333332,0.8877910199906281,0.49974750862203743,0.5195049219001694,0.9872072100247649,0.04999883393833306,0.026130241981967273,12,0.72,0.05,0.0,0.05,0.5170784989129754,0.562911200236417,0.1919913633361862,0.2127596452964393
delta,0.05,microscopic,7,53260808,2,0.1308996938995747,0.041666666666666664,0.5940438203443975,0.3343939199030913,0.3384468259505277,0.9888227246003816,0.05089013188204332,0.01740198229156129,12,0.72,0.05,0.0,0.05,0.5170784989129754,0.562911200236417,0.1919913633361862,0.2127596452964393
delta,0.05,microscopic,7,53260808,4,0.2617993877991494,0.08333333333333333,-0.08333333333333323,-0.04690926668636803,-0.03694137002753786,0.4170872654753762,0.05036759753771789,-0.0017593079131938499,12,0.72,0.05,0.0,0.05,0.5170784989129754,0.562911200236417,0.1919913633361862,0.2127596452964393
delta,0.05,microscopic,7,53260808,6,0.39269908169872414,0.125,-0.2511391455052437,-0.1413690378227049,-0.13858892488753927,0.985233522969527,0.0500898149022352,-0.0068780669117072205,12,0.72,0.05,0.0,0.05,0.5170784989129754,0.562911200236417,0.1919913633361862,0.2127596452964393
delta,0.05,microscopic,7,53260808,8,0.5235987755982988,0.16666666666666666,-5.551115123125783e-17,-3.1247848766092604e-17,-0.021687819746287078,-2.468575862763729,0.05045419980629163,-0.0011391757357046,12,0.72,0.05,0.0,0.05,0.5170784989129754,0.562911200236417,0.1919913633361862,0.2127596452964393
delta,0.1,gaussian_map,0,54260801,0,0.0,0.0,1.0,0.37393650107548,0.38445429941077097,0.999758534528052,0.05080208333333336,0.019515625000000016,12,0.72,0.1,0.0,0.1,0.7476651610671541,0.37393650107548,0.1919913633361862,0.2127596452964393
delta,0.1,gaussian_map,0,54260801,1,0.06544984694978735,0.020833333333333332,0.8877910199906281,0.331977467701527,0.3371391224684597,0.9999301004850548,0.049389106891175934,0.016646204523360773,12,0.72,0.1,0.0,0.1,0.7476651610671541,0.37393650107548,0.1919913633361862,0.2127596452964393
delta,0.1,gaussian_map,0,54260801,2,0.1308996938995747,0.041666666666666664,0.5940438203443975,0.22213466766509504,0.23314309332688565,0.9990589078064103,0.05159279913553218,0.011961765619255268,12,0.72,0.1,0.0,0.1,0.7476651610671541,0.37393650107548,0.1919913633361862,0.2127596452964393
delta,0.1,gaussian_map,0,54260801,4,0.2617993877991494,0.08333333333333333,-0.08333333333333323,-0.031161375089623293,-0.028797524245091282,0.9846455391194103,0.049866786736412136,-0.0014344066992660904,12,0.72,0.1,0.0,0.1,0.7476651610671541,0.37393650107548,0.1919913633361862,0.2127596452964393
delta,0.1,gaussian_map,0,54260801,6,0.39269908169872414,0.125,-0.2511391455052437,-0.09391009335331668,-0.09830258163963647,0.9986458459331542,0.04980296216244344,-0.00491129923144542,12,0.72,0.1,0.0,0.1,0.7476651610671541,0.37393650107548,0.1919913633361862,0.2127596452964393
delta,0.1,gaussian_map,0,54260801,8,0.5235987755982988,0.16666666666666666,-5.551115123125783e-17,-2.0757645662088375e-17,0.002493240191912954,-0.13646499857410266,0.05010404629889843,0.00012510019732534818,12,0.72,0.1,0.0,0.1,0.7476651610671541,0.37393650107548,0.1919913633361862,0.2127596452964393
delta,0.1,gaussian_map,1,54260802,0,0.0,0.0,1.0,0.37393650107548,0.3910357004919652,0.9999085550710333,0.04990104166666668,0.019484375000000016,12,0.72,0.1,0.0,0.1,0.7476651610671541,0.37393650107548,0.1919913633361862,0.2127596452964393
delta,0.1,gaussian_map,1,54260802,1,0.06544984694978735,0.020833333333333332,0.8877910199906281,0.331977467701527,0.35641925560837084,0.9999009857514473,0.05039760979103981,0.017924102594428035,12,0.72,0.1,0.0,0.1,0.7476651610671541,0.37393650107548,0.1919913633361862,0.2127596452964393
delta,0.1,gaussian_map,1,54260802,2,0.1308996938995747,0.041666666666666664,0.5940438203443975,0.22213466766509504,0.2287039890690339,0.9993864507237115,0.049489111545238496,0.011282585373909138,12,0.72,0.1,0.0,0.1,0.7476651610671541,0.37393650107548,0.1919913633361862,0.2127596452964393
delta,0.1,gaussian_map,1,54260802,4,0.2617993877991494,0.08333333333333333,-0.08333333333333323,-0.031161375089623293,-0.02488461356377287,0.9903106958032787,0.05080079672368533,-0.001261803884780732,12,0.72,0.1,0.0,0.1,0.7476651610671541,0.37393650107548,0.1919913633361862,0.2127596452964393
delta,0.1,gaussian_map,1,54260802,6,0.39269908169872414,0.125,-0.2511391455052437,-0.09391009335331668,-0.09901227312949613,0.9983707451538881,0.0505478349819821,-0.005022036581673692,12,0.72,0.1,0.0,0.1,0.7476651610671541,0.37393650107548,0.1919913633361862,0.2127596452964393
delta,0.1,gaussian_map,1,54260802,8,0.5235987755982988,0.16666666666666666,-5.551115123125783e-17,-2.0757645662088375e-17,-0.005443250663870783,-0.849362172829695,0.05083804735738946,-0.0002788328040878244,12,0.72,0.1,0.0,0.1,0.7476651610671541,0.37393650107548,0.1919913633361862,0.2127596452964393
delta,0.1,gaussian_map,2,54260803,0,0.0,0.0,1.0,0.37393650107548,0.3868178063874355,0.9988672704363295,0.050463541666666695,0.01936458333333335,12,0.72,0.1,0.0,0.1,0.7476651610671541,0.37393650107548,0.1919913633361862,0.2127596452964393
delta,0.1,gaussian_map,2,54260803,1,0.06544984694978735,0.020833333333333332,0.8877910199906281,0.331977467701527,0.3420775380236425,0.998524432861028,0.049403807431634195,0.01674637843097814,12,0.72,0.1,0.0,0.1,0.7476651610671541,0.37393650107548,0.1919913633361862,0.2127596452964393
delta,0.1,gaussian_map,2,54260803,2,0.1308996938995747,0.041666666666666664,0.5940438203443975,0.22213466766509504,0.23017540088283117,0.9997862619912609,0.050102252353834545,0.011508545542490905,12,0.72,0.1,0.0,0.1,0.7476651610671541,0.37393650107548,0.1919913633361862,0.2127596452964393
delta,0.1,gaussian_map,2,54260803,4,0.2617993877991494,0.08333333333333333,-0.08333333333333323,-0.031161375089623293,-0.03736831866608364,0.9729953851079598,0.05172991997065331,-0.001939389078670897,12,0.72,0.1,0.0,0.1,0.7476651610671541,0.37393650107548,0.1919913633361862,0.2127596452964393
delta,0.1,gaussian_map,2,54260803,6,0.39269908169872414,0.125,-0.2511391455052437,-0.09391009335331668,-0.08646757283100923,0.9930126594383522,0.05054944993376359,-0.004347740440766643,12,0.72,0.1,0.0,0.1,0.7476651610671541,0.37393650107548,0.1919913633361862,0.2127596452964393
delta,0.1,gaussian_map,2,54260803,8,0.5235987755982988,0.16666666666666666,-5.551115123125783e-17,-2.0757645662088375e-17,-0.007771515737182901,0.9745819347297429,0.04976448300503018,-0.00038698578223553124,12,0.72,0.1,0.0,0.1,0.7476651610671541,0.37393650107548,0.1919913633361862,0.2127596452964393
delta,0.1,gaussian_map,3,54260804,0,0.0,0.0,1.0,0.37393650107548,0.39391143735441997,0.9997425171831066,0.049270833333333354,0.019489583333333352,12,0.72,0.1,0.0,0.1,0.7476651610671541,0.37393650107548,0.1919913633361862,0.2127596452964393
delta,0.1,gaussian_map,3,54260804,1,0.06544984694978735,0.020833333333333332,0.8877910199906281,0.331977467701527,0.33412001538656133,0.9997717737168496,0.050560345284816434,0.016832965844859486,12,0.72,0.1,0.0,0.1,0.7476651610671541,0.37393650107548,0.1919913633361862,0.2127596452964393
delta,0.1,gaussian_map,3,54260804,2,0.1308996938995747,0.041666666666666664,0.5940438203443975,0.22213466766509504,0.2265010600334753,0.9996823459009704,0.0505599136801257,0.01142912170642889,12,0.72,0.1,0.0,0.1,0.7476651610671541,0.37393650107548,0.1919913633361862,0.2127596452964393
delta,0.1,gaussian_map,3,54260804,4,0.2617993877991494,0.08333333333333333,-0.08333333333333323,-0.031161375089623293,-0.028964972297763722,0.9366124151952576,0.049556979466912995,-0.0014254003070147984,12,0.72,0.1,0.0,0.1,0.7476651610671541,0.37393650107548,0.1919913633361862,0.2127596452964393
delta,0.1,gaussian_map,3,54260804,6,0.39269908169872414,0.125,-0.2511391455052437,-0.09391009335331668,-0.08610321758790386,0.9984814784453828,0.05026150664693495,-0.004335625578179639,12,0.72,0.1,0.0,0.1,0.7476651610671541,0.37393650107548,0.1919913633361862,0.2127596452964393
delta,0.1,gaussian_map,3,54260804,8,0.5235987755982988,0.16666666666666666,-5.551115123125783e-17,-2.0757645662088375e-17,0.002314244490359503,-0.00013897189597100734,0.04912854569778866,0.00011356170613173642,12,0.72,0.1,0.0,0.1,0.7476651610671541,0.37393650107548,0.1919913633361862,0.2127596452964393
delta,0.1,gaussian_map,4,54260805,0,0.0,0.0,1.0,0.37393650107548,0.39345870650659814,0.9982591899086095,0.049375000000000016,0.019213541666666684,12,0.72,0.1,0.0,0.1,0.7476651610671541,0.37393650107548,0.1919913633361862,0.2127596452964393
delta,0.1,gaussian_map,4,54260805,1,0.06544984694978735,0.020833333333333332,0.8877910199906281,0.331977467701527,0.33792916614299107,0.9990298596271036,0.0486576724676734,0.016326264312139495,12,0.72,0.1,0.0,0.1,0.7476651610671541,0.37393650107548,0.1919913633361862,0.2127596452964393
delta,0.1,gaussian_map,4,54260805,2,0.1308996938995747,0.041666666666666664,0.5940438203443975,0.22213466766509504,0.23004648555546695,0.9993242512523581,0.05053036437241066,0.01157157006429606,12,0.72,0.1,0.0,0.1,0.7476651610671541,0.37393650107548,0.1919913633361862,0.2127596452964393
delta,0.1,gaussian_map,4,54260805,4,0.2617993877991494,0.08333333333333333,-0.08333333333333323,-0.031161375089623293,-0.030574753989201307,0.9431088709526835,0.050189792999113005,-0.0015434634693870944,12,0.72,0.1,0.0,0.1,0.7476651610671541,0.37393650107548,0.1919913633361862,0.2127596452964393
delta,0.1,gaussian_map,4,54260805,6,0.39269908169872414,0.125,-0.2511391455052437,-0.09391009335331668,-0.0945211393363484,0.9966248666161701,0.05028560065914371,-0.0047717993244187915,12,0.72,0.1,0.0,0.1,0.7476651610671541,0.37393650107548,0.1919913633361862,0.2127596452964393
delta,0.1,gaussian_map,4,54260805,8,0.5235987755982988,0.16666666666666666,-5.551115123125783e-17,-2.0757645662088375e-17,0.008259143843976448,0.7072131916617952,0.04950514166114994,0.00041078379984830756,12,0.72,0.1,0.0,0.1,0.7476651610671541,0.37393650107548,0.1919913633361862,0.2127596452964393
delta,0.1,gaussian_map,5,54260806,0,0.0,0.0,1.0,0.37393650107548,0.3901665952283693,0.9997618474348721,0.04968750000000001,0.019348958333333346,12,0.72,0.1,0.0,0.1,0.7476651610671541,0.37393650107548,0.1919913633361862,0.2127596452964393
delta,0.1,gaussian_map,5,54260806,1,0.06544984694978735,0.020833333333333332,0.8877910199906281,0.331977467701527,0.34617521916195637,0.9997475193024423,0.049857924200731554,0.017321472704142988,12,0.72,0.1,0.0,0.1,0.7476651610671541,0.37393650107548,0.1919913633361862,0.2127596452964393
delta,0.1,gaussian_map,5,54260806,2,0.1308996938995747,0.041666666666666664,0.5940438203443975,0.22213466766509504,0.22640218549863336,0.999147804368134,0.05022853673900657,0.011367488257388517,12,0.72,0.1,0.0,0.1,0.7476651610671541,0.37393650107548,0.1919913633361862,0.2127596452964393
delta,0.1,gaussian_map,5,54260806,4,0.2617993877991494,0.08333333333333333,-0.08333333333333323,-0.031161375089623293,-0.036219761402300904,0.9713704720701728,0.05177351911341239,-0.0018656536053583913,12,0.72,0.1,0.0,0.1,0.7476651610671541,0.37393650107548,0.1919913633361862,0.2127596452964393
delta,0.1,gaussian_map,5,54260806,6,0.39269908169872414,0.125,-0.2511391455052437,-0.09391009335331668,-0.0970505543141529,0.99802503984101,0.049966822267853546,-0.004834729972132804,12,0.72,0.1,0.0,0.1,0.7476651610671541,0.37393650107548,0.1919913633361862,0.2127596452964393
delta,0.1,gaussian_map,5,54260806,8,0.5235987755982988,0.16666666666666666,-5.551115123125783e-17,-2.0757645662088375e-17,-0.006789799228935713,0.850141592354369,0.04988938280770483,-0.0003391625045668715,12,0.72,0.1,0.0,0.1,0.7476651610671541,0.37393650107548,0.1919913633361862,0.2127596452964393
delta,0.1,gaussian_map,6,54260807,0,0.0,0.0,1.0,0.37393650107548,0.3799073092633605,0.9995593355649797,0.050229166666666686,0.01897395833333335,12,0.72,0.1,0.0,0.1,0.7476651610671541,0.37393650107548,0.1919913633361862,0.2127596452964393
delta,0.1,gaussian_map,6,54260807,1,0.06544984694978735,0.020833333333333332,0.8877910199906281,0.331977467701527,0.33959085358882,0.9999141445951162,0.05084382133572191,0.017294222228593722,12,0.72,0.1,0.0,0.1,0.7476651610671541,0.37393650107548,0.1919913633361862,0.2127596452964393
delta,0.1,gaussian_map,6,54260807,2,0.1308996938995747,0.041666666666666664,0.5940438203443975,0.22213466766509504,0.23880482004078987,0.9993281769297002,0.04907999712104201,0.011753226244701246,12,0.72,0.1,0.0,0.1,0.7476651610671541,0.37393650107548,0.1919913633361862,0.2127596452964393
delta,0.1,gaussian_map,6,54260807,4,0.2617993877991494,0.08333333333333333,-0.08333333333333323,-0.031161375089623293,-0.03317712407647269,0.972290546240618,0.049653580360176953,-0.0016449709601639427,12,0.72,0.1,0.0,0.1,0.7476651610671541,0.37393650107548,0.1919913633361862,0.2127596452964393
delta,0.1,gaussian_map,6,54260807,6,0.39269908169872414,0.125,-0.2511391455052437,-0.09391009335331668,-0.08696736969538628,0.998883851997925,0.05017216624371136,-0.0043681194642059325,12,0.72,0.1,0.0,0.1,0.7476651610671541,0.37393650107548,0.1919913633361862,0.2127596452964393
delta,0.1,gaussian_map,6,54260807,8,0.5235987755982988,0.16666666666666666,-5.551115123125783e-17,-2.0757645662088375e-17,-0.010649429723829658,0.7415204896457068,0.04987233539120185,-0.0005290063509461101,12,0.72,0.1,0.0,0.1,0.7476651610671541,0.37393650107548,0.1919913633361862,0.2127596452964393
delta,0.1,gaussian_map,7,54260808,0,0.0,0.0,1.0,0.37393650107548,0.3895715432214738,0.9997979778933657,0.049375000000000016,0.019286458333333346,12,0.72,0.1,0.0,0.1,0.7476651610671541,0.37393650107548,0.1919913633361862,0.2127596452964393
delta,0.1,gaussian_map,7,54260808,1,0.06544984694978735,0.020833333333333332,0.8877910199906281,0.331977467701527,0.34016650133098403,0.9984862751493,0.04934668488702722,0.016870283115455305,12,0.72,0.1,0.0,0.1,0.7476651610671541,0.37393650107548,0.1919913633361862,0.2127596452964393
delta,0.1,gaussian_map,7,54260808,2,0.1308996938995747,0.041666666666666664,0.5940438203443975,0.22213466766509504,0.21842794872023474,0.9997597596939539,0.04975351763590272,0.010871105897781515,12,0.72,0.1,0.0,0.1,0.7476651610671541,0.37393650107548,0.1919913633361862,0.2127596452964393
delta,0.1,gaussian_map,7,54260808,4,0.2617993877991494,0.08333333333333333,-0.08333333333333323,-0.031161375089623293,-0.02958782686319632,0.9947633317409795,0.04991528852579137,-0.001478724817253337,12,0.72,0.1,0.0,0.1,0.7476651610671541,0.37393650107548,0.1919913633361862,0.2127596452964393
delta,0.1,gaussian_map,7,54260808,6,0.39269908169872414,0.125,-0.2511391455052437,-0.09391009335331668,-0.10565476027742939,0.9976919163004119,0.049856790526104124,-0.0052837657940068075,12,0.72,0.1,0.0,0.1,0.7476651610671541,0.37393650107548,0.1919913633361862,0.2127596452964393
delta,0.1,gaussian_map,7,54260808,8,0.5235987755982988,0.16666666666666666,-5.551115123125783e-17,-2.0757645662088375e-17,0.00013936504508770336,-0.07871588048979539,0.05006786170974875,7.278435528938175e-06,12,0.72,0.1,0.0,0.1,0.7476651610671541,0.37393650107548,0.1919913633361862,0.2127596452964393
delta,0.1,microscopic,0,54260801,0,0.0,0.0,1.0,0.37393650107548,0.3920819641345852,0.9924425061708673,0.05080208333333336,0.01983854166666668,12,0.72,0.1,0.0,0.1,0.7476651610671541,0.37393650107548,0.1919913633361862,0.2127596452964393
delta,0.1,microscopic,0,54260801,1,0.06544984694978735,0.020833333333333332,0.8877910199906281,0.331977467701527,0.35512538311896563,0.9997087212029658,0.049389106891175934,0.017510530759812157,12,0.72,0.1,0.0,0.1,0.7476651610671541,0.37393650107548,0.1919913633361862,0.2127596452964393
delta,0.1,microscopic,0,54260801,2,0.1308996938995747,0.041666666666666664,0.5940438203443975,0.22213466766509504,0.22006622591892966,0.9925750554171471,0.05159279913553218,0.011461313258146009,12,0.72,0.1,0.0,0.1,0.7476651610671541,0.37393650107548,0.1919913633361862,0.2127596452964393
delta,0.1,microscopic,0,54260801,4,0.2617993877991494,0.08333333333333333,-0.08333333333333323,-0.031161375089623293,-0.01006460474178304,-0.12191004264175676,0.049866786736412136,-0.0004934311159701697,12,0.72,0.1,0.0,0.1,0.7476651610671541,0.37393650107548,0.1919913633361862,0.2127596452964393
delta,0.1,microscopic,0,54260801,6,0.39269908169872414,0.125,-0.2511391455052437,-0.09391009335331668,-0.09460616850523482,0.9785507794236766,0.04980296216244344,-0.004685212204739133,12,0.72,0.1,0.0,0.1,0.7476651610671541,0.37393650107548,0.1919913633361862,0.2127596452964393
delta,0.1,microscopic,0,54260801,8,0.5235987755982988,0.16666666666666666,-5.551115123125783e-17,-2.0757645662088375e-17,0.015252994796636799,0.5946066539689562,0.05010404629889843,0.0007599156800399266,12,0.72,0.1,0.0,0.1,0.7476651610671541,0.37393650107548,0.1919913633361862,0.2127596452964393
delta,0.1,microscopic,1,54260802,0,0.0,0.0,1.0,0.37393650107548,0.3879084588264604,0.9984847697522619,0.04990104166666668,0.01924479166666668,12,0.72,0.1,0.0,0.1,0.7476651610671541,0.37393650107548,0.1919913633361862,0.2127596452964393
delta,0.1,microscopic,1,54260802,1,0.06544984694978735,0.020833333333333332,0.8877910199906281,0.331977467701527,0.3488996900240522,0.9828411932968142,0.05039760979103981,0.017876325444507502,12,0.72,0.1,0.0,0.1,0.7476651610671541,0.37393650107548,0.1919913633361862,0.2127596452964393
delta,0.1,microscopic,1,54260802,2,0.1308996938995747,0.041666666666666664,0.5940438203443975,0.22213466766509504,0.21996017765190848,0.9866596757829622,0.049489111545238496,0.010893839944584857,12,0.72,0.1,0.0,0.1,0.7476651610671541,0.37393650107548,0.1919913633361862,0.2127596452964393
delta,0.1,microscopic,1,54260802,4,0.2617993877991494,0.08333333333333333,-0.08333333333333323,-0.031161375089623293,-0.01597555421520502,0.8879203752302265,0.05080079672368533,-0.0008086218403384245,12,0.72,0.1,0.0,0.1,0.7476651610671541,0.37393650107548,0.1919913633361862,0.2127596452964393
delta,0.1,microscopic,1,54260802,6,0.39269908169872414,0.125,-0.2511391455052437,-0.09391009335331668,-0.09500454819256371,0.937357465451647,0.0505478349819821,-0.004840924526616637,12,0.72,0.1,0.0,0.1,0.7476651610671541,0.37393650107548,0.1919913633361862,0.2127596452964393
delta,0.1,microscopic,1,54260802,8,0.5235987755982988,0.16666666666666666,-5.551115123125783e-17,-2.0757645662088375e-17,0.014157191954214544,0.6045876795911562,0.05083804735738946,0.0007282917385309448,12,0.72,0.1,0.0,0.1,0.7476651610671541,0.37393650107548,0.1919913633361862,0.2127596452964393
delta,0.1,microscopic,2,54260803,0,0.0,0.0,1.0,0.37393650107548,0.38681261839201925,0.9953404764884959,0.050463541666666695,0.019234375000000015,12,0.72,0.1,0.0,0.1,0.7476651610671541,0.37393650107548,0.1919913633361862,0.2127596452964393
delta,0.1,microscopic,2,54260803,1,0.06544984694978735,0.020833333333333332,0.8877910199906281,0.331977467701527,0.32268878671759194,0.9911985720417283,0.049403807431634195,0.015916295495004836,12,0.72,0.1,0.0,0.1,0.7476651610671541,0.37393650107548,0.1919913633361862,0.2127596452964393
delta,0.1,microscopic,2,54260803,2,0.1308996938995747,0.041666666666666664,0.5940438203443975,0.22213466766509504,0.2533658283891399,0.9823566082462961,0.050102252353834545,0.012843860022982174,12,0.72,0.1,0.0,0.1,0.7476651610671541,0.37393650107548,0.1919913633361862,0.2127596452964393
delta,0.1,microscopic,2,54260803,4,0.2617993877991494,0.08333333333333333,-0.08333333333333323,-0.031161375089623293,-0.04103247529761983,0.9636281113608178,0.05172991997065331,-0.002116861464353314,12,0.72,0.1,0.0,0.1,0.7476651610671541,0.37393650107548,0.1919913633361862,0.2127596452964393
delta,0.1,microscopic,2,54260803,6,0.39269908169872414,0.125,-0.2511391455052437,-0.09391009335331668,-0.09206289721203856,0.9748224182490186,0.05054944993376359,-0.0046183116669571735,12,0.72,0.1,0.0,0.1,0.7476651610671541,0.37393650107548,0.1919913633361862,0.2127596452964393
delta,0.1,microscopic,2,54260803,8,0.5235987755982988,0.16666666666666666,-5.551115123125783e-17,-2.0757645662088375e-17,0.012533653576223698,-0.05235257948576444,0.04976448300503018,0.0006178217617964102,12,0.72,0.1,0.0,0.1,0.7476651610671541,0.37393650107548,0.1919913633361862,0.2127596452964393
delta,0.1,microscopic,3,54260804,0,0.0,0.0,1.0,0.37393650107548,0.3863158025438084,0.9988740936464874,0.049270833333333354,0.018906250000000017,12,0.72,0.1,0.0,0.1,0.7476651610671541,0.37393650107548,0.1919913633361862,0.2127596452964393
delta,0.1,microscopic,3,54260804,1,0.06544984694978735,0.020833333333333332,0.8877910199906281,0.331977467701527,0.3486511953408603,0.9975267445691995,0.050560345284816434,0.017487393718815875,12,0.72,0.1,0.0,0.1,0.7476651610671541,0.37393650107548,0.1919913633361862,0.2127596452964393
delta,0.1,microscopic,3,54260804,2,0.1308996938995747,0.041666666666666664,0.5940438203443975,0.22213466766509504,0.2355888280802427,0.9733460275462401,0.0505599136801257,0.012231094674856283,12,0.72,0.1,0.0,0.1,0.7476651610671541,0.37393650107548,0.1919913633361862,0.2127596452964393
delta,0.1,microscopic,3,54260804,4,0.2617993877991494,0.08333333333333333,-0.08333333333333323,-0.031161375089623293,-0.033682716680003374,0.054214630134514774,0.049556979466912995,-0.0016736049469518685,12,0.72,0.1,0.0,0.1,0.7476651610671541,0.37393650107548,0.1919913633361862,0.2127596452964393
delta,0.1,microscopic,3,54260804,6,0.39269908169872414,0.125,-0.2511391455052437,-0.09391009335331668,-0.10158388374223384,0.8721249079206167,0.05026150664693495,-0.00517612409771934,12,0.72,0.1,0.0,0.1,0.7476651610671541,0.37393650107548,0.1919913633361862,0.2127596452964393
delta,0.1,microscopic,3,54260804,8,0.5235987755982988,0.16666666666666666,-5.551115123125783e-17,-2.0757645662088375e-17,0.0014651517636355919,-0.6214745011486378,0.04912854569778866,6.975158773652734e-05,12,0.72,0.1,0.0,0.1,0.7476651610671541,0.37393650107548,0.1919913633361862,0.2127596452964393
delta,0.1,microscopic,4,54260805,0,0.0,0.0,1.0,0.37393650107548,0.3947376753954838,0.9779509090211965,0.049375000000000016,0.01911979166666668,12,0.72,0.1,0.0,0.1,0.7476651610671541,0.37393650107548,0.1919913633361862,0.2127596452964393
delta,0.1,microscopic,4,54260805,1,0.06544984694978735,0.020833333333333332,0.8877910199906281,0.331977467701527,0.3358379245665487,0.9938915448331604,0.0486576724676734,0.016561131607459804,12,0.72,0.1,0.0,0.1,0.7476651610671541,0.37393650107548,0.1919913633361862,0.2127596452964393
delta,0.1,microscopic,4,54260805,2,0.1308996938995747,0.041666666666666664,0.5940438203443975,0.22213466766509504,0.22483063860566652,0.9915890295296677,0.05053036437241066,0.0112000209101434,12,0.72,0.1,0.0,0.1,0.7476651610671541,0.37393650107548,0.1919913633361862,0.2127596452964393
delta,0.1,microscopic,4,54260805,4,0.2617993877991494,0.08333333333333333,-0.08333333333333323,-0.031161375089623293,-0.026396571866612192,0.7405933268767932,0.050189792999113005,-0.0013029134253528377,12,0.72,0.1,0.0,0.1,0.7476651610671541,0.37393650107548,0.1919913633361862,0.2127596452964393
delta,0.1,microscopic,4,54260805,6,0.39269908169872414,0.125,-0.2511391455052437,-0.09391009335331668,-0.08472510300468093,0.9119146539619296,0.05028560065914371,-0.004207750760048146,12,0.72,0.1,0.0,0.1,0.7476651610671541,0.37393650107548,0.1919913633361862,0.2127596452964393
delta,0.1,microscopic,4,54260805,8,0.5235987755982988,0.16666666666666666,-5.551115123125783e-17,-2.0757645662088375e-17,0.004029797686092976,0.013700129644226955,0.04950514166114994,0.00021698048978043954,12,0.72,0.1,0.0,0.1,0.7476651610671541,0.37393650107548,0.1919913633361862,0.2127596452964393
delta,0.1,microscopic,5,54260806,0,0.0,0.0,1.0,0.37393650107548,0.3784366541100359,0.9805652478929582,0.04968750000000001,0.018343750000000013,12,0.72,0.1,0.0,0.1,0.7476651610671541,0.37393650107548,0.1919913633361862,0.2127596452964393
delta,0.1,microscopic,5,54260806,1,0.06544984694978735,0.020833333333333332,0.8877910199906281,0.331977467701527,0.3525132581574792,0.9955455042451898,0.049857924200731554,0.01788112546082638,12,0.72,0.1,0.0,0.1,0.7476651610671541,0.37393650107548,0.1919913633361862,0.2127596452964393
delta,0.1,microscopic,5,54260806,2,0.1308996938995747,0.041666666666666664,0.5940438203443975,0.22213466766509504,0.23190081057875359,0.977885138716412,0.05022853673900657,0.011581607376683248,12,0.72,0.1,0.0,0.1,0.7476651610671541,0.37393650107548,0.1919913633361862,0.2127596452964393
delta,0.1,microscopic,5,54260806,4,0.2617993877991494,0.08333333333333333,-0.08333333333333323,-0.031161375089623293,-0.04144686321309813,0.5655585980962547,0.05177351911341239,-0.002185834865155801,12,0.72,0.1,0.0,0.1,0.7476651610671541,0.37393650107548,0.1919913633361862,0.2127596452964393
delta,0.1,microscopic,5,54260806,6,0.39269908169872414,0.125,-0.2511391455052437,-0.09391009335331668,-0.10066640119540514,0.9331330890506832,0.049966822267853546,-0.005023175336899892,12,0.72,0.1,0.0,0.1,0.7476651610671541,0.37393650107548,0.1919913633361862,0.2127596452964393
delta,0.1,microscopic,5,54260806,8,0.5235987755982988,0.16666666666666666,-5.551115123125783e-17,-2.0757645662088375e-17,-0.005514499678248545,0.03971816325876831,0.04988938280770483,-0.00025792612122155375,12,0.72,0.1,0.0,0.1,0.7476651610671541,0.37393650107548,0.1919913633361862,0.2127596452964393
delta,0.1,microscopic,6,54260807,0,0.0,0.0,1.0,0.37393650107548,0.3825763190548257,0.9911624381419003,0.050229166666666686,0.019260416666666683,12,0.72,0.1,0.0,0.1,0.7476651610671541,0.37393650107548,0.1919913633361862,0.2127596452964393
delta,0.1,microscopic,6,54260807,1,0.06544984694978735,0.020833333333333332,0.8877910199906281,0.331977467701527,0.36102712389254693,0.9970024371012195,0.05084382133572191,0.01846342219588549,12,0.72,0.1,0.0,0.1,0.7476651610671541,0.37393650107548,0.1919913633361862,0.2127596452964393
delta,0.1,microscopic,6,54260807,2,0.1308996938995747,0.041666666666666664,0.5940438203443975,0.22213466766509504,0.21628121921081786,0.9970397569764453,0.04907999712104201,0.010584392227989426,12,0.72,0.1,0.0,0.1,0.7476651610671541,0.37393650107548,0.1919913633361862,0.2127596452964393
delta,0.1,microscopic,6,54260807,4,0.2617993877991494,0.08333333333333333,-0.08333333333333323,-0.031161375089623293,-0.03066564884339699,-2.349436313921081,0.049653580360176953,-0.0015952432027642668,12,0.72,0.1,0.0,0.1,0.7476651610671541,0.37393650107548,0.1919913633361862,0.2127596452964393
delta,0.1,microscopic,6,54260807,6,0.39269908169872414,0.125,-0.2511391455052437,-0.09391009335331668,-0.10186953003438878,0.9959700024021577,0.05017216624371136,-0.005092622314915194,12,0.72,0.1,0.0,0.1,0.7476651610671541,0.37393650107548,0.1919913633361862,0.2127596452964393
delta,0.1,microscopic,6,54260807,8,0.5235987755982988,0.16666666666666666,-5.551115123125783e-17,-2.0757645662088375e-17,-0.010070029329446162,0.28687056725717375,0.04987233539120185,-0.0004940437836487035,12,0.72,0.1,0.0,0.1,0.7476651610671541,0.37393650107548,0.1919913633361862,0.2127596452964393
delta,0.1,microscopic,7,54260808,0,0.0,0.0,1.0,0.37393650107548,0.39606914302101043,0.9939950682925394,0.049375000000000016,0.01948958333333335,12,0.72,0.1,0.0,0.1,0.7476651610671541,0.37393650107548,0.1919913633361862,0.2127596452964393
delta,0.1,microscopic,7,54260808,1,0.06544984694978735,0.020833333333333332,0.8877910199906281,0.331977467701527,0.33338887656292804,0.989261781553354,0.04934668488702722,0.01661097526508422,12,0.72,0.1,0.0,0.1,0.7476651610671541,0.37393650107548,0.1919913633361862,0.2127596452964393
delta,0.1,microscopic,7,54260808,2,0.1308996938995747,0.041666666666666664,0.5940438203443975,0.22213466766509504,0.22268528373637597,0.9917909426801266,0.04975351763590272,0.01094111427922119,12,0.72,0.1,0.0,0.1,0.7476651610671541,0.37393650107548,0.1919913633361862,0.2127596452964393
delta,0.1,microscopic,7,54260808,4,0.2617993877991494,0.08333333333333333,-0.08333333333333323,-0.031161375089623293,-0.042301839908633315,0.4486853701197049,0.04991528852579137,-0.0021732704705716105,12,0.72,0.1,0.0,0.1,0.7476651610671541,0.37393650107548,0.1919913633361862,0.2127596452964393
delta,0.1,microscopic,7,54260808,6,0.39269908169872414,0.125,-0.2511391455052437,-0.09391009335331668,-0.0945791287836179,0.8075902499810517,0.049856790526104124,-0.004572817648560102,12,0.72,0.1,0.0,0.1,0.7476651610671541,0.37393650107548,0.1919913633361862,0.2127596452964393
delta,0.1,microscopic,7,54260808,8,0.5235987755982988,0.16666666666666666,-5.551115123125783e-17,-2.0757645662088375e-17,0.013532667856615223,0.20259097970033868,0.05006786170974875,0.0006815169358562931,12,0.72,0.1,0.0,0.1,0.7476651610671541,0.37393650107548,0.1919913633361862,0.2127596452964393
