t,i,representative_spin,ensemble_mean_plus,symmetric_response,theory_perturbation
0,0,1,0.039,0.05,0.05
0,1,1,0.052,0.0535,0.04957224306869052
0,2,1,0.093,0.0525,0.04829629131445342
0,3,1,0.061,0.047,0.04619397662556434
0,4,1,0.017,0.04,0.04330127018922194
0,5,1,0.072,0.034999999999999996,0.039667667014561765
0,6,1,0.031,0.037,0.03535533905932738
0,7,1,0.053,0.0275,0.030438071450436033
0,8,1,0.02,0.025,0.02500000000000001
0,9,-1,0.04,0.026000000000000002,0.019134171618254495
0,10,-1,0.033,0.0115,0.012940952255126049
0,11,-1,0.045,0.005499999999999998,0.006526309611002586
0,12,-1,0.003,0.0,3.061616997868383e-18
0,13,-1,0.022,-0.005500000000000001,-0.006526309611002569
0,14,1,-0.006,-0.013999999999999999,-0.012940952255126032
0,15,1,-0.022,-0.0195,-0.019134171618254477
0,16,-1,-0.002,-0.019,-0.024999999999999994
0,17,-1,0.008,-0.030500000000000003,-0.03043807145043602
0,18,1,-0.071,-0.039999999999999994,-0.035355339059327376
0,19,1,-0.032,-0.044,-0.03966766701456176
0,20,-1,-0.039,-0.040999999999999995,-0.043301270189221926
0,21,-1,-0.017,-0.045,-0.04619397662556434
0,22,-1,-0.04,-0.053000000000000005,-0.04829629131445341
0,23,1,-0.048,-0.054,-0.04957224306869052
0,24,1,-0.014,-0.0445,-0.05
0,25,-1,-0.055,-0.045,-0.04957224306869053
0,26,-1,-0.049,-0.049,-0.04829629131445343
0,27,1,-0.022,-0.045,-0.04619397662556435
0,28,-1,-0.048,-0.0445,-0.043301270189221946
0,29,1,-0.03,-0.0325,-0.03966766701456177
0,30,1,-0.078,-0.0365,-0.0353553390593274
0,31,1,-0.037,-0.0245,-0.030438071450436047
0,32,-1,0.007,-0.0225,-0.025000000000000022
0,33,1,-0.035,-0.018000000000000002,-0.01913417161825452
0,34,-1,-0.032,-0.015,-0.012940952255126077
0,35,-1,-0.054,-0.005000000000000001,-0.0065263096110026245
0,36,1,0.012,0.0,-9.184850993605149e-18
0,37,1,0.022,0.004999999999999999,0.006526309611002564
0,38,-1,0.067,0.014500000000000002,0.012940952255126016
0,39,1,0.024,0.024,0.01913417161825446
0,40,1,0.008,0.0265,0.024999999999999967
0,41,1,0.055,0.0285,0.030438071450435995
0,42,1,0.042,0.0405,0.03535533905932737
0,43,-1,0.002,0.036000000000000004,0.03966766701456175
0,44,1,0.053,0.049,0.04330127018922192
0,45,-1,0.038,0.05,0.04619397662556433
0,46,-1,0.034,0.042499999999999996,0.048296291314453406
0,47,1,0.067,0.0455,0.049572243068690514
0,48,-1,0.025,0.056999999999999995,0.05
0,49,-1,0.014,0.0495,0.04957224306869053
0,50,1,0.033,0.051500000000000004,0.04829629131445343
0,51,-1,0.06,0.052,0.046193976625564355
0,52,1,0.005,0.0385,0.04330127018922195
0,53,1,0.043,0.0355,0.03966766701456179
0,54,1,0.059,0.036,0.03535533905932742
0,55,1,0.004,0.0305,0.03043807145043605
0,56,-1,0.024,0.025500000000000002,0.02500000000000003
0,57,1,0.027,0.0165,0.019134171618254522
0,58,-1,-0.008,0.017,0.012940952255126082
0,59,1,-0.02,0.007000000000000001,0.006526309611002631
0,60,-1,0.012,0.0,5.971700597434818e-17
0,61,1,-0.058,-0.005000000000000001,-0.006526309611002557
0,62,-1,-0.042,-0.013500000000000002,-0.01294095225512601
0,63,-1,0.014,-0.0205,-0.01913417161825441
0,64,-1,-0.034,-0.0285,-0.024999999999999963
0,65,-1,-0.01,-0.025,-0.03043807145043603
0,66,1,-0.056,-0.0375,-0.035355339059327334
0,67,-1,-0.047,-0.0335,-0.039667667014561744
0,68,1,-0.05,-0.0465,-0.0433012701892219
0,69,-1,-0.062,-0.0465,-0.04619397662556432
0,70,-1,-0.068,-0.0565,-0.0482962913144534
0,71,-1,-0.05,-0.049,-0.049572243068690514
0,72,1,-0.047,-0.0565,-0.05
0,73,1,-0.076,-0.058499999999999996,-0.049572243068690534
0,74,-1,-0.017,-0.0455,-0.04829629131445343
0,75,-1,-0.083,-0.037000000000000005,-0.046193976625564376
0,76,-1,-0.043,-0.043,-0.04330127018922196
0,77,1,-0.054,-0.0385,-0.039667667014561765
0,78,-1,-0.054,-0.0315,-0.035355339059327424
0,79,-1,0.012,-0.031,-0.030438071450436057
0,80,-1,-0.033,-0.026500000000000003,-0.025000000000000067
0,81,-1,-0.015,-0.0195,-0.01913417161825453
0,82,-1,-0.014,-0.012,-0.012940952255126129
0,83,-1,-0.005,-0.006500000000000001,-0.0065263096110026375
0,84,-1,-0.025,0.0,-2.1431318985078683e-17
0,85,-1,-0.002,0.0065,0.0065263096110025065
0,86,-1,0.011,0.0125,0.012940952255126004
0,87,-1,-0.013,0.025,0.019134171618254408
0,88,1,0.019,0.025,0.024999999999999956
0,89,-1,0.014,0.036000000000000004,0.03043807145043595
0,90,1,0.011,0.0315,0.03535533905932733
0,91,-1,0.003,0.041,0.039667667014561744
0,92,-1,0.064,0.0365,0.04330127018922189
0,93,1,0.086,0.046,0.04619397662556432
0,94,-1,0.074,0.050499999999999996,0.04829629131445339
0,95,-1,0.044,0.049,0.049572243068690514
1,0,1,-0.007,0.02,0.02138557753239831
1,1,-1,0.03,0.023,0.021202620952007516
1,2,-1,0.041,0.0345,0.02065688164865077
1,3,1,0.03,0.026,0.019757697373116025
1,4,1,0.049,0.0205,0.018520453417658667
1,5,1,0.041,0.013500000000000002,0.01696631936938539
1,6,1,-0.02,0.01,0.01512188689274952
1,7,1,0.002,0.012,0.013018714738799585
1,8,1,0.012,0.006,0.010692788766199156
1,9,1,0.054,0.016,0.008183906213207933
1,10,1,0.016,0.0,0.005534994755901257
1,11,1,-0.036,0.0075,0.002791378003730641
1,12,-1,0.041,-0.0005000000000000004,1.309488953648457e-18
1,13,1,0.023,-0.009999999999999998,-0.0027913780037306336
1,14,-1,-0.025,-0.0055000000000000005,-0.00553499475590125
1,15,-1,-0.014,-0.009000000000000001,-0.008183906213207926
1,16,-1,0.027,-0.0095,-0.010692788766199151
1,17,1,-0.025,-0.003000000000000001,-0.013018714738799578
1,18,1,-0.048,-0.018500000000000003,-0.015121886892749516
1,19,1,-0.019,-0.018000000000000002,-0.016966319369385387
1,20,1,-0.015,-0.0195,-0.01852045341765866
1,21,1,-0.017,-0.026000000000000002,-0.019757697373116025
1,22,-1,0.015,-0.016,-0.020656881648650767
1,23,-1,-0.04,-0.0205,-0.021202620952007516
1,24,1,0.002,-0.015,-0.02138557753239831
1,25,-1,-0.03,-0.0195,-0.021202620952007516
1,26,-1,-0.017,-0.019000000000000003,-0.020656881648650774
1,27,-1,-0.034,-0.0285,-0.019757697373116032
1,28,1,-0.034,-0.021,-0.018520453417658667
1,29,1,-0.033,-0.0275,-0.016966319369385394
1,30,1,-0.003,-0.012499999999999999,-0.015121886892749526
1,31,-1,-0.004,-0.01,-0.01301871473879959
1,32,1,-0.028,-0.0085,-0.010692788766199163
1,33,1,-0.01,-0.006500000000000001,-0.008183906213207944
1,34,-1,-0.003,-0.0025,-0.005534994755901268
1,35,1,0.043,-0.005000000000000001,-0.0027913780037306575
1,36,-1,-0.017,-0.0125,-3.928466860945371e-18
1,37,-1,-0.003,-0.0035,0.0027913780037306314
1,38,1,-0.015,0.0115,0.005534994755901242
1,39,1,0.004,0.0175,0.00818390621320792
1,40,1,0.0,0.014,0.01069278876619914
1,41,1,0.025,0.017,0.013018714738799567
1,42,-1,-0.003,0.0145,0.015121886892749514
1,43,-1,0.025,0.018000000000000002,0.016966319369385384
1,44,1,0.017,0.017,0.01852045341765866
1,45,-1,0.016,0.0165,0.019757697373116022
1,46,1,0.007,0.014499999999999999,0.020656881648650767
1,47,-1,0.002,0.014499999999999999,0.021202620952007513
1,48,-1,0.03,0.017,0.02138557753239831
1,49,1,0.039,0.022,0.021202620952007516
1,50,1,0.039,0.024,0.020656881648650774
1,51,1,0.054,0.022,0.019757697373116032
1,52,-1,0.03,0.017,0.018520453417658674
1,53,-1,0.039,0.0295,0.0169663193693854
1,54,-1,-0.008,0.012,0.015121886892749535
1,55,-1,0.007,0.0025,0.013018714738799592
1,56,-1,0.003,0.006500000000000001,0.010692788766199167
1,57,1,0.037,0.015,0.008183906213207946
1,58,-1,0.042,0.005500000000000001,0.005534994755901271
1,59,-1,-0.041,0.010499999999999999,0.0027913780037306605
1,60,1,-0.009,-0.0014999999999999996,2.5541653225342318e-17
1,61,1,0.016,-0.006500000000000001,-0.0027913780037306284
1,62,1,-0.009,-0.013499999999999998,-0.005534994755901241
1,63,1,-0.007,-0.0105,-0.008183906213207899
1,64,-1,-0.02,-0.0175,-0.010692788766199137
1,65,-1,-0.051,-0.023999999999999997,-0.013018714738799583
1,66,1,-0.014,-0.0205,-0.0151218868927495
1,67,-1,-0.022,-0.017499999999999998,-0.01696631936938538
1,68,1,-0.03,-0.0195,-0.01852045341765865
1,69,1,0.001,-0.017,-0.01975769737311602
1,70,-1,0.013,-0.022000000000000002,-0.02065688164865076
1,71,1,-0.014,-0.0225,-0.021202620952007513
1,72,1,-0.036,-0.019999999999999997,-0.02138557753239831
1,73,-1,-0.001,-0.012,-0.02120262095200752
1,74,-1,-0.03,-0.0305,-0.020656881648650774
1,75,1,-0.043,-0.03,-0.01975769737311604
1,76,-1,0.028,0.0014999999999999996,-0.018520453417658674
1,77,-1,-0.032,-0.0055,-0.01696631936938539
1,78,-1,-0.01,-0.0075,-0.015121886892749539
1,79,-1,-0.015,-0.02,-0.013018714738799593
1,80,1,-0.046,-0.015,-0.010692788766199182
1,81,-1,-0.035,-0.0125,-0.008183906213207949
1,82,-1,0.009,-0.011,-0.005534994755901291
1,83,-1,-0.025,-0.007000000000000001,-0.0027913780037306627
1,84,1,-0.008,-0.0085,-9.166422675539199e-18
1,85,-1,0.013,0.0,0.002791378003730607
1,86,1,-0.021,-0.0015000000000000013,0.005534994755901238
1,87,-1,0.031,0.0115,0.008183906213207897
1,88,1,0.012,0.0095,0.010692788766199135
1,89,-1,0.0,0.0085,0.013018714738799548
1,90,-1,0.023,0.020999999999999998,0.015121886892749497
1,91,1,0.017,0.0165,0.01696631936938538
1,92,-1,-0.002,0.0185,0.018520453417658646
1,93,1,0.053,0.017,0.01975769737311602
1,94,-1,0.011,0.0,0.02065688164865076
1,95,1,0.029,0.023,0.021202620952007513
2,0,-1,0.009,0.0055,0.009146858527884388
2,1,1,0.048,0.021,0.009068605885184192
2,2,1,0.041,0.015000000000000001,0.008835186881495939
2,3,1,0.005,0.0035,0.008450595380688704
2,4,1,0.025,-0.004,0.007921411849970214
2,5,-1,0.034,0.008000000000000002,0.00725669076626845
2,6,1,-0.004,-0.017,0.006467805691621052
2,7,-1,-0.016,0.0014999999999999996,0.005568254668375503
2,8,1,-0.01,0.001,0.004573429263942195
2,9,1,0.034,0.0175,0.0035003512168086904
2,10,1,0.006,0.007,0.002367381189874888
2,11,-1,-0.014,0.003,0.0011939046144202568
2,12,-1,-0.026,-0.0014999999999999996,5.600835509213644e-19
2,13,-1,-0.001,0.0,-0.0011939046144202538
2,14,1,0.016,-0.002999999999999999,-0.002367381189874885
2,15,1,-0.003,-0.0085,-0.0035003512168086874
2,16,1,-0.018,-0.0009999999999999992,-0.004573429263942192
2,17,1,0.006,0.0,-0.0055682546683755
2,18,-1,0.002,0.0035,-0.006467805691621051
2,19,1,0.011,0.0045,-0.0072566907662684485
2,20,1,0.004,-0.0165,-0.007921411849970212
2,21,1,-0.006,-0.0235,-0.008450595380688704
2,22,-1,-0.008,-0.012,-0.008835186881495937
2,23,1,-0.024,-0.006500000000000001,-0.009068605885184192
2,24,-1,-0.012,-0.012,-0.009146858527884388
2,25,-1,0.0,-0.01,-0.009068605885184194
2,26,-1,-0.005,-0.0045000000000000005,-0.008835186881495939
2,27,1,0.023,-0.008,-0.008450595380688706
2,28,-1,0.008,-0.001,-0.007921411849970215
2,29,1,-0.035,-0.018000000000000002,-0.007256690766268451
2,30,1,0.016,-0.009999999999999998,-0.006467805691621056
2,31,1,0.018,-0.002,-0.005568254668375505
2,32,1,-0.007,0.0019999999999999996,-0.004573429263942198
2,33,1,-0.023,-0.008,-0.0035003512168086948
2,34,1,-0.003,0.002,-0.002367381189874893
2,35,1,-0.018,-0.0009999999999999992,-0.001193904614420264
2,36,1,-0.009,0.0045,-1.6802506527640929e-18
2,37,-1,0.019,0.004,0.0011939046144202527
2,38,-1,0.001,-0.004999999999999999,0.002367381189874882
2,39,-1,0.027,-0.007999999999999998,0.0035003512168086844
2,40,-1,0.008,0.0155,0.004573429263942188
2,41,-1,-0.018,-0.0014999999999999996,0.0055682546683754955
2,42,-1,0.032,0.016,0.0064678056916210504
2,43,-1,-0.051,-0.013499999999999998,0.007256690766268447
2,44,1,0.066,0.016,0.00792141184997021
2,45,1,-0.035,0.011,0.008450595380688703
2,46,1,-0.002,-0.0005,0.008835186881495937
2,47,1,0.027,0.01,0.009068605885184192
2,48,-1,0.013,0.009,0.009146858527884388
2,49,-1,0.024,0.008,0.009068605885184194
2,50,1,-0.018,0.0005000000000000004,0.008835186881495939
2,51,1,0.009,0.012,0.008450595380688708
2,52,-1,0.009,-0.002,0.007921411849970217
2,53,1,0.011,0.008,0.0072566907662684555
2,54,1,0.01,0.0025,0.00646780569162106
2,55,1,-0.009,-0.006,0.005568254668375506
2,56,-1,0.038,0.006,0.004573429263942199
2,57,1,0.005,0.005,0.003500351216808696
2,58,1,-0.011,-0.0019999999999999996,0.002367381189874894
2,59,-1,-0.004,-0.005,0.0011939046144202653
2,60,1,-0.009,0.0085,1.092446010712379e-17
2,61,-1,-0.014,-0.0085,-0.0011939046144202516
2,62,1,0.032,-0.0085,-0.002367381189874881
2,63,1,0.029,0.005000000000000001,-0.0035003512168086757
2,64,-1,0.005,0.0095,-0.004573429263942187
2,65,-1,0.037,0.003999999999999998,-0.0055682546683755016
2,66,-1,-0.026,-0.004499999999999999,-0.006467805691621044
2,67,1,-0.02,-0.0125,-0.007256690766268446
2,68,-1,0.017,-0.0009999999999999992,-0.007921411849970207
2,69,-1,0.016,-0.0034999999999999996,-0.008450595380688701
2,70,1,0.01,0.004,-0.008835186881495934
2,71,1,0.009,-0.007,-0.009068605885184192
2,72,1,0.002,0.010499999999999999,-0.009146858527884388
2,73,-1,-0.024,-0.0155,-0.009068605885184194
2,74,1,-0.006,-0.014499999999999999,-0.008835186881495939
2,75,-1,-0.049,-0.017,-0.008450595380688711
2,76,1,0.01,-0.009999999999999998,-0.007921411849970217
2,77,1,0.038,0.0014999999999999979,-0.00725669076626845
2,78,-1,-0.01,-0.006500000000000001,-0.006467805691621061
2,79,1,-0.013,-0.0125,-0.005568254668375507
2,80,-1,-0.01,-0.013999999999999999,-0.004573429263942206
2,81,-1,-0.003,0.0115,-0.003500351216808697
2,82,1,-0.05,-0.015500000000000002,-0.0023673811898749027
2,83,-1,0.019,-0.003000000000000001,-0.0011939046144202662
2,84,-1,0.007,0.005,-3.920584856449551e-18
2,85,-1,0.039,-0.006499999999999999,0.0011939046144202423
2,86,-1,-0.021,-0.0015000000000000013,0.0023673811898748797
2,87,-1,-0.024,-0.0025000000000000005,0.003500351216808675
2,88,-1,0.022,-0.0045000000000000005,0.004573429263942186
2,89,-1,0.016,0.0135,0.005568254668375488
2,90,1,0.018,0.013999999999999999,0.0064678056916210435
2,91,-1,0.035,0.006500000000000002,0.007256690766268446
2,92,1,0.022,0.008499999999999999,0.007921411849970205
2,93,1,0.054,0.0215,0.008450595380688701
2,94,-1,0.015,0.0175,0.008835186881495934
2,95,1,0.008,0.0015,0.009068605885184192
3,0,1,0.002,0.0035,0.003912217044519005
3,1,1,0.042,0.0030000000000000027,0.0038787474853674026
3,2,1,0.006,0.0185,0.0037789114813491964
3,3,-1,-0.014,-0.0015000000000000005,0.003614417254172906
3,4,-1,-0.02,0.0095,0.0033880793456719347
3,5,1,0.009,0.0019999999999999996,0.003103770460213457
3,6,1,0.02,0.0085,0.002766355201652982
3,7,1,0.009,-0.011,0.002381606838613663
3,8,1,0.02,0.009000000000000001,0.001956108522259503
3,9,1,0.031,0.0034999999999999996,0.0014971406467537403
3,10,1,0.027,0.0165,0.0010125562796962156
3,11,-1,0.008,0.012,0.0005106467939594502
3,12,-1,0.019,0.0195,2.395542040569959e-19
3,13,1,-0.011,0.006500000000000001,-0.0005106467939594489
3,14,-1,0.032,0.003000000000000001,-0.0010125562796962143
3,15,-1,-0.003,-0.006,-0.001497140646753739
3,16,1,0.011,0.0055,-0.0019561085222595015
3,17,1,0.002,-0.0055,-0.0023816068386136617
3,18,1,-0.014,-0.014,-0.0027663552016529815
3,19,-1,-0.011,-0.013,-0.003103770460213456
3,20,1,0.005,-0.004999999999999999,-0.003388079345671934
3,21,1,0.009,-0.017499999999999998,-0.003614417254172906
3,22,1,-0.031,0.0024999999999999988,-0.003778911481349196
3,23,1,-0.023,-0.010499999999999999,-0.0038787474853674026
3,24,-1,0.004,-0.0055,-0.003912217044519005
3,25,1,-0.047,-0.008,-0.003878747485367403
3,26,1,0.004,0.0085,-0.003778911481349197
3,27,1,0.014,0.0015000000000000005,-0.0036144172541729067
3,28,1,0.003,-0.0075,-0.003388079345671935
3,29,1,0.005,-0.0005,-0.0031037704602134572
3,30,-1,-0.041,-0.025500000000000002,-0.0027663552016529832
3,31,-1,0.028,-0.004999999999999999,-0.002381606838613664
3,32,-1,-0.019,-0.0045,-0.001956108522259504
3,33,-1,-0.023,-0.002,-0.0014971406467537422
3,34,-1,-0.033,-0.015000000000000001,-0.0010125562796962178
3,35,-1,-0.018,-0.0185,-0.0005106467939594532
3,36,-1,0.007,-0.0045000000000000005,-7.186626121709876e-19
3,37,-1,0.032,0.0155,0.0005106467939594484
3,38,1,0.02,-0.0105,0.001012556279696213
3,39,1,0.025,0.004,0.0014971406467537377
3,40,1,-0.02,-0.0045000000000000005,0.0019561085222594998
3,41,1,-0.025,-0.009500000000000001,0.00238160683861366
3,42,1,-0.039,-0.024,0.002766355201652981
3,43,1,-0.001,0.001,0.0031037704602134555
3,44,1,-0.003,-0.0095,0.0033880793456719334
3,45,-1,-0.011,0.019000000000000003,0.003614417254172905
3,46,1,0.005,-0.001,0.0037789114813491956
3,47,1,0.029,0.0115,0.003878747485367402
3,48,1,0.003,0.006,0.003912217044519005
3,49,1,0.002,0.001,0.003878747485367403
3,50,-1,0.004,0.0085,0.003778911481349197
3,51,1,-0.004,-0.0065,0.003614417254172907
3,52,-1,0.003,-0.004999999999999999,0.003388079345671936
3,53,-1,0.01,0.0115,0.003103770460213459
3,54,1,-0.006,-0.009000000000000001,0.002766355201652985
3,55,-1,0.003,0.003,0.0023816068386136643
3,56,-1,-0.004,0.011,0.0019561085222595045
3,57,1,0.026,-0.0035000000000000014,0.0014971406467537427
3,58,1,0.01,-0.015,0.0010125562796962182
3,59,-1,-0.007,-0.0225,0.0005106467939594538
3,60,1,0.046,0.010499999999999999,4.672517772409763e-18
3,61,1,0.04,0.0,-0.0005106467939594479
3,62,-1,-0.018,0.0005000000000000004,-0.0010125562796962125
3,63,1,-0.017,-0.009000000000000001,-0.001497140646753734
3,64,-1,0.009,0.0065,-0.0019561085222594993
3,65,-1,0.021,-0.008499999999999999,-0.0023816068386136625
3,66,1,0.035,0.006000000000000002,-0.0027663552016529785
3,67,-1,0.045,0.0049999999999999975,-0.003103770460213455
3,68,-1,0.0,-0.01,-0.0033880793456719316
3,69,1,-0.001,-0.002,-0.0036144172541729045
3,70,1,-0.009,-0.0125,-0.0037789114813491947
3,71,-1,0.039,0.0055,-0.003878747485367402
3,72,-1,-0.004,-0.012,-0.003912217044519005
3,73,-1,0.029,0.008,-0.0038787474853674035
3,74,-1,-0.045,-0.016,-0.003778911481349197
3,75,1,-0.045,0.002999999999999999,-0.0036144172541729084
3,76,1,0.001,-0.0135,-0.0033880793456719364
3,77,1,-0.035,-0.007000000000000001,-0.003103770460213457
3,78,-1,0.0,0.011,-0.0027663552016529854
3,79,-1,0.0,-0.007,-0.0023816068386136647
3,80,-1,-0.029,-0.006500000000000001,-0.0019561085222595076
3,81,1,0.013,0.012,-0.0014971406467537431
3,82,1,0.009,0.013999999999999999,-0.0010125562796962219
3,83,1,-0.009,-0.0085,-0.0005106467939594542
3,84,1,-0.007,-0.0005,-1.676879428398971e-18
3,85,-1,0.051,0.009999999999999998,0.000510646793959444
3,86,-1,0.022,0.008499999999999999,0.0010125562796962121
3,87,1,0.021,0.013000000000000001,0.0014971406467537336
3,88,1,0.024,-0.0025000000000000005,0.001956108522259499
3,89,1,0.041,0.009000000000000001,0.0023816068386136565
3,90,1,-0.007,-0.0015,0.002766355201652978
3,91,1,-0.002,0.006,0.003103770460213455
3,92,-1,-0.011,0.0145,0.003388079345671931
3,93,-1,-0.01,0.0065,0.0036144172541729045
3,94,1,0.017,-0.014499999999999999,0.0037789114813491943
3,95,-1,0.064,0.006500000000000002,0.003878747485367402
4,0,1,-0.01,-0.001,0.0016733004185826269
4,1,-1,0.029,0.011000000000000001,0.0016589851015383914
4,2,1,0.032,-0.0010000000000000009,0.0016162840894492678
4,3,1,0.002,0.003,0.0015459280084710576
4,4,-1,0.004,-0.0024999999999999996,0.0014491206706556898
4,5,1,0.03,0.035500000000000004,0.0013275184763932493
4,6,1,0.041,0.008,0.001183202072942064
4,7,-1,0.008,0.016,0.0010186407539772503
4,8,-1,0.018,-0.0005000000000000004,0.0008366502092913136
4,9,-1,-0.031,-0.008,0.0006403443475611412
4,10,-1,0.029,0.005500000000000001,0.00043308201650720413
4,11,-1,-0.01,-0.004,0.00021840953207780895
4,12,1,-0.005,-0.01,1.0246010008145702e-19
4,13,-1,-0.001,0.006500000000000001,-0.00021840953207780838
4,14,1,-0.002,-0.0025,-0.00043308201650720353
4,15,-1,-0.006,0.007500000000000001,-0.0006403443475611406
4,16,1,0.028,0.0155,-0.0008366502092913131
4,17,1,0.005,0.001,-0.00101864075397725
4,18,1,-0.003,-0.0025,-0.0011832020729420638
4,19,-1,0.037,0.003999999999999998,-0.0013275184763932488
4,20,1,0.009,-0.007,-0.0014491206706556893
4,21,-1,-0.006,-0.0015,-0.0015459280084710576
4,22,-1,0.004,-0.0075,-0.0016162840894492676
4,23,-1,-0.027,-0.0115,-0.0016589851015383914
4,24,-1,-0.002,0.005,-0.0016733004185826269
4,25,-1,0.013,0.004,-0.0016589851015383916
4,26,-1,0.002,0.012,-0.0016162840894492678
4,27,1,-0.013,-0.018,-0.001545928008471058
4,28,1,-0.01,-0.0015,-0.00144912067065569
4,29,-1,0.003,0.006999999999999999,-0.0013275184763932495
4,30,-1,-0.003,0.0075,-0.0011832020729420644
4,31,-1,0.007,0.001,-0.0010186407539772508
4,32,1,-0.002,-0.007,-0.0008366502092913142
4,33,1,-0.015,-0.001,-0.000640344347561142
4,34,1,-0.001,-0.0015,-0.00043308201650720505
4,35,-1,0.02,-0.0034999999999999996,-0.00021840953207781025
4,36,-1,-0.068,-0.025500000000000002,-3.07380300244371e-19
4,37,1,-0.03,-0.0095,0.0002184095320778082
4,38,-1,0.017,0.018500000000000003,0.000433082016507203
4,39,-1,0.001,-0.0005,0.0006403443475611401
4,40,-1,-0.01,-0.004,0.0008366502092913123
4,41,1,0.011,-0.0034999999999999996,0.001018640753977249
4,42,-1,-0.024,0.013000000000000001,0.0011832020729420636
4,43,-1,-0.031,-0.0025000000000000005,0.0013275184763932486
4,44,-1,0.002,0.0045000000000000005,0.0014491206706556891
4,45,-1,-0.023,-0.002999999999999999,0.0015459280084710574
4,46,-1,-0.003,0.0005,0.0016162840894492674
4,47,1,0.009,-0.007500000000000001,0.0016589851015383912
4,48,1,-0.006,-0.0075,0.0016733004185826269
4,49,1,0.027,0.016,0.0016589851015383916
4,50,-1,-0.019,-0.015,0.0016162840894492678
4,51,1,0.016,0.0045000000000000005,0.0015459280084710583
4,52,1,-0.011,-0.0045,0.0014491206706556902
4,53,1,0.006,-0.001,0.0013275184763932501
4,54,1,-0.03,-0.004999999999999999,0.0011832020729420653
4,55,1,0.044,0.002999999999999999,0.001018640753977251
4,56,-1,0.002,0.003,0.0008366502092913144
4,57,1,-0.013,-0.0014999999999999996,0.0006403443475611422
4,58,1,0.03,0.006999999999999999,0.0004330820165072052
4,59,1,0.015,0.0034999999999999996,0.00021840953207781047
4,60,1,-0.01,0.0055000000000000005,1.9984898218675606e-18
4,61,1,-0.001,-0.006999999999999999,-0.00021840953207780798
4,62,1,0.037,0.012499999999999999,-0.00043308201650720283
4,63,1,0.05,0.0075,-0.0006403443475611386
4,64,-1,0.03,0.0135,-0.0008366502092913121
4,65,-1,-0.001,0.0135,-0.0010186407539772501
4,66,1,0.018,0.015,-0.0011832020729420625
4,67,1,-0.034,-0.007000000000000001,-0.0013275184763932484
4,68,1,0.042,0.0175,-0.0014491206706556885
4,69,-1,-0.019,-0.004,-0.0015459280084710572
4,70,-1,-0.009,-0.0155,-0.001616284089449267
4,71,-1,-0.005,0.006499999999999999,-0.0016589851015383912
4,72,1,-0.001,-0.02,-0.0016733004185826269
4,73,1,0.03,0.008,-0.0016589851015383918
4,74,1,0.022,-0.009500000000000001,-0.0016162840894492678
4,75,1,0.005,-0.008499999999999999,-0.0015459280084710587
4,76,-1,0.018,0.005999999999999999,-0.0014491206706556904
4,77,-1,0.027,0.0075,-0.0013275184763932493
4,78,1,0.052,0.008,-0.0011832020729420655
4,79,-1,-0.032,-0.003000000000000001,-0.0010186407539772512
4,80,-1,-0.007,0.015,-0.0008366502092913157
4,81,1,0.028,-0.0009999999999999992,-0.0006403443475611425
4,82,1,-0.029,-0.0125,-0.0004330820165072068
4,83,1,0.028,0.0125,-0.00021840953207781066
4,84,1,0.035,-0.006999999999999999,-7.172207005701991e-19
4,85,1,-0.019,-0.0024999999999999996,0.0002184095320778063
4,86,-1,0.005,0.0055,0.0004330820165072026
4,87,1,0.063,0.0265,0.0006403443475611383
4,88,1,0.041,0.018000000000000002,0.0008366502092913119
4,89,1,-0.014,-0.0005000000000000004,0.0010186407539772475
4,90,1,-0.018,0.0015000000000000013,0.0011832020729420623
4,91,1,-0.009,-0.015,0.0013275184763932484
4,92,1,0.048,0.011000000000000001,0.0014491206706556882
4,93,1,0.097,0.023000000000000003,0.0015459280084710572
4,94,1,0.028,0.0105,0.0016162840894492667
4,95,-1,0.002,-0.009500000000000001,0.0016589851015383912
5,0,-1,-0.016,-0.0075,0.0007156899167318661
5,1,-1,0.007,-0.0009999999999999996,0.0007095670902808589
5,2,1,0.052,0.018,0.0006913033741859823
5,3,1,0.019,0.014499999999999999,0.0006612112656932782
5,4,-1,0.022,-0.0005000000000000004,0.0006198056491221657
5,5,-1,0.027,0.013,0.0005677949860519821
5,6,1,-0.002,0.0034999999999999996,0.0005060691933479381
5,7,-1,-0.036,-0.000499999999999997,0.0004356844164368231
5,8,-1,-0.018,-0.0165,0.0003578449583659331
5,9,-1,0.009,0.014499999999999999,0.0002738826738440359
5,10,1,0.059,0.0185,0.00018523418083804432
5,11,1,0.012,0.004,9.341627964129637e-05
5,12,1,0.004,-0.003,4.382336828538578e-20
5,13,-1,0.003,0.002,-9.341627964129612e-05
5,14,-1,0.007,-0.0085,-0.0001852341808380441
5,15,1,-0.021,-0.0155,-0.0002738826738440356
5,16,1,0.026,0.0215,-0.00035784495836593296
5,17,-1,-0.003,-0.010499999999999999,-0.0004356844164368229
5,18,-1,-0.019,-0.008,-0.0005060691933479381
5,19,1,-0.016,0.006500000000000001,-0.0005677949860519819
5,20,-1,-0.017,-0.018500000000000003,-0.0006198056491221655
5,21,-1,-0.009,-0.004,-0.0006612112656932782
5,22,-1,0.031,0.0215,-0.0006913033741859822
5,23,-1,0.001,-0.0035,-0.0007095670902808589
5,24,1,0.028,-0.004999999999999999,-0.0007156899167318661
5,25,1,-0.013,0.003,-0.000709567090280859
5,26,1,0.013,-0.0005000000000000004,-0.0006913033741859823
5,27,-1,-0.003,0.0075,-0.0006612112656932783
5,28,-1,-0.001,0.0055,-0.0006198056491221658
5,29,1,0.015,-0.009000000000000001,-0.0005677949860519821
5,30,1,-0.028,-0.019,-0.0005060691933479384
5,31,-1,0.024,-0.005500000000000001,-0.00043568441643682327
5,32,1,0.017,0.0,-0.0003578449583659334
5,33,-1,0.015,0.017,-0.0002738826738440362
5,34,-1,-0.013,-0.0029999999999999996,-0.00018523418083804473
5,35,-1,-0.014,-0.0035,-9.341627964129692e-05
5,36,-1,0.017,0.006,-1.3147010485615734e-19
5,37,-1,0.015,0.008,9.341627964129604e-05
5,38,-1,-0.011,0.006,0.00018523418083804386
5,39,-1,0.008,0.012,0.0002738826738440354
5,40,1,0.02,0.0035000000000000005,0.0003578449583659326
5,41,1,0.021,-0.007999999999999998,0.00043568441643682256
5,42,1,-0.008,-0.0045000000000000005,0.000506069193347938
5,43,-1,-0.053,-0.020999999999999998,0.0005677949860519818
5,44,1,-0.012,-0.0095,0.0006198056491221655
5,45,-1,-0.009,0.0035000000000000005,0.000661211265693278
5,46,1,-0.002,-0.011,0.0006913033741859821
5,47,1,0.009,-0.009500000000000001,0.0007095670902808589
5,48,-1,0.025,0.009500000000000001,0.0007156899167318661
5,49,1,0.011,0.0095,0.000709567090280859
5,50,-1,0.041,0.021,0.0006913033741859823
5,51,1,0.025,0.013000000000000001,0.0006612112656932784
5,52,1,-0.002,-0.009000000000000001,0.0006198056491221659
5,53,1,-0.018,-0.0045,0.0005677949860519824
5,54,-1,0.015,0.013999999999999999,0.0005060691933479386
5,55,1,0.005,0.03,0.0004356844164368234
5,56,-1,0.053,0.009499999999999998,0.00035784495836593344
5,57,1,0.014,0.01,0.0002738826738440363
5,58,1,0.046,0.011,0.0001852341808380448
5,59,1,0.009,0.0065,9.341627964129702e-05
5,60,1,0.021,0.015,8.54777180665152e-19
5,61,-1,-0.027,-0.002999999999999999,-9.341627964129595e-05
5,62,-1,0.026,0.004999999999999999,-0.00018523418083804378
5,63,-1,-0.006,-0.0015,-0.0002738826738440347
5,64,-1,0.012,0.018500000000000003,-0.0003578449583659325
5,65,-1,0.012,0.0205,-0.00043568441643682305
5,66,1,0.017,0.0025000000000000005,-0.0005060691933479374
5,67,-1,-0.042,-0.022000000000000002,-0.0005677949860519818
5,68,1,0.044,0.028499999999999998,-0.0006198056491221652
5,69,1,0.011,-0.022,-0.000661211265693278
5,70,-1,0.002,-0.012,-0.000691303374185982
5,71,-1,0.033,0.0075000000000000015,-0.0007095670902808589
5,72,-1,0.025,0.022,-0.0007156899167318661
5,73,1,0.014,0.005,-0.0007095670902808591
5,74,-1,0.021,0.0,-0.0006913033741859823
5,75,1,-0.016,-0.003,-0.0006612112656932787
5,76,-1,0.002,0.008,-0.000619805649122166
5,77,1,0.039,0.0125,-0.0005677949860519821
5,78,1,0.003,-0.0075,-0.0005060691933479387
5,79,-1,0.023,-0.006499999999999999,-0.00043568441643682343
5,80,-1,0.003,0.009,-0.00035784495836593404
5,81,1,0.055,0.018000000000000002,-0.0002738826738440364
5,82,-1,0.053,-0.0010000000000000009,-0.0001852341808380455
5,83,1,-0.035,-0.016,-9.34162796412971e-05
5,84,-1,0.059,0.013999999999999999,-3.0676357799770043e-19
5,85,1,0.036,0.010499999999999999,9.341627964129523e-05
5,86,-1,-0.013,-0.001,0.0001852341808380437
5,87,-1,0.004,0.0075,0.00027388267384403464
5,88,1,0.015,0.0075,0.0003578449583659324
5,89,-1,0.046,0.009,0.0004356844164368219
5,90,1,0.008,0.014,0.0005060691933479374
5,91,1,-0.019,-0.0155,0.0005677949860519818
5,92,1,0.02,0.0010000000000000009,0.0006198056491221651
5,93,1,0.033,0.0145,0.000661211265693278
5,94,1,0.045,0.012499999999999999,0.0006913033741859819
5,95,-1,0.016,0.004,0.0007095670902808589
6,0,1,0.003,0.0135,0.00030610884406850024
6,1,1,-0.013,0.0045,0.0003034900404727916
6,2,1,0.006,-0.018000000000000002,0.00029567843814125766
6,3,1,-0.01,-0.005,0.00028280769575557635
6,4,1,0.018,0.015,0.0002650980352864107
6,5,-1,0.012,0.0085,0.00024285247393443355
6,6,-1,-0.008,-0.021,0.00021645163942201202
6,7,1,0.012,-0.004,0.00018634725734734784
6,8,-1,-0.032,-0.0045000000000000005,0.00015305442203425015
6,9,1,0.027,0.0045000000000000005,0.00011714278312544374
6,10,1,-0.009,-0.012,7.922679871924572e-05
6,11,-1,0.046,0.0165,3.99552218211429e-05
6,12,-1,0.023,0.017,1.8743760803959255e-20
6,13,1,-0.033,-0.028,-3.99552218211428e-05
6,14,1,-0.007,-0.0075,-7.922679871924561e-05
6,15,-1,0.013,0.017,-0.00011714278312544364
6,16,1,0.035,0.014500000000000002,-0.00015305442203425006
6,17,1,0.001,-0.010499999999999999,-0.00018634725734734773
6,18,-1,0.017,-0.0055,-0.00021645163942201197
6,19,1,0.019,0.0305,-0.00024285247393443347
6,20,-1,-0.001,0.0075,-0.00026509803528641064
6,21,-1,0.016,0.013000000000000001,-0.00028280769575557635
6,22,-1,0.023,0.02,-0.0002956784381412576
6,23,-1,-0.037,-0.020499999999999997,-0.0003034900404727916
6,24,1,0.01,-0.012999999999999998,-0.00030610884406850024
6,25,-1,-0.003,-0.0055,-0.0003034900404727916
6,26,-1,0.035,0.02,-0.0002956784381412577
6,27,-1,0.001,0.001,-0.00028280769575557646
6,28,-1,0.043,0.009499999999999998,-0.00026509803528641074
6,29,-1,-0.021,0.007000000000000001,-0.00024285247393443358
6,30,-1,-0.026,-0.013999999999999999,-0.0002164516394220121
6,31,-1,0.009,0.004999999999999999,-0.00018634725734734792
6,32,1,0.032,0.007000000000000001,-0.00015305442203425025
6,33,-1,-0.04,-0.0185,-0.0001171427831254439
6,34,1,-0.019,-0.0135,-7.922679871924588e-05
6,35,-1,-0.022,-0.008499999999999999,-3.995522182114314e-05
6,36,-1,0.013,0.0,-5.623128241187775e-20
6,37,-1,0.008,-0.0024999999999999996,3.9955221821142766e-05
6,38,-1,0.012,0.018000000000000002,7.922679871924552e-05
6,39,-1,0.029,0.006500000000000001,0.00011714278312544353
6,40,-1,0.013,0.012,0.0001530544220342499
6,41,1,0.017,0.006,0.0001863472573473476
6,42,-1,-0.031,-0.006,0.00021645163942201194
6,43,1,-0.001,-0.002,0.00024285247393443344
6,44,-1,-0.005,-0.0005,0.0002650980352864106
6,45,-1,-0.021,0.002,0.0002828076957555763
6,46,1,-0.004,0.0085,0.0002956784381412576
6,47,1,-0.032,-0.0225,0.0003034900404727915
6,48,-1,0.013,0.01,0.00030610884406850024
6,49,-1,0.006,0.0055,0.0003034900404727916
6,50,-1,0.003,-0.0055,0.0002956784381412577
6,51,1,-0.001,-0.0075,0.00028280769575557646
6,52,1,-0.006,0.0034999999999999996,0.0002650980352864108
6,53,1,0.037,0.0235,0.00024285247393443372
6,54,-1,-0.016,-0.0055,0.00021645163942201224
6,55,-1,0.034,-0.0014999999999999979,0.00018634725734734795
6,56,-1,0.034,0.023,0.00015305442203425028
6,57,1,0.01,0.009000000000000001,0.00011714278312544393
6,58,1,0.014,-0.005,7.922679871924592e-05
6,59,-1,0.014,-0.003,3.995522182114318e-05
6,60,1,0.049,0.015500000000000002,3.6559807340078885e-19
6,61,-1,0.01,0.017,-3.995522182114272e-05
6,62,1,-0.001,0.008,-7.922679871924548e-05
6,63,1,0.001,-0.011,-0.00011714278312544325
6,64,-1,0.011,-0.003000000000000001,-0.00015305442203424988
6,65,1,0.023,0.01,-0.00018634725734734781
6,66,1,0.022,0.002999999999999999,-0.00021645163942201175
6,67,-1,-0.002,0.009500000000000001,-0.00024285247393443342
6,68,1,-0.062,-0.005500000000000001,-0.0002650980352864105
6,69,1,0.055,0.0235,-0.00028280769575557624
6,70,1,-0.055,-0.0205,-0.0002956784381412575
6,71,-1,0.024,0.006500000000000001,-0.0003034900404727915
6,72,1,0.011,0.012,-0.00030610884406850024
6,73,-1,0.037,0.0014999999999999979,-0.00030349004047279163
6,74,-1,-0.014,-0.0185,-0.0002956784381412577
6,75,-1,-0.022,-0.004999999999999999,-0.00028280769575557657
6,76,-1,0.022,0.008499999999999999,-0.00026509803528641085
6,77,-1,0.031,0.0235,-0.00024285247393443355
6,78,-1,0.037,-0.0034999999999999996,-0.0002164516394220123
6,79,1,0.033,0.0015000000000000013,-0.00018634725734734798
6,80,1,-0.022,-0.004999999999999999,-0.00015305442203425053
6,81,-1,0.028,0.006500000000000001,-0.00011714278312544397
6,82,-1,0.001,0.006500000000000001,-7.922679871924621e-05
6,83,1,0.018,0.0315,-3.995522182114321e-05
6,84,-1,0.019,0.0055,-1.3120632562771476e-19
6,85,-1,0.019,-0.0165,3.9955221821142414e-05
6,86,1,0.007,-0.0045000000000000005,7.922679871924545e-05
6,87,1,0.043,0.013999999999999999,0.00011714278312544322
6,88,-1,0.021,0.0015000000000000013,0.00015305442203424985
6,89,1,0.002,0.0155,0.00018634725734734733
6,90,-1,-0.04,0.0010000000000000009,0.0002164516394220117
6,91,1,0.048,0.012,0.00024285247393443342
6,92,-1,0.042,-0.0014999999999999979,0.0002650980352864104
6,93,1,0.032,0.006,0.00028280769575557624
6,94,1,0.006,-0.001,0.0002956784381412575
6,95,1,0.022,-0.0015000000000000013,0.0003034900404727915
7,0,-1,0.0,-0.0035,0.00013092628836359473
7,1,-1,0.006,-0.014000000000000002,0.0001298061958168317
7,2,1,-0.052,-0.018,0.00012646508327056606
7,3,1,0.018,0.019999999999999997,0.00012096011808679583
7,4,1,0.003,-0.004999999999999999,0.00011338549174607999
7,5,1,0.015,0.0165,0.00010387080820519138
7,6,1,0.002,0.0075,9.257886633748322e-05
7,7,1,0.004,0.0045000000000000005,7.970287439902976e-05
7,8,1,-0.006,-0.0025,6.546314418179738e-05
7,9,1,0.013,0.0,5.010332141780195e-05
7,10,-1,0.04,0.009000000000000001,3.3886216933082894e-05
7,11,-1,0.014,0.02,1.7089309881604486e-05
7,12,-1,0.022,0.0075,8.016922998435983e-21
7,13,1,0.048,0.0265,-1.708930988160444e-05
7,14,-1,0.046,0.0115,-3.3886216933082846e-05
7,15,1,0.027,0.022,-5.010332141780191e-05
7,16,-1,0.012,0.001,-6.546314418179734e-05
7,17,-1,0.004,0.027499999999999997,-7.970287439902972e-05
7,18,1,0.032,0.015,-9.257886633748319e-05
7,19,1,0.016,0.007,-0.00010387080820519134
7,20,-1,0.024,0.0125,-0.00011338549174607996
7,21,-1,0.038,0.0075,-0.00012096011808679583
7,22,-1,0.007,0.019,-0.00012646508327056606
7,23,1,-0.005,-0.0195,-0.0001298061958168317
7,24,-1,-0.006,-0.012,-0.00013092628836359473
7,25,1,-0.023,-0.005,-0.0001298061958168317
7,26,-1,0.025,-0.008999999999999998,-0.0001264650832705661
7,27,-1,0.008,-0.0075,-0.00012096011808679586
7,28,-1,0.002,-0.0065,-0.00011338549174608
7,29,1,-0.003,-0.011,-0.00010387080820519139
7,30,-1,0.019,0.0155,-9.257886633748326e-05
7,31,1,0.022,-0.0085,-7.970287439902979e-05
7,32,-1,0.003,0.018000000000000002,-6.546314418179742e-05
7,33,1,-0.061,-0.028,-5.010332141780202e-05
7,34,-1,-0.027,-0.0125,-3.388621693308296e-05
7,35,1,-0.002,-0.0035,-1.7089309881604587e-05
7,36,1,-0.008,0.0045000000000000005,-2.4050768995307946e-20
7,37,1,0.002,-0.009999999999999998,1.7089309881604428e-05
7,38,1,0.001,-0.017499999999999998,3.3886216933082806e-05
7,39,-1,-0.008,-0.0115,5.010332141780187e-05
7,40,1,0.005,0.002,6.546314418179729e-05
7,41,1,-0.026,-0.002,7.970287439902967e-05
7,42,1,0.026,0.0075,9.257886633748318e-05
7,43,-1,-0.007,-0.0045000000000000005,0.00010387080820519132
7,44,-1,0.045,0.012499999999999999,0.00011338549174607994
7,45,-1,0.004,0.0115,0.0001209601180867958
7,46,-1,0.006,-0.0034999999999999996,0.00012646508327056604
7,47,-1,0.021,0.009000000000000001,0.00012980619581683169
7,48,1,0.002,0.0035,0.00013092628836359473
7,49,1,0.014,-0.0055000000000000005,0.0001298061958168317
7,50,-1,-0.001,-0.008,0.0001264650832705661
7,51,1,-0.017,-0.005000000000000001,0.00012096011808679587
7,52,1,-0.006,-0.0005,0.00011338549174608003
7,53,1,-0.019,0.011000000000000001,0.00010387080820519144
7,54,1,-0.001,-0.0025,9.257886633748331e-05
7,55,1,-0.011,-0.020999999999999998,7.97028743990298e-05
7,56,-1,-0.027,-0.011,6.546314418179744e-05
7,57,1,-0.001,-0.013000000000000001,5.010332141780203e-05
7,58,1,0.026,0.002999999999999999,3.3886216933082975e-05
7,59,-1,0.02,-0.004,1.7089309881604608e-05
7,60,1,-0.018,-0.013999999999999999,1.5637051888816037e-19
7,61,1,0.01,0.010499999999999999,-1.708930988160441e-05
7,62,1,-0.021,-0.009500000000000001,-3.388621693308279e-05
7,63,-1,0.034,0.018500000000000003,-5.010332141780174e-05
7,64,-1,0.02,-0.007000000000000001,-6.546314418179726e-05
7,65,-1,0.0,-0.001,-7.970287439902975e-05
7,66,1,0.016,-0.006500000000000001,-9.25788663374831e-05
7,67,1,0.009,-0.0025000000000000005,-0.00010387080820519131
7,68,-1,-0.008,-0.0025,-0.00011338549174607989
7,69,1,0.006,0.0005,-0.00012096011808679577
7,70,1,-0.017,-0.0115,-0.000126465083270566
7,71,-1,-0.032,-0.026500000000000003,-0.00012980619581683169
7,72,-1,-0.007,0.0035,-0.00013092628836359473
7,73,1,0.014,-0.0065,-0.00012980619581683174
7,74,1,0.017,0.0035000000000000005,-0.0001264650832705661
7,75,-1,0.015,-0.013500000000000002,-0.00012096011808679591
7,76,-1,0.008,-0.004,-0.00011338549174608005
7,77,1,-0.003,-0.006500000000000001,-0.00010387080820519138
7,78,1,0.032,0.017,-9.257886633748333e-05
7,79,1,0.05,0.011500000000000002,-7.970287439902983e-05
7,80,-1,0.036,0.011999999999999999,-6.546314418179754e-05
7,81,1,0.034,0.0165,-5.0103321417802046e-05
7,82,-1,0.008,-0.0024999999999999996,-3.3886216933083104e-05
7,83,-1,-0.005,-0.004,-1.708930988160462e-05
7,84,1,0.006,-0.009500000000000001,-5.611846098905187e-20
7,85,1,0.003,0.018500000000000003,1.708930988160428e-05
7,86,-1,-0.003,0.004,3.388621693308277e-05
7,87,-1,0.02,0.0085,5.010332141780173e-05
7,88,-1,0.021,0.01,6.546314418179725e-05
7,89,1,-0.029,-0.007500000000000001,7.970287439902955e-05
7,90,-1,-0.013,0.02,9.257886633748308e-05
7,91,-1,0.0,0.019,0.00010387080820519131
7,92,1,0.007,-0.0005,0.00011338549174607988
7,93,-1,0.015,0.0014999999999999996,0.00012096011808679577
7,94,-1,-0.005,-0.004,0.000126465083270566
7,95,1,0.027,0.025,0.00012980619581683169
8,0,-1,-0.025,-0.0025000000000000005,5.599868581657587e-05
8,1,-1,-0.029,0.0025000000000000005,5.551960929653062e-05
8,2,1,0.004,-0.01,5.409057686847797e-05
8,3,-1,-0.019,0.0014999999999999996,5.173603967346453e-05
8,4,-1,0.034,0.023,4.8496284495698034e-05
8,5,1,0.025,0.021,4.4426744444499885e-05
8,6,-1,0.008,-0.003,3.9597050478435736e-05
8,7,-1,0.0,0.01,3.40898400003091e-05
8,8,-1,-0.006,0.022000000000000002,2.799934290828794e-05
8,9,1,0.046,0.006499999999999999,2.1429769296221528e-05
8,10,-1,0.004,0.0005,1.449352639004225e-05
8,11,1,-0.031,-0.006999999999999999,7.309295228964665e-06
8,12,-1,0.036,0.015499999999999998,3.428930567086396e-21
8,13,1,0.037,0.0115,-7.3092952289646465e-06
8,14,1,0.012,-0.0004999999999999996,-1.4493526390042232e-05
8,15,1,0.026,-0.003000000000000001,-2.1429769296221507e-05
8,16,-1,0.023,-0.0005000000000000004,-2.7999342908287923e-05
8,17,-1,0.016,-0.0085,-3.408984000030908e-05
8,18,-1,0.031,-0.011,-3.959705047843573e-05
8,19,1,-0.007,0.005000000000000001,-4.442674444449987e-05
8,20,1,0.024,0.005,-4.849628449569802e-05
8,21,-1,-0.015,0.0010000000000000009,-5.173603967346453e-05
8,22,-1,0.013,-0.014000000000000002,-5.4090576868477966e-05
8,23,1,0.015,-0.0025000000000000005,-5.551960929653062e-05
8,24,1,0.02,0.0045000000000000005,-5.599868581657587e-05
8,25,1,0.013,0.0095,-5.551960929653063e-05
8,26,1,-0.011,0.0075,-5.409057686847798e-05
8,27,1,-0.031,-0.018,-5.173603967346455e-05
8,28,-1,0.006,-0.013000000000000001,-4.849628449569804e-05
8,29,-1,0.003,-0.006500000000000001,-4.442674444449989e-05
8,30,1,0.033,0.0275,-3.9597050478435756e-05
8,31,-1,-0.012,-0.0015000000000000005,-3.4089840000309116e-05
8,32,1,-0.013,-0.0095,-2.7999342908287957e-05
8,33,1,0.011,0.020499999999999997,-2.1429769296221555e-05
8,34,1,-0.019,-0.0125,-1.4493526390042281e-05
8,35,1,-0.034,-0.006500000000000001,-7.309295228964708e-06
8,36,1,0.0,-0.0085,-1.0286791701259188e-20
8,37,-1,-0.016,-0.0015000000000000005,7.309295228964641e-06
8,38,1,0.013,-0.003,1.4493526390042213e-05
8,39,-1,0.026,0.010499999999999999,2.142976929622149e-05
8,40,1,-0.025,-0.021,2.7999342908287896e-05
8,41,-1,0.007,-0.006,3.408984000030906e-05
8,42,1,-0.001,-0.013000000000000001,3.959705047843572e-05
8,43,1,0.014,0.0085,4.4426744444499865e-05
8,44,-1,0.027,0.034999999999999996,4.849628449569802e-05
8,45,-1,-0.017,-0.003000000000000001,5.173603967346452e-05
8,46,-1,0.016,0.002,5.409057686847796e-05
8,47,-1,0.015,-0.010000000000000002,5.5519609296530616e-05
8,48,1,-0.018,0.003000000000000001,5.599868581657587e-05
8,49,1,0.002,-0.0225,5.551960929653063e-05
8,50,1,-0.002,0.007,5.409057686847798e-05
8,51,1,-0.013,-0.0095,5.1736039673464554e-05
8,52,1,-0.011,0.0025000000000000005,4.8496284495698055e-05
8,53,-1,-0.051,-0.019,4.442674444449991e-05
8,54,1,-0.044,-0.006499999999999999,3.959705047843578e-05
8,55,-1,0.019,-0.0225,3.408984000030912e-05
8,56,-1,0.006,-0.014500000000000002,2.7999342908287964e-05
8,57,-1,0.03,0.0305,2.142976929622156e-05
8,58,-1,-0.014,-0.009000000000000001,1.4493526390042288e-05
8,59,1,0.033,0.0125,7.309295228964716e-06
8,60,1,0.004,-0.004,6.688147710928215e-20
8,61,-1,-0.017,-0.0125,-7.309295228964632e-06
8,62,-1,0.017,0.007500000000000001,-1.4493526390042206e-05
8,63,1,0.039,0.006500000000000001,-2.1429769296221436e-05
8,64,1,0.008,0.0025,-2.799934290828789e-05
8,65,1,0.03,-0.0015000000000000013,-3.4089840000309095e-05
8,66,1,0.03,0.0135,-3.959705047843569e-05
8,67,-1,0.058,0.0165,-4.442674444449986e-05
8,68,-1,0.013,0.0055,-4.8496284495697994e-05
8,69,-1,-0.032,-0.0235,-5.173603967346452e-05
8,70,1,0.03,0.0034999999999999996,-5.409057686847795e-05
8,71,-1,0.021,0.0055000000000000005,-5.5519609296530616e-05
8,72,-1,0.009,-0.007500000000000001,-5.599868581657587e-05
8,73,1,0.036,0.005499999999999998,-5.551960929653064e-05
8,74,-1,-0.02,-0.0045000000000000005,-5.409057686847798e-05
8,75,-1,0.03,0.004499999999999999,-5.1736039673464574e-05
8,76,1,0.028,0.002,-4.849628449569806e-05
8,77,1,-0.019,-0.005,-4.4426744444499885e-05
8,78,1,0.008,-0.0115,-3.959705047843578e-05
8,79,-1,0.01,-0.005,-3.408984000030913e-05
8,80,1,-0.015,-0.0004999999999999996,-2.7999342908288008e-05
8,81,-1,0.011,-0.0015000000000000005,-2.142976929622157e-05
8,82,1,0.051,0.016,-1.449352639004234e-05
8,83,-1,-0.005,0.006499999999999999,-7.309295228964723e-06
8,84,-1,0.001,0.001,-2.4002513969604772e-20
8,85,1,-0.03,-0.0215,7.309295228964576e-06
8,86,-1,0.006,0.0015,1.44935263900422e-05
8,87,1,0.009,-0.014499999999999999,2.142976929622143e-05
8,88,1,-0.005,-0.0055,2.7999342908287883e-05
8,89,-1,-0.005,-0.011000000000000001,3.408984000030901e-05
8,90,-1,0.019,0.0,3.959705047843568e-05
8,91,1,0.049,0.008,4.442674444449986e-05
8,92,1,-0.018,0.0015000000000000013,4.849628449569799e-05
8,93,1,0.023,0.0115,5.173603967346452e-05
8,94,1,0.045,0.011,5.4090576868477946e-05
8,95,1,0.072,0.036,5.5519609296530616e-05
9,0,-1,-0.006,0.0024999999999999996,2.3951284744855937e-05
9,1,-1,-0.015,0.0025000000000000005,2.3746378183588354e-05
9,2,1,-0.017,-0.0165,2.313516450785973e-05
9,3,-1,0.011,0.028499999999999998,2.2128101753122217e-05
9,4,1,-0.021,-0.007500000000000001,2.074242104231993e-05
9,5,1,0.042,0.0165,1.9001831756597963e-05
9,6,1,0.01,0.021500000000000002,1.6936115861217544e-05
9,7,1,0.019,0.018000000000000002,1.4580618327873272e-05
9,8,1,0.033,0.012,1.1975642372427972e-05
9,9,-1,0.005,0.01,9.165759855715085e-06
9,10,1,0.021,0.007000000000000001,6.199048646642191e-06
9,11,1,0.014,-0.003999999999999999,3.1262699965242584e-06
9,12,-1,0.017,0.0115,1.4665932099127326e-21
9,13,-1,0.024,-0.0014999999999999996,-3.1262699965242503e-06
9,14,1,0.015,-0.0034999999999999996,-6.199048646642183e-06
9,15,1,-0.002,0.001,-9.165759855715076e-06
9,16,-1,0.007,-0.0055,-1.1975642372427965e-05
9,17,1,0.047,0.021,-1.4580618327873264e-05
9,18,1,-0.002,-0.0035,-1.693611586121754e-05
9,19,-1,0.016,0.0055,-1.900183175659796e-05
9,20,1,0.038,-0.0015000000000000013,-2.0742421042319925e-05
9,21,-1,-0.018,-0.028499999999999998,-2.2128101753122217e-05
9,22,-1,-0.013,-0.0065,-2.3135164507859725e-05
9,23,-1,0.01,0.021,-2.3746378183588354e-05
9,24,1,-0.007,-0.006,-2.3951284744855937e-05
9,25,1,-0.005,-0.0125,-2.3746378183588357e-05
9,26,-1,-0.017,-0.01,-2.3135164507859732e-05
9,27,1,0.036,0.0014999999999999979,-2.2128101753122223e-05
9,28,1,-0.002,-0.0015,-2.074242104231993e-05
9,29,1,-0.037,-0.037,-1.9001831756597967e-05
9,30,-1,-0.015,-0.0085,-1.693611586121755e-05
9,31,-1,-0.005,-0.017,-1.4580618327873277e-05
9,32,-1,-0.005,-0.0115,-1.1975642372427979e-05
9,33,1,0.015,0.015,-9.165759855715097e-06
9,34,1,0.019,0.0055,-6.199048646642204e-06
9,35,-1,-0.027,-0.004,-3.126269996524277e-06
9,36,-1,-0.009,-0.0009999999999999996,-4.399779629738198e-21
9,37,-1,-0.037,-0.0005000000000000004,3.126269996524248e-06
9,38,-1,-0.026,-0.018,6.199048646642175e-06
9,39,-1,0.031,0.009000000000000001,9.16575985571507e-06
9,40,-1,-0.002,-0.010499999999999999,1.1975642372427953e-05
9,41,1,-0.017,0.0004999999999999987,1.4580618327873254e-05
9,42,1,0.0,-0.002,1.6936115861217537e-05
9,43,1,-0.025,-0.021,1.9001831756597956e-05
9,44,1,-0.007,-0.0025,2.074242104231992e-05
9,45,1,-0.018,-0.0045,2.2128101753122213e-05
9,46,1,0.064,0.032,2.313516450785972e-05
9,47,-1,-0.023,-0.0034999999999999996,2.374637818358835e-05
9,48,-1,0.007,-0.014000000000000002,2.3951284744855937e-05
9,49,1,-0.001,0.017,2.3746378183588357e-05
9,50,-1,-0.022,-0.0045,2.3135164507859732e-05
9,51,-1,0.021,0.023,2.2128101753122223e-05
9,52,-1,0.006,-0.008,2.074242104231994e-05
9,53,1,0.005,-0.006499999999999999,1.9001831756597977e-05
9,54,1,-0.004,-0.0165,1.693611586121756e-05
9,55,-1,0.026,0.020499999999999997,1.4580618327873279e-05
9,56,-1,-0.038,-0.009,1.1975642372427982e-05
9,57,-1,0.041,0.018500000000000003,9.1657598557151e-06
9,58,-1,0.036,0.040999999999999995,6.199048646642207e-06
9,59,-1,0.02,-0.01,3.1262699965242804e-06
9,60,-1,0.005,-0.0195,2.8605980284037524e-20
9,61,-1,-0.016,0.013499999999999998,-3.1262699965242444e-06
9,62,-1,0.016,0.01,-6.199048646642173e-06
9,63,1,0.015,0.012,-9.165759855715046e-06
9,64,1,0.012,0.0045000000000000005,-1.197564237242795e-05
9,65,1,-0.007,0.0025,-1.4580618327873269e-05
9,66,-1,-0.001,-0.0205,-1.693611586121752e-05
9,67,-1,-0.025,-0.026500000000000003,-1.9001831756597953e-05
9,68,1,0.006,0.010499999999999999,-2.074242104231991e-05
9,69,1,-0.037,-0.023,-2.212810175312221e-05
9,70,1,0.035,0.011500000000000002,-2.3135164507859718e-05
9,71,1,0.025,-0.015,-2.374637818358835e-05
9,72,1,0.027,0.012,-2.3951284744855937e-05
9,73,1,-0.001,-0.0025,-2.374637818358836e-05
9,74,-1,0.0,-0.0165,-2.3135164507859732e-05
9,75,1,-0.006,-0.0005,-2.2128101753122233e-05
9,76,1,-0.01,0.0035000000000000005,-2.0742421042319942e-05
9,77,-1,-0.007,-0.018000000000000002,-1.9001831756597963e-05
9,78,1,-0.009,-0.0125,-1.6936115861217564e-05
9,79,1,0.021,0.0,-1.4580618327873282e-05
9,80,-1,0.013,0.0115,-1.1975642372428e-05
9,81,1,0.003,-0.001,-9.165759855715102e-06
9,82,-1,-0.007,-0.001,-6.19904864664223e-06
9,83,-1,-0.015,-0.02,-3.126269996524283e-06
9,84,1,0.023,0.019,-1.0266152469389128e-20
9,85,1,0.01,0.013500000000000002,3.1262699965242203e-06
9,86,-1,-0.031,-0.0265,6.1990486466421695e-06
9,87,1,0.038,0.0205,9.165759855715044e-06
9,88,-1,0.031,0.01,1.1975642372427947e-05
9,89,1,-0.006,0.0125,1.4580618327873232e-05
9,90,1,0.033,0.037000000000000005,1.6936115861217517e-05
9,91,1,0.012,0.015,1.9001831756597953e-05
9,92,-1,-0.024,-0.007500000000000001,2.0742421042319908e-05
9,93,1,0.024,-0.002999999999999999,2.212810175312221e-05
9,94,1,0.025,0.0115,2.3135164507859715e-05
9,95,-1,0.039,0.024,2.374637818358835e-05
10,0,-1,0.01,0.021500000000000002,1.0244241138233308e-05
10,1,-1,0.02,0.009000000000000001,1.0156600235175608e-05
10,2,1,-0.015,0.0,9.895177086152473e-06
10,3,1,0.012,0.0165,9.46444471372388e-06
10,4,1,0.015,0.0175,8.871773068203659e-06
10,5,1,0.005,-0.0019999999999999996,8.12730292576628e-06
10,6,1,-0.008,0.0034999999999999996,7.243772376954969e-06
10,7,1,-0.019,0.013,6.236298874420832e-06
10,8,1,-0.002,-0.0035,5.122120569116655e-06
10,9,1,0.017,0.009500000000000001,3.920301360754777e-06
10,10,1,0.029,0.007500000000000001,2.6514047091975075e-06
10,11,1,0.041,0.035,1.3371417879576022e-06
10,12,1,0.02,-0.0055,6.272788559815529e-22
10,13,1,-0.019,-0.015,-1.3371417879575988e-06
10,14,1,0.016,0.0085,-2.651404709197504e-06
10,15,-1,0.022,-0.014499999999999999,-3.9203013607547735e-06
10,16,1,0.031,-0.0024999999999999988,-5.1221205691166526e-06
10,17,1,0.001,0.001,-6.236298874420829e-06
10,18,-1,0.015,0.0004999999999999996,-7.2437723769549676e-06
10,19,-1,0.034,0.005000000000000001,-8.127302925766279e-06
10,20,1,0.018,0.0115,-8.871773068203657e-06
10,21,1,-0.026,-0.026,-9.46444471372388e-06
10,22,1,0.014,0.001,-9.895177086152473e-06
10,23,1,-0.012,-0.0145,-1.0156600235175608e-05
10,24,-1,-0.018,0.0,-1.0244241138233308e-05
10,25,1,0.018,0.004999999999999999,-1.015660023517561e-05
10,26,-1,0.007,-0.0009999999999999996,-9.895177086152475e-06
10,27,-1,-0.002,0.033,-9.464444713723884e-06
10,28,-1,-0.017,-0.02,-8.87177306820366e-06
10,29,1,0.008,0.0145,-8.127302925766282e-06
10,30,-1,-0.026,-0.0185,-7.243772376954973e-06
10,31,-1,0.026,-0.004000000000000002,-6.236298874420835e-06
10,32,1,0.017,0.012,-5.1221205691166585e-06
10,33,1,-0.011,-0.0125,-3.920301360754782e-06
10,34,-1,-0.001,-0.012,-2.651404709197513e-06
10,35,1,0.011,-0.0045000000000000005,-1.33714178795761e-06
10,36,-1,0.024,0.014,-1.881836567944659e-21
10,37,1,-0.021,-0.003000000000000001,1.3371417879575976e-06
10,38,1,-0.015,-0.0045,2.6514047091975003e-06
10,39,-1,-0.003,0.002,3.92030136075477e-06
10,40,1,-0.005,-0.0115,5.1221205691166475e-06
10,41,1,-0.02,-0.014,6.236298874420824e-06
10,42,-1,0.012,0.008,7.243772376954967e-06
10,43,1,0.011,0.014,8.127302925766277e-06
10,44,-1,-0.012,-0.023,8.871773068203655e-06
10,45,-1,-0.018,0.0105,9.464444713723879e-06
10,46,-1,0.019,0.013999999999999999,9.895177086152472e-06
10,47,-1,0.026,0.014499999999999999,1.0156600235175606e-05
10,48,1,-0.004,-0.0095,1.0244241138233308e-05
10,49,-1,0.014,0.0105,1.015660023517561e-05
10,50,-1,0.016,0.012,9.895177086152475e-06
10,51,-1,-0.034,-0.019000000000000003,9.464444713723884e-06
10,52,-1,0.02,0.0010000000000000009,8.871773068203662e-06
10,53,-1,0.041,0.026000000000000002,8.127302925766287e-06
10,54,1,0.014,0.0115,7.243772376954977e-06
10,55,1,-0.018,0.014,6.2362988744208355e-06
10,56,-1,-0.013,0.011000000000000003,5.12212056911666e-06
10,57,1,0.031,0.008,3.920301360754784e-06
10,58,1,0.029,-0.003499999999999998,2.6514047091975143e-06
10,59,-1,0.037,0.0055,1.3371417879576116e-06
10,60,-1,-0.004,-0.0025,1.2235108185090836e-20
10,61,1,0.041,0.0205,-1.337141787957596e-06
10,62,-1,-0.018,0.003000000000000001,-2.6514047091974995e-06
10,63,-1,0.021,0.0215,-3.920301360754761e-06
10,64,-1,-0.002,0.006,-5.122120569116647e-06
10,65,-1,0.011,0.0075,-6.23629887442083e-06
10,66,1,-0.009,-0.004,-7.24377237695496e-06
10,67,-1,-0.014,-0.007,-8.127302925766277e-06
10,68,-1,-0.013,-0.024999999999999998,-8.871773068203652e-06
10,69,1,0.065,0.026000000000000002,-9.464444713723877e-06
10,70,-1,-0.005,-0.005,-9.89517708615247e-06
10,71,1,0.01,-0.014499999999999999,-1.0156600235175606e-05
10,72,1,-0.012,-0.012,-1.0244241138233308e-05
10,73,1,0.028,-0.016,-1.015660023517561e-05
10,74,-1,0.016,0.0325,-9.895177086152475e-06
10,75,1,0.014,-0.003999999999999999,-9.464444713723887e-06
10,76,1,-0.011,-0.0195,-8.871773068203664e-06
10,77,-1,0.011,0.0055,-8.12730292576628e-06
10,78,-1,-0.015,-0.004,-7.2437723769549786e-06
10,79,-1,0.019,-0.0010000000000000009,-6.236298874420836e-06
10,80,-1,0.024,-0.0009999999999999992,-5.122120569116668e-06
10,81,1,0.009,-0.0035000000000000005,-3.9203013607547845e-06
10,82,-1,0.018,0.0095,-2.651404709197524e-06
10,83,1,-0.03,-0.0165,-1.3371417879576126e-06
10,84,1,-0.004,-0.019000000000000003,-4.390951991870871e-21
10,85,-1,-0.003,-0.009,1.337141787957586e-06
10,86,1,-0.014,-0.0185,2.651404709197498e-06
10,87,1,0.055,0.026,3.92030136075476e-06
10,88,1,0.004,-0.016,5.122120569116645e-06
10,89,-1,-0.022,0.010000000000000002,6.236298874420815e-06
10,90,1,-0.013,0.0,7.243772376954959e-06
10,91,-1,0.005,-0.0019999999999999996,8.127302925766277e-06
10,92,1,-0.041,-0.0105,8.87177306820365e-06
10,93,1,0.008,-0.002,9.464444713723877e-06
10,94,1,0.024,0.007500000000000001,9.895177086152468e-06
10,95,1,0.019,0.011,1.0156600235175606e-05
11,0,-1,0.042,0.021500000000000002,4.381580262445455e-06
11,1,1,-0.028,-0.0175,4.344095235898457e-06
11,2,1,0.005,0.005,4.232281535454499e-06
11,3,-1,0.035,0.009000000000000001,4.048052324528788e-06
11,4,1,-0.008,-0.0145,3.794559815998252e-06
11,5,-1,-0.031,-0.0005000000000000004,3.476141336965249e-06
11,6,1,0.016,0.004,3.098245115888314e-06
11,7,-1,-0.024,-0.0135,2.6673370618827006e-06
11,8,1,-0.006,0.014000000000000002,2.190790131222728e-06
11,9,-1,0.018,0.0034999999999999996,1.6767581740157579e-06
11,10,1,0.032,0.0055,1.1340364195661858e-06
11,11,1,0.005,-0.0035,5.7191098756354e-07
11,12,-1,0.023,0.020499999999999997,2.6829441218055232e-22
11,13,1,0.015,0.0045,-5.719109875635387e-07
11,14,-1,-0.026,-0.0305,-1.1340364195661843e-06
11,15,-1,0.006,0.013500000000000002,-1.6767581740157564e-06
11,16,1,-0.015,-0.0165,-2.1907901312227266e-06
11,17,1,0.009,-0.009500000000000001,-2.667337061882699e-06
11,18,1,0.009,0.012,-3.0982451158883136e-06
11,19,1,-0.022,-0.008499999999999999,-3.476141336965248e-06
11,20,-1,0.002,0.0125,-3.794559815998251e-06
11,21,-1,-0.003,-0.0085,-4.048052324528788e-06
11,22,1,0.007,0.0195,-4.232281535454498e-06
11,23,-1,0.04,0.019,-4.344095235898457e-06
11,24,1,0.013,0.013999999999999999,-4.381580262445455e-06
11,25,-1,-0.025,0.0034999999999999996,-4.344095235898458e-06
11,26,1,-0.007,-0.012,-4.232281535454499e-06
11,27,1,-0.039,-0.027,-4.048052324528789e-06
11,28,1,-0.022,-0.015,-3.7945598159982526e-06
11,29,1,0.004,-0.003,-3.4761413369652496e-06
11,30,-1,-0.013,0.012,-3.0982451158883153e-06
11,31,1,-0.007,-0.0295,-2.6673370618827014e-06
11,32,-1,-0.031,0.008,-2.1907901312227296e-06
11,33,-1,-0.011,0.0,-1.67675817401576e-06
11,34,1,0.0,0.0095,-1.1340364195661883e-06
11,35,-1,-0.01,-0.009000000000000001,-5.719109875635434e-07
11,36,-1,0.015,0.0135,-8.048832365416568e-22
11,37,-1,-0.009,0.009500000000000001,5.719109875635381e-07
11,38,1,0.037,0.013,1.134036419566183e-06
11,39,1,-0.013,-0.0055,1.676758174015755e-06
11,40,1,0.024,-0.0009999999999999992,2.1907901312227245e-06
11,41,1,0.025,0.0085,2.667337061882697e-06
11,42,-1,-0.019,-0.008,3.098245115888313e-06
11,43,1,-0.011,0.003000000000000001,3.4761413369652475e-06
11,44,1,-0.001,-0.0035,3.7945598159982504e-06
11,45,-1,0.007,0.018000000000000002,4.048052324528787e-06
11,46,1,-0.029,-0.0205,4.232281535454498e-06
11,47,1,-0.03,-0.025500000000000002,4.344095235898457e-06
11,48,-1,0.008,-0.0055,4.381580262445455e-06
11,49,1,0.034,0.021,4.344095235898458e-06
11,50,1,-0.06,-0.034999999999999996,4.232281535454499e-06
11,51,-1,-0.004,-0.011,4.04805232452879e-06
11,52,-1,0.03,0.03,3.7945598159982534e-06
11,53,1,-0.002,-0.0065,3.4761413369652513e-06
11,54,-1,-0.032,-0.005000000000000001,3.0982451158883174e-06
11,55,-1,0.055,0.0195,2.667337061882702e-06
11,56,-1,0.016,0.019,2.19079013122273e-06
11,57,-1,-0.023,0.012,1.6767581740157604e-06
11,58,-1,0.007,0.008,1.1340364195661887e-06
11,59,1,0.05,0.0235,5.719109875635441e-07
11,60,1,0.044,0.0034999999999999996,5.2330970941908254e-21
11,61,1,0.003,0.006999999999999999,-5.719109875635375e-07
11,62,-1,0.023,0.013,-1.1340364195661824e-06
11,63,1,0.042,-0.005999999999999998,-1.6767581740157509e-06
11,64,-1,-0.016,0.0009999999999999992,-2.190790131222724e-06
11,65,1,0.021,-0.007999999999999998,-2.6673370618826997e-06
11,66,-1,0.009,0.0155,-3.0982451158883102e-06
11,67,-1,0.012,0.0075,-3.476141336965247e-06
11,68,-1,-0.005,0.0135,-3.7945598159982487e-06
11,69,1,0.017,0.0015000000000000005,-4.048052324528786e-06
11,70,1,0.035,0.015500000000000002,-4.232281535454497e-06
11,71,-1,0.024,0.0125,-4.344095235898457e-06
11,72,-1,-0.004,-0.007,-4.381580262445455e-06
11,73,-1,0.001,0.0095,-4.344095235898459e-06
11,74,1,0.012,0.008,-4.232281535454499e-06
11,75,-1,-0.009,-0.008,-4.0480523245287905e-06
11,76,-1,0.022,0.0024999999999999988,-3.794559815998254e-06
11,77,-1,-0.024,-0.004,-3.476141336965249e-06
11,78,1,-0.029,0.003000000000000001,-3.098245115888318e-06
11,79,1,-0.044,-0.017499999999999998,-2.6673370618827023e-06
11,80,-1,-0.016,-0.0095,-2.1907901312227334e-06
11,81,1,-0.005,0.001,-1.676758174015761e-06
11,82,1,0.0,-0.007,-1.134036419566193e-06
11,83,1,0.021,-0.006,-5.719109875635446e-07
11,84,-1,0.005,0.0055,-1.878060885263866e-21
11,85,-1,0.004,0.0135,5.719109875635332e-07
11,86,1,-0.027,-0.0245,1.134036419566182e-06
11,87,1,-0.004,0.0005,1.6767581740157502e-06
11,88,-1,0.032,0.008,2.1907901312227237e-06
11,89,1,0.014,0.014499999999999999,2.667337061882693e-06
11,90,1,-0.024,-0.0010000000000000009,3.0982451158883094e-06
11,91,-1,0.023,0.022,3.476141336965247e-06
11,92,1,0.005,-0.012,3.7945598159982483e-06
11,93,1,0.049,0.021,4.048052324528786e-06
11,94,-1,0.02,-0.0055,4.2322815354544964e-06
11,95,1,0.049,0.035500000000000004,4.344095235898457e-06
12,0,1,0.001,0.018000000000000002,1.8740524883390681e-06
12,1,1,-0.007,0.0015,1.8580197095085718e-06
12,2,-1,0.01,0.012,1.8101956983079989e-06
12,3,1,-0.003,0.0045000000000000005,1.731398736828312e-06
12,4,1,0.035,0.023,1.6229770629270735e-06
12,5,-1,0.019,-0.003000000000000001,1.486785801504901e-06
12,6,1,-0.018,-0.009999999999999998,1.3251552228040784e-06
12,7,1,0.023,-0.002,1.14085087083864e-06
12,8,-1,-0.05,-0.02,9.370262441695343e-07
12,9,-1,-0.011,-0.0315,7.17168838669932e-07
12,10,1,0.002,0.005,4.85040475503921e-07
12,11,1,-0.012,-0.006,2.4461293532341144e-07
12,12,-1,0.015,0.0045,1.147526190639286e-22
12,13,1,0.003,0.0055,-2.446129353234108e-07
12,14,1,-0.005,-0.006500000000000001,-4.850404755039203e-07
12,15,-1,-0.002,0.016,-7.171688386699315e-07
12,16,1,0.016,0.005,-9.370262441695338e-07
12,17,1,-0.034,-0.004000000000000002,-1.1408508708386393e-06
12,18,-1,0.013,0.008,-1.3251552228040782e-06
12,19,-1,0.024,0.026500000000000003,-1.4867858015049006e-06
12,20,1,0.007,0.0045000000000000005,-1.622977062927073e-06
12,21,-1,0.021,-0.007000000000000001,-1.731398736828312e-06
12,22,1,0.043,0.017499999999999998,-1.8101956983079987e-06
12,23,1,0.003,0.0155,-1.8580197095085718e-06
12,24,1,0.023,0.01,-1.8740524883390681e-06
12,25,-1,-0.014,-0.005,-1.858019709508572e-06
12,26,-1,-0.044,-0.024999999999999998,-1.810195698307999e-06
12,27,-1,0.003,0.0055,-1.7313987368283124e-06
12,28,-1,0.018,0.0325,-1.6229770629270737e-06
12,29,1,-0.016,-0.027,-1.4867858015049013e-06
12,30,1,-0.027,-0.004,-1.325155222804079e-06
12,31,1,-0.006,-0.0085,-1.1408508708386404e-06
12,32,-1,-0.004,0.006999999999999999,-9.370262441695349e-07
12,33,1,-0.032,-0.0025000000000000005,-7.17168838669933e-07
12,34,1,0.001,0.0025,-4.850404755039219e-07
12,35,1,-0.005,0.0035,-2.4461293532341287e-07
12,36,-1,-0.017,0.004499999999999999,-3.442578571917858e-22
12,37,-1,-0.025,-0.016,2.446129353234106e-07
12,38,1,-0.012,0.0014999999999999996,4.850404755039197e-07
12,39,-1,0.029,-0.0069999999999999975,7.171688386699309e-07
12,40,-1,-0.006,-0.0115,9.370262441695328e-07
12,41,1,0.049,0.0305,1.1408508708386385e-06
12,42,-1,0.005,0.014,1.325155222804078e-06
12,43,-1,-0.029,-0.013000000000000001,1.4867858015049004e-06
12,44,-1,-0.011,-0.015,1.6229770629270729e-06
12,45,-1,0.001,0.001,1.7313987368283115e-06
12,46,-1,0.01,-0.001,1.8101956983079984e-06
12,47,-1,0.021,0.0005000000000000004,1.8580197095085716e-06
12,48,-1,0.04,0.013500000000000002,1.8740524883390681e-06
12,49,1,-0.01,-0.0115,1.858019709508572e-06
12,50,1,0.036,0.0014999999999999979,1.810195698307999e-06
12,51,1,0.018,0.0195,1.7313987368283126e-06
12,52,-1,0.064,0.018500000000000003,1.6229770629270741e-06
12,53,-1,-0.004,0.01,1.4867858015049019e-06
12,54,-1,-0.03,-0.0095,1.32515522280408e-06
12,55,-1,0.0,-0.004,1.1408508708386406e-06
12,56,-1,-0.011,-0.0019999999999999996,9.370262441695351e-07
12,57,1,-0.047,-0.0195,7.171688386699332e-07
12,58,-1,0.03,0.010499999999999999,4.850404755039221e-07
12,59,1,0.01,0.004,2.4461293532341314e-07
12,60,-1,-0.008,0.0014999999999999996,2.2382560728477238e-21
12,61,1,0.008,0.0085,-2.4461293532341033e-07
12,62,-1,-0.015,-0.002,-4.850404755039195e-07
12,63,-1,-0.006,-0.0025,-7.171688386699291e-07
12,64,-1,0.015,-0.0014999999999999996,-9.370262441695326e-07
12,65,-1,-0.012,-0.011,-1.1408508708386397e-06
12,66,-1,0.029,0.002,-1.3251552228040768e-06
12,67,-1,-0.01,-0.0205,-1.4867858015049002e-06
12,68,1,0.011,0.0115,-1.6229770629270722e-06
12,69,1,-0.002,-0.013000000000000001,-1.7313987368283113e-06
12,70,-1,-0.012,-0.025,-1.810195698307998e-06
12,71,-1,-0.016,0.0055,-1.8580197095085716e-06
12,72,-1,0.026,0.017,-1.8740524883390681e-06
12,73,1,0.004,0.019000000000000003,-1.8580197095085722e-06
12,74,-1,0.017,0.012,-1.810195698307999e-06
12,75,1,0.023,0.020999999999999998,-1.7313987368283132e-06
12,76,1,-0.003,0.0095,-1.6229770629270744e-06
12,77,1,-0.015,-0.0024999999999999996,-1.486785801504901e-06
12,78,-1,-0.038,-0.0024999999999999988,-1.3251552228040801e-06
12,79,-1,0.011,0.0085,-1.1408508708386408e-06
12,80,-1,0.014,0.014499999999999999,-9.370262441695366e-07
12,81,1,-0.007,0.0015,-7.171688386699334e-07
12,82,1,0.001,0.004,-4.850404755039239e-07
12,83,1,0.006,0.010499999999999999,-2.4461293532341335e-07
12,84,1,0.004,-0.0085,-8.032683334475002e-22
12,85,-1,0.031,0.026000000000000002,2.446129353234085e-07
12,86,-1,-0.004,-0.0005,4.850404755039193e-07
12,87,-1,-0.029,-0.006500000000000001,7.171688386699289e-07
12,88,1,0.037,0.013,9.370262441695324e-07
12,89,1,0.004,-0.0045,1.1408508708386368e-06
12,90,1,0.0,-0.0075,1.3251552228040765e-06
12,91,-1,-0.006,0.013500000000000002,1.4867858015049002e-06
12,92,-1,0.015,-0.011,1.622977062927072e-06
12,93,-1,0.011,0.016,1.7313987368283113e-06
12,94,-1,0.024,0.014,1.8101956983079978e-06
12,95,1,0.025,0.009500000000000001,1.8580197095085716e-06
13,0,-1,0.025,0.023,8.015538957831824e-07
13,1,-1,0.037,0.008499999999999999,7.946964910883948e-07
13,2,1,-0.007,-0.019,7.742416090995921e-07
13,3,1,0.037,0.009999999999999998,7.405392385187672e-07
13,4,1,-0.015,-0.009,6.941660362506204e-07
13,5,1,0.002,-0.0155,6.359154606430404e-07
13,6,1,0.004,-0.0015,5.667841951947835e-07
13,7,-1,-0.007,-0.0015,4.879550950244772e-07
13,8,-1,0.02,0.0205,4.007769478915913e-07
13,9,-1,-0.01,-0.0015,3.0674139606391773e-07
13,10,1,0.03,0.013,2.0745741390480887e-07
13,11,1,0.021,0.007000000000000001,1.0462377787572695e-07
13,12,-1,-0.031,-0.018,4.908102064074827e-23
13,13,1,0.018,0.0,-1.0462377787572669e-07
13,14,1,-0.037,-0.004999999999999999,-2.0745741390480858e-07
13,15,1,0.022,-0.0045000000000000005,-3.0674139606391746e-07
13,16,-1,-0.013,-0.0085,-4.00776947891591e-07
13,17,-1,-0.015,-0.0245,-4.87955095024477e-07
13,18,-1,-0.029,0.003000000000000001,-5.667841951947833e-07
13,19,-1,-0.018,-0.020499999999999997,-6.359154606430402e-07
13,20,1,0.004,0.018500000000000003,-6.941660362506202e-07
13,21,1,0.034,0.022000000000000002,-7.405392385187672e-07
13,22,-1,-0.026,-0.004,-7.742416090995921e-07
13,23,-1,-0.019,-0.0055,-7.946964910883948e-07
13,24,-1,0.026,0.028999999999999998,-8.015538957831824e-07
13,25,1,-0.016,-0.0085,-7.94696491088395e-07
13,26,1,-0.016,0.006,-7.742416090995922e-07
13,27,-1,-0.021,-0.009000000000000001,-7.405392385187673e-07
13,28,1,-0.026,-0.019,-6.941660362506205e-07
13,29,1,0.029,0.029,-6.359154606430405e-07
13,30,1,-0.035,-0.008500000000000002,-5.667841951947838e-07
13,31,-1,0.006,0.01,-4.879550950244774e-07
13,32,-1,-0.003,0.006500000000000001,-4.0077694789159155e-07
13,33,-1,0.028,-0.004499999999999999,-3.0674139606391815e-07
13,34,1,0.051,0.0185,-2.074574139048093e-07
13,35,-1,-0.015,0.0,-1.0462377787572757e-07
13,36,-1,-0.055,-0.042499999999999996,-1.472430619222448e-22
13,37,-1,0.027,0.0085,1.0462377787572661e-07
13,38,-1,0.012,0.011,2.0745741390480832e-07
13,39,1,0.017,0.004000000000000001,3.067413960639172e-07
13,40,-1,-0.031,-0.0045000000000000005,4.0077694789159065e-07
13,41,1,0.014,0.008,4.879550950244766e-07
13,42,1,-0.024,0.002,5.667841951947833e-07
13,43,-1,-0.032,-0.018000000000000002,6.359154606430402e-07
13,44,-1,0.005,0.011000000000000001,6.941660362506201e-07
13,45,-1,-0.002,0.010499999999999999,7.40539238518767e-07
13,46,-1,-0.022,-0.016,7.74241609099592e-07
13,47,1,-0.025,-0.027000000000000003,7.946964910883948e-07
13,48,-1,0.025,0.025500000000000002,8.015538957831824e-07
13,49,1,0.004,-0.001,7.94696491088395e-07
13,50,1,0.015,0.022,7.742416090995922e-07
13,51,-1,0.031,0.0095,7.405392385187674e-07
13,52,-1,0.002,0.016,6.941660362506206e-07
13,53,-1,0.016,0.01,6.359154606430408e-07
13,54,-1,-0.004,-0.0035,5.667841951947841e-07
13,55,-1,0.009,0.0034999999999999996,4.879550950244775e-07
13,56,-1,0.017,0.009500000000000001,4.007769478915916e-07
13,57,-1,0.005,-0.004,3.067413960639182e-07
13,58,-1,0.008,-0.0034999999999999996,2.074574139048094e-07
13,59,1,-0.021,-0.0085,1.0462377787572769e-07
13,60,1,-0.001,0.001,9.57327975664927e-22
13,61,-1,0.008,0.004,-1.0462377787572649e-07
13,62,1,-0.019,-0.022,-2.0745741390480824e-07
13,63,1,0.04,0.011000000000000001,-3.0674139606391646e-07
13,64,1,0.022,0.0155,-4.0077694789159054e-07
13,65,1,-0.02,-0.0025000000000000005,-4.879550950244771e-07
13,66,-1,0.006,-0.004,-5.667841951947828e-07
13,67,1,-0.002,0.006,-6.359154606430401e-07
13,68,1,-0.023,-0.0165,-6.941660362506198e-07
13,69,1,0.02,0.0175,-7.405392385187669e-07
13,70,-1,0.0,0.0145,-7.742416090995918e-07
13,71,-1,0.006,0.0205,-7.946964910883948e-07
13,72,-1,0.004,-0.0055,-8.015538957831824e-07
13,73,-1,-0.027,-0.004999999999999999,-7.946964910883951e-07
13,74,-1,0.011,0.017,-7.742416090995922e-07
13,75,1,0.023,0.0065,-7.405392385187677e-07
13,76,1,-0.003,0.0015,-6.941660362506207e-07
13,77,-1,0.009,-0.009500000000000001,-6.359154606430404e-07
13,78,-1,0.002,-0.0034999999999999996,-5.667841951947842e-07
13,79,1,-0.01,-0.011,-4.879550950244776e-07
13,80,-1,-0.008,-0.008,-4.0077694789159224e-07
13,81,1,-0.015,-0.008,-3.067413960639183e-07
13,82,1,-0.024,-0.027,-2.0745741390481014e-07
13,83,1,0.022,-0.014499999999999999,-1.0462377787572779e-07
13,84,1,0.009,-0.005,-3.435671444852379e-22
13,85,1,0.016,0.026,1.046237778757257e-07
13,86,-1,-0.012,-0.012,2.0745741390480816e-07
13,87,1,-0.027,-0.017,3.0674139606391635e-07
13,88,-1,0.039,0.0205,4.007769478915905e-07
13,89,1,-0.025,-0.011000000000000001,4.87955095024476e-07
13,90,-1,-0.012,0.011999999999999999,5.667841951947827e-07
13,91,1,0.033,0.012,6.359154606430401e-07
13,92,-1,-0.015,0.007000000000000001,6.941660362506197e-07
13,93,1,0.013,0.008,7.405392385187669e-07
13,94,1,0.046,-0.006499999999999999,7.742416090995917e-07
13,95,-1,0.014,0.011,7.946964910883948e-07
14,0,-1,0.03,0.025500000000000002,3.4283385969334324e-07
14,1,1,0.022,0.0155,3.399008684979151e-07
14,2,1,0.022,-0.0010000000000000009,3.3115207920416307e-07
14,3,1,0.029,-0.0175,3.16737186022526e-07
14,4,1,0.01,0.0195,2.9690283177190517e-07
14,5,-1,0.025,0.0015000000000000013,2.7198838775265057e-07
14,6,-1,-0.019,0.008499999999999999,2.424201470095204e-07
14,7,1,0.03,-0.006499999999999999,2.0870403033949487e-07
14,8,-1,-0.008,0.0155,1.7141692984667165e-07
14,9,-1,-0.005,0.0045000000000000005,1.3119683815842023e-07
14,10,-1,0.017,0.024,8.873193219464275e-08
14,11,-1,0.051,0.012999999999999998,4.474879826987556e-08
14,12,-1,-0.056,-0.0325,2.099251944563928e-23
14,13,-1,0.023,-0.0014999999999999996,-4.4748798269875445e-08
14,14,1,-0.001,0.001,-8.873193219464263e-08
14,15,-1,0.039,0.022,-1.311968381584201e-07
14,16,1,-0.018,0.011000000000000001,-1.7141692984667157e-07
14,17,1,-0.021,-0.014,-2.0870403033949477e-07
14,18,-1,0.052,0.011499999999999998,-2.4242014700952036e-07
14,19,-1,-0.044,-0.023,-2.7198838775265046e-07
14,20,1,-0.01,0.005,-2.969028317719051e-07
14,21,1,0.015,0.0034999999999999996,-3.16737186022526e-07
14,22,-1,0.018,0.009999999999999998,-3.31152079204163e-07
14,23,1,-0.017,-0.0325,-3.399008684979151e-07
14,24,1,0.012,0.0005000000000000004,-3.4283385969334324e-07
14,25,1,-0.019,-0.0065,-3.399008684979151e-07
14,26,-1,-0.024,-0.0105,-3.311520792041631e-07
14,27,1,0.017,0.0235,-3.167371860225261e-07
14,28,-1,0.037,0.027999999999999997,-2.969028317719052e-07
14,29,-1,0.018,0.012,-2.7198838775265057e-07
14,30,1,-0.028,-0.019,-2.424201470095205e-07
14,31,1,0.024,0.0014999999999999996,-2.0870403033949495e-07
14,32,1,0.001,0.029500000000000002,-1.7141692984667178e-07
14,33,-1,0.007,-0.0115,-1.311968381584204e-07
14,34,-1,0.005,-0.0055,-8.873193219464294e-08
14,35,-1,-0.044,-0.023,-4.474879826987583e-08
14,36,-1,-0.005,0.014,-6.297755833691783e-23
14,37,1,-0.016,-0.0015000000000000005,4.4748798269875405e-08
14,38,1,-0.03,-0.013999999999999999,8.873193219464251e-08
14,39,1,0.009,0.0305,1.3119683815842e-07
14,40,1,0.035,0.016,1.7141692984667138e-07
14,41,-1,0.01,-0.0014999999999999996,2.087040303394946e-07
14,42,-1,-0.025,-0.013000000000000001,2.4242014700952036e-07
14,43,-1,-0.026,-0.02,2.7198838775265046e-07
14,44,-1,-0.003,0.0125,2.9690283177190506e-07
14,45,1,0.025,0.008,3.1673718602252597e-07
14,46,-1,-0.01,0.009500000000000001,3.31152079204163e-07
14,47,-1,-0.018,-0.016,3.39900868497915e-07
14,48,1,0.019,0.0045,3.4283385969334324e-07
14,49,1,-0.02,-0.0075,3.399008684979151e-07
14,50,-1,0.003,-0.020499999999999997,3.311520792041631e-07
14,51,1,-0.008,-0.0135,3.167371860225261e-07
14,52,1,0.031,0.0185,2.969028317719053e-07
14,53,1,-0.006,-0.004,2.7198838775265073e-07
14,54,1,-0.022,0.0155,2.424201470095207e-07
14,55,-1,-0.024,-0.007500000000000001,2.0870403033949498e-07
14,56,-1,0.002,-0.010499999999999999,1.714169298466718e-07
14,57,1,0.015,0.001,1.3119683815842041e-07
14,58,-1,-0.015,-0.002,8.873193219464298e-08
14,59,1,0.013,-0.007,4.4748798269875875e-08
14,60,-1,0.023,0.018,4.0946023295032447e-22
14,61,-1,0.031,0.008,-4.474879826987536e-08
14,62,-1,-0.007,-0.0055,-8.873193219464248e-08
14,63,1,0.03,0.0135,-1.3119683815841967e-07
14,64,-1,-0.025,-0.004,-1.7141692984667136e-07
14,65,1,-0.007,-0.008,-2.0870403033949482e-07
14,66,-1,0.008,0.0155,-2.424201470095201e-07
14,67,1,0.027,0.0045000000000000005,-2.719883877526504e-07
14,68,-1,-0.01,0.009999999999999998,-2.969028317719049e-07
14,69,-1,0.0,-0.0015,-3.167371860225259e-07
14,70,1,-0.003,-0.004,-3.311520792041629e-07
14,71,-1,0.011,0.0115,-3.39900868497915e-07
14,72,1,0.015,0.001,-3.4283385969334324e-07
14,73,1,0.056,0.03,-3.3990086849791513e-07
14,74,-1,0.036,0.009,-3.311520792041631e-07
14,75,1,0.018,-0.0010000000000000009,-3.1673718602252623e-07
14,76,1,0.007,-0.012,-2.969028317719053e-07
14,77,1,-0.023,0.005500000000000001,-2.7198838775265057e-07
14,78,1,-0.001,0.0025,-2.4242014700952073e-07
14,79,1,-0.029,-0.013000000000000001,-2.0870403033949503e-07
14,80,-1,0.053,0.020999999999999998,-1.7141692984667207e-07
14,81,-1,0.01,-0.013499999999999998,-1.3119683815842047e-07
14,82,-1,0.015,0.0085,-8.87319321946433e-08
14,83,-1,0.019,-0.008000000000000002,-4.474879826987591e-08
14,84,1,-0.02,-0.0095,-1.4694763611947496e-22
14,85,-1,0.031,0.036000000000000004,4.4748798269875015e-08
14,86,1,0.006,0.0045000000000000005,8.873193219464245e-08
14,87,1,0.027,-0.0095,1.3119683815841962e-07
14,88,1,-0.002,0.0025,1.714169298466713e-07
14,89,1,0.022,0.0245,2.087040303394943e-07
14,90,-1,-0.035,-0.005000000000000001,2.424201470095201e-07
14,91,1,0.03,0.009,2.719883877526504e-07
14,92,-1,0.033,0.006500000000000001,2.969028317719049e-07
14,93,1,0.037,-0.012,3.167371860225259e-07
14,94,-1,0.018,0.004999999999999999,3.311520792041629e-07
14,95,-1,-0.014,-0.001,3.39900868497915e-07
15,0,1,0.032,0.014,1.4663400174406708e-07
15,1,1,-0.022,-0.006999999999999999,1.4537952753183367e-07
15,2,1,0.014,0.008,1.4163756929671068e-07
15,3,-1,0.044,0.0195,1.354721529815679e-07
15,4,1,-0.007,0.005000000000000001,1.2698877056893378e-07
15,5,-1,0.004,0.0125,1.1633257508392644e-07
15,6,1,0.008,0.002,1.0368589698574988e-07
15,7,1,0.021,0.015,8.926512444298551e-08
15,8,1,0.015,-0.0025000000000000005,7.331700087203356e-08
15,9,-1,0.012,0.028999999999999998,5.611440308884816e-08
15,10,-1,-0.018,-0.0095,3.795167231096084e-08
15,11,1,-0.011,-0.018000000000000002,1.9139577897641497e-08
15,12,-1,0.003,-0.0055,8.978743044101958e-24
15,13,1,-0.009,0.0025000000000000005,-1.913957789764145e-08
15,14,1,-0.001,0.01,-3.7951672310960786e-08
15,15,-1,-0.007,-0.0095,-5.611440308884811e-08
15,16,1,-0.037,-0.012,-7.331700087203352e-08
15,17,-1,0.005,-0.012,-8.926512444298547e-08
15,18,-1,-0.04,-0.002999999999999999,-1.0368589698574986e-07
15,19,-1,0.011,0.011,-1.1633257508392641e-07
15,20,1,-0.002,0.0085,-1.2698877056893375e-07
15,21,-1,0.027,-0.007000000000000001,-1.354721529815679e-07
15,22,-1,0.007,0.002,-1.4163756929671068e-07
15,23,1,0.021,0.019000000000000003,-1.4537952753183367e-07
15,24,-1,-0.004,0.0125,-1.4663400174406708e-07
15,25,-1,-0.002,-0.001,-1.4537952753183367e-07
15,26,1,-0.008,0.003,-1.416375692967107e-07
15,27,-1,-0.019,0.0014999999999999996,-1.3547215298156794e-07
15,28,1,-0.015,-0.014499999999999999,-1.269887705689338e-07
15,29,-1,0.052,0.017499999999999998,-1.1633257508392645e-07
15,30,1,0.012,-0.0055,-1.0368589698574993e-07
15,31,-1,0.02,-0.0105,-8.926512444298555e-08
15,32,1,-0.002,-0.005,-7.331700087203361e-08
15,33,1,0.012,0.0115,-5.611440308884823e-08
15,34,1,0.007,-0.0045000000000000005,-3.795167231096092e-08
15,35,-1,-0.031,-0.035,-1.9139577897641613e-08
15,36,-1,0.002,0.018500000000000003,-2.693622913230587e-23
15,37,1,0.041,0.006,1.9139577897641434e-08
15,38,-1,0.002,0.016,3.795167231096074e-08
15,39,-1,0.022,0.027,5.6114403088848067e-08
15,40,-1,-0.045,-0.006999999999999999,7.331700087203345e-08
15,41,1,-0.008,-0.009000000000000001,8.92651244429854e-08
15,42,-1,-0.057,-0.0305,1.0368589698574985e-07
15,43,-1,0.004,-0.006,1.1633257508392639e-07
15,44,1,-0.003,0.007000000000000001,1.2698877056893373e-07
15,45,1,0.005,0.0055,1.3547215298156786e-07
15,46,1,-0.038,-0.0055,1.4163756929671065e-07
15,47,1,-0.006,0.005999999999999999,1.4537952753183364e-07
15,48,-1,-0.035,-0.025,1.4663400174406708e-07
15,49,1,0.017,0.0235,1.4537952753183367e-07
15,50,-1,-0.007,-0.0165,1.416375692967107e-07
15,51,1,0.018,0.006999999999999999,1.3547215298156796e-07
15,52,-1,0.016,0.007,1.2698877056893383e-07
15,53,-1,0.014,0.0195,1.1633257508392652e-07
15,54,1,0.012,0.003,1.0368589698575e-07
15,55,1,0.069,0.019000000000000003,8.926512444298556e-08
15,56,1,-0.015,-0.015,7.331700087203362e-08
15,57,-1,0.003,-0.0045000000000000005,5.611440308884825e-08
15,58,1,0.003,0.0115,3.795167231096093e-08
15,59,1,0.005,-0.0029999999999999996,1.9139577897641633e-08
15,60,-1,0.023,0.0065,1.751308711638607e-22
15,61,-1,-0.027,-0.017,-1.9139577897641414e-08
15,62,-1,0.029,0.009500000000000001,-3.795167231096072e-08
15,63,-1,-0.004,0.001,-5.611440308884793e-08
15,64,-1,-0.007,0.012,-7.331700087203342e-08
15,65,-1,0.016,0.032,-8.92651244429855e-08
15,66,1,0.0,0.014,-1.0368589698574975e-07
15,67,1,-0.014,-0.019,-1.1633257508392637e-07
15,68,1,0.005,0.017,-1.2698877056893367e-07
15,69,1,0.043,0.005499999999999998,-1.3547215298156786e-07
15,70,1,0.082,0.0285,-1.4163756929671062e-07
15,71,-1,0.031,0.014,-1.4537952753183364e-07
15,72,1,-0.038,-0.011,-1.4663400174406708e-07
15,73,1,0.004,0.003,-1.453795275318337e-07
15,74,1,0.025,0.0085,-1.416375692967107e-07
15,75,1,0.027,0.004,-1.35472152981568e-07
15,76,-1,0.045,0.026,-1.2698877056893386e-07
15,77,-1,0.01,0.0085,-1.1633257508392644e-07
15,78,1,0.003,0.014,-1.0368589698575001e-07
15,79,1,0.016,0.018000000000000002,-8.926512444298558e-08
15,80,1,0.003,0.0195,-7.331700087203374e-08
15,81,-1,0.023,0.008,-5.6114403088848265e-08
15,82,1,0.041,0.0205,-3.795167231096107e-08
15,83,-1,-0.011,-0.015,-1.913957789764165e-08
15,84,1,0.003,0.0005,-6.28512013087137e-23
15,85,-1,-0.013,-0.0024999999999999996,1.9139577897641265e-08
15,86,-1,0.008,0.0015,3.7951672310960707e-08
15,87,1,0.013,0.0029999999999999996,5.611440308884791e-08
15,88,-1,0.048,0.0235,7.331700087203341e-08
15,89,1,0.0,-0.0145,8.926512444298527e-08
15,90,-1,-0.012,-0.013000000000000001,1.0368589698574973e-07
15,91,1,0.007,0.0115,1.1633257508392637e-07
15,92,1,0.009,-0.0165,1.2698877056893365e-07
15,93,1,0.032,0.005000000000000001,1.3547215298156786e-07
15,94,-1,-0.003,-0.006999999999999999,1.416375692967106e-07
15,95,-1,0.02,0.018500000000000003,1.4537952753183364e-07
16,0,-1,-0.012,-0.002,6.271705626367152e-08
16,1,-1,0.015,0.035500000000000004,6.218050315310928e-08
16,2,1,-0.031,-0.02,6.05800243939049e-08
16,3,-1,0.012,0.014,5.7943004621364913e-08
16,4,1,0.006,0.0115,5.431456397491749e-08
16,5,1,0.003,-0.0075,4.975678608001714e-08
16,6,1,0.013,-0.0015000000000000005,4.434765578010037e-08
16,7,1,-0.004,-0.011,3.817972479429301e-08
16,8,1,0.009,0.010499999999999999,3.1358528131835766e-08
16,9,1,0.034,0.0075000000000000015,2.4000778358816275e-08
16,10,1,-0.004,0.0034999999999999996,1.6232368613804544e-08
16,11,1,0.012,0.0155,8.186218541347787e-09
16,12,-1,-0.015,-0.025,3.840312110262489e-24
16,13,1,0.042,0.011500000000000002,-8.186218541347766e-09
16,14,-1,0.028,0.0055,-1.6232368613804524e-08
16,15,-1,0.009,-0.0015000000000000005,-2.4000778358816252e-08
16,16,-1,-0.018,-0.0004999999999999987,-3.1358528131835746e-08
16,17,1,0.021,0.0015000000000000013,-3.817972479429299e-08
16,18,1,0.012,0.014,-4.4347655780100364e-08
16,19,-1,-0.023,-0.0135,-4.975678608001712e-08
16,20,-1,0.018,0.017,-5.4314563974917475e-08
16,21,1,0.038,0.0195,-5.7943004621364913e-08
16,22,-1,0.004,0.0005,-6.058002439390489e-08
16,23,1,-0.01,0.009500000000000001,-6.218050315310928e-08
16,24,-1,-0.008,-0.013,-6.271705626367152e-08
16,25,-1,0.013,-0.009000000000000001,-6.218050315310928e-08
16,26,-1,-0.028,-0.0045000000000000005,-6.05800243939049e-08
16,27,1,0.029,0.0085,-5.7943004621364927e-08
16,28,-1,-0.04,-0.0085,-5.4314563974917495e-08
16,29,1,0.0,-0.0155,-4.975678608001715e-08
16,30,-1,-0.021,-0.026000000000000002,-4.434765578010039e-08
16,31,-1,0.005,-0.009,-3.817972479429302e-08
16,32,1,-0.021,-0.009000000000000001,-3.1358528131835786e-08
16,33,1,-0.022,-0.0235,-2.4000778358816305e-08
16,34,-1,0.024,0.012,-1.623236861380458e-08
16,35,-1,-0.003,0.0145,-8.186218541347835e-09
16,36,-1,0.016,0.0025000000000000005,-1.1520936330787468e-23
16,37,1,0.007,0.003,8.18621854134776e-09
16,38,1,-0.016,-0.0055,1.62323686138045e-08
16,39,1,-0.012,0.0034999999999999996,2.4000778358816232e-08
16,40,-1,0.028,0.0105,3.135852813183572e-08
16,41,1,-0.007,-0.013,3.817972479429296e-08
16,42,-1,0.017,0.0115,4.434765578010036e-08
16,43,-1,-0.002,0.012,4.9756786080017116e-08
16,44,-1,-0.002,-0.0165,5.431456397491747e-08
16,45,1,0.001,0.0005,5.79430046213649e-08
16,46,1,-0.013,0.0055000000000000005,6.058002439390489e-08
16,47,-1,0.016,-0.0045000000000000005,6.218050315310927e-08
16,48,1,0.04,0.013000000000000001,6.271705626367152e-08
16,49,-1,0.004,0.004,6.218050315310928e-08
16,50,-1,-0.007,-0.0135,6.05800243939049e-08
16,51,-1,0.026,0.006999999999999999,5.794300462136493e-08
16,52,-1,0.019,-0.016,5.431456397491751e-08
16,53,-1,0.001,0.004999999999999999,4.9756786080017176e-08
16,54,-1,0.005,0.0025,4.434765578010042e-08
16,55,-1,0.013,-0.008,3.817972479429303e-08
16,56,1,0.05,0.021,3.135852813183579e-08
16,57,-1,0.001,-0.004999999999999999,2.400077835881631e-08
16,58,-1,0.011,-0.0045000000000000005,1.6232368613804587e-08
16,59,-1,0.033,0.007000000000000001,8.186218541347844e-09
16,60,1,0.05,0.017,7.490549647182406e-23
16,61,-1,-0.002,-0.0025,-8.186218541347751e-09
16,62,-1,0.003,0.002,-1.6232368613804494e-08
16,63,1,0.003,0.018000000000000002,-2.4000778358816173e-08
16,64,-1,0.016,0.005,-3.1358528131835713e-08
16,65,-1,0.022,0.0024999999999999988,-3.8179724794293e-08
16,66,1,0.011,0.011,-4.434765578010031e-08
16,67,1,-0.012,-0.013000000000000001,-4.975678608001711e-08
16,68,1,0.011,0.0075,-5.431456397491744e-08
16,69,1,0.054,0.0365,-5.794300462136489e-08
16,70,-1,0.026,0.004999999999999999,-6.058002439390487e-08
16,71,-1,0.033,-0.0019999999999999983,-6.218050315310927e-08
16,72,1,0.0,-0.012,-6.271705626367152e-08
16,73,1,-0.008,-0.013,-6.21805031531093e-08
16,74,1,0.055,0.024,-6.05800243939049e-08
16,75,-1,0.004,0.0095,-5.794300462136495e-08
16,76,1,0.026,0.0155,-5.4314563974917515e-08
16,77,1,0.032,0.015,-4.975678608001714e-08
16,78,1,0.028,0.0045000000000000005,-4.4347655780100424e-08
16,79,1,-0.003,0.0105,-3.8179724794293036e-08
16,80,1,0.021,0.0055000000000000005,-3.1358528131835846e-08
16,81,-1,0.041,0.013000000000000001,-2.4000778358816318e-08
16,82,1,0.01,0.015,-1.6232368613804646e-08
16,83,-1,0.024,0.0205,-8.186218541347852e-09
16,84,1,-0.017,-0.023,-2.688218477183742e-23
16,85,-1,0.006,0.0025,8.186218541347688e-09
16,86,1,0.008,0.005,1.6232368613804487e-08
16,87,1,-0.008,-0.006,2.4000778358816166e-08
16,88,-1,0.002,0.0,3.135852813183571e-08
16,89,-1,-0.014,0.010500000000000002,3.8179724794292904e-08
16,90,1,0.024,-0.002,4.4347655780100305e-08
16,91,1,0.022,0.006999999999999999,4.975678608001711e-08
16,92,-1,0.005,0.011000000000000001,5.4314563974917436e-08
16,93,-1,0.001,0.0135,5.794300462136489e-08
16,94,-1,-0.009,0.001,6.058002439390486e-08
16,95,1,0.023,0.007,6.218050315310927e-08
17,0,-1,-0.005,-0.0015,2.682480938661068e-08
17,1,1,-0.034,-0.03,2.6595319423687114e-08
17,2,1,0.028,0.006,2.5910776171808677e-08
17,3,-1,-0.015,0.002,2.4782892355806254e-08
17,4,-1,-0.013,0.004000000000000001,2.3230966380480116e-08
17,5,-1,-0.056,-0.013000000000000001,2.1281552129543265e-08
17,6,1,-0.003,0.0125,1.8968004621308966e-08
17,7,1,-0.04,-0.016,1.6329909295079662e-08
17,8,-1,-0.026,0.0075000000000000015,1.3412404693305344e-08
17,9,-1,0.021,0.009500000000000001,1.0265410128607455e-08
17,10,1,-0.019,-0.003,6.942771550499718e-09
17,11,1,0.003,-0.0005,3.5013402262629934e-09
17,12,-1,-0.001,-0.004999999999999999,1.6425458476525323e-24
17,13,-1,0.022,0.019999999999999997,-3.5013402262629843e-09
17,14,1,0.0,0.0035,-6.9427715504997086e-09
17,15,1,0.021,0.006000000000000001,-1.0265410128607447e-08
17,16,1,-0.013,-0.019,-1.3412404693305336e-08
17,17,1,-0.016,-0.001,-1.6329909295079652e-08
17,18,1,-0.009,0.003,-1.8968004621308963e-08
17,19,1,-0.032,-0.003000000000000001,-2.128155212954326e-08
17,20,-1,-0.019,-0.0125,-2.323096638048011e-08
17,21,-1,0.007,-0.0029999999999999996,-2.4782892355806254e-08
17,22,1,0.03,0.004,-2.5910776171808677e-08
17,23,1,-0.043,-0.012499999999999999,-2.6595319423687114e-08
17,24,-1,-0.013,-0.0014999999999999996,-2.682480938661068e-08
17,25,-1,-0.001,0.006,-2.6595319423687118e-08
17,26,-1,-0.03,-0.017499999999999998,-2.591077617180868e-08
17,27,-1,0.005,0.006999999999999999,-2.4782892355806258e-08
17,28,-1,-0.01,-0.0165,-2.323096638048012e-08
17,29,-1,-0.037,-0.0034999999999999996,-2.1281552129543268e-08
17,30,-1,-0.004,0.0045,-1.8968004621308976e-08
17,31,-1,0.026,0.011,-1.632990929507967e-08
17,32,-1,-0.022,0.003000000000000001,-1.3412404693305352e-08
17,33,-1,0.019,0.0185,-1.0265410128607469e-08
17,34,1,-0.039,-0.0375,-6.9427715504997326e-09
17,35,1,-0.017,-0.0025000000000000005,-3.501340226263014e-09
17,36,-1,-0.037,-0.010499999999999999,-4.9276375429575964e-24
17,37,1,0.018,-0.004,3.5013402262629814e-09
17,38,-1,-0.007,-0.008,6.9427715504996995e-09
17,39,-1,-0.001,-0.001,1.0265410128607437e-08
17,40,1,0.004,0.003,1.3412404693305322e-08
17,41,1,0.013,-0.0005000000000000004,1.6329909295079642e-08
17,42,1,0.018,0.016,1.896800462130896e-08
17,43,-1,0.03,-0.0034999999999999996,2.1281552129543258e-08
17,44,-1,-0.028,-0.019,2.3230966380480106e-08
17,45,-1,0.002,0.0025,2.4782892355806248e-08
17,46,-1,0.023,0.007,2.5910776171808673e-08
17,47,1,-0.02,-0.014,2.659531942368711e-08
17,48,1,-0.012,0.001,2.682480938661068e-08
17,49,1,-0.026,-0.011,2.6595319423687118e-08
17,50,-1,-0.004,0.011,2.591077617180868e-08
17,51,-1,0.003,0.017,2.478289235580626e-08
17,52,-1,0.004,-0.023,2.3230966380480126e-08
17,53,1,0.027,0.027,2.128155212954328e-08
17,54,-1,0.001,0.002,1.8968004621308986e-08
17,55,-1,0.027,0.002999999999999999,1.6329909295079672e-08
17,56,-1,0.024,-0.006999999999999999,1.3412404693305356e-08
17,57,-1,-0.003,-0.006500000000000001,1.0265410128607472e-08
17,58,1,0.051,0.0034999999999999996,6.942771550499735e-09
17,59,-1,-0.004,-0.0005,3.501340226263018e-09
17,60,1,0.01,-0.024999999999999998,3.2037946048019624e-23
17,61,-1,0.045,0.0235,-3.5013402262629777e-09
17,62,-1,0.015,0.0024999999999999996,-6.942771550499697e-09
17,63,1,-0.01,0.007,-1.0265410128607412e-08
17,64,1,0.026,0.009,-1.3412404693305319e-08
17,65,1,-0.007,-0.002,-1.632990929507966e-08
17,66,1,0.002,0.014499999999999999,-1.8968004621308943e-08
17,67,1,0.027,0.0165,-2.1281552129543255e-08
17,68,1,-0.009,0.007500000000000001,-2.3230966380480097e-08
17,69,1,0.024,0.0215,-2.4782892355806244e-08
17,70,1,0.011,-0.012000000000000002,-2.5910776171808667e-08
17,71,1,0.015,0.02,-2.659531942368711e-08
17,72,-1,-0.004,-0.0015,-2.682480938661068e-08
17,73,1,-0.019,-0.0045,-2.659531942368712e-08
17,74,1,0.015,0.017,-2.591077617180868e-08
17,75,-1,0.013,0.0125,-2.478289235580627e-08
17,76,1,-0.001,0.001,-2.323096638048013e-08
17,77,-1,0.0,0.011,-2.1281552129543265e-08
17,78,1,-0.008,0.006500000000000001,-1.896800462130899e-08
17,79,1,0.035,0.0075000000000000015,-1.6329909295079672e-08
17,80,-1,0.046,0.012,-1.3412404693305377e-08
17,81,1,0.001,-0.0025,-1.0265410128607475e-08
17,82,-1,0.053,0.0135,-6.942771550499761e-09
17,83,-1,-0.028,-0.0215,-3.5013402262630207e-09
17,84,1,-0.033,-0.021,-1.1497820933567726e-23
17,85,1,0.005,0.0105,3.501340226262951e-09
17,86,1,0.054,0.0185,6.942771550499694e-09
17,87,-1,-0.007,-0.0075,1.0265410128607409e-08
17,88,1,-0.006,0.0045,1.3412404693305317e-08
17,89,1,-0.008,-0.0015,1.6329909295079616e-08
17,90,-1,-0.002,0.009500000000000001,1.896800462130894e-08
17,91,1,0.049,0.0325,2.1281552129543255e-08
17,92,1,0.014,0.012,2.3230966380480093e-08
17,93,1,0.017,0.021,2.4782892355806244e-08
17,94,1,0.017,0.004000000000000001,2.5910776171808663e-08
17,95,-1,0.029,0.0025000000000000005,2.659531942368711e-08
18,0,-1,0.004,0.0065,1.1473280818583373e-08
18,1,1,0.006,0.0095,1.137512531068319e-08
18,2,1,-0.012,-0.003,1.1082338254936663e-08
18,3,-1,0.009,0.0004999999999999996,1.059992931904352e-08
18,4,1,-0.02,-0.003,9.936152653645921e-09
18,5,1,0.046,0.0155,9.102365661522478e-09
18,6,-1,-0.017,-0.008,8.112834669277847e-09
18,7,-1,-0.069,-0.014000000000000002,6.9844908265391585e-09
18,8,1,0.016,0.025,5.736640409291688e-09
18,9,-1,-0.041,-0.004,4.3906344841440325e-09
18,10,1,0.014,0.007,2.9695035856588186e-09
18,11,1,0.066,0.035500000000000004,1.4975636575210457e-09
18,12,-1,-0.017,-0.0010000000000000009,7.025358315098426e-25
18,13,-1,-0.002,0.0115,-1.4975636575210418e-09
18,14,1,-0.019,-0.0125,-2.969503585658815e-09
18,15,1,0.03,0.0135,-4.390634484144029e-09
18,16,1,-0.026,-0.013999999999999999,-5.736640409291685e-09
18,17,-1,-0.009,-0.013999999999999999,-6.984490826539154e-09
18,18,-1,0.028,-0.0005000000000000004,-8.112834669277845e-09
18,19,1,-0.026,-0.009,-9.102365661522475e-09
18,20,1,-0.019,0.0,-9.936152653645918e-09
18,21,1,0.07,0.035500000000000004,-1.059992931904352e-08
18,22,1,-0.023,-0.020499999999999997,-1.1082338254936661e-08
18,23,-1,0.017,0.013000000000000001,-1.137512531068319e-08
18,24,-1,-0.024,-0.02,-1.1473280818583373e-08
18,25,1,-0.019,-0.02,-1.1375125310683191e-08
18,26,-1,-0.03,-0.0115,-1.1082338254936664e-08
18,27,-1,0.02,0.018500000000000003,-1.0599929319043522e-08
18,28,1,-0.015,-0.0115,-9.936152653645923e-09
18,29,-1,0.034,0.007000000000000001,-9.102365661522478e-09
18,30,1,-0.008,-0.019,-8.11283466927785e-09
18,31,-1,0.007,0.012499999999999999,-6.984490826539161e-09
18,32,1,-0.034,-0.026500000000000003,-5.7366404092916916e-09
18,33,1,0.023,0.015,-4.390634484144038e-09
18,34,-1,0.015,0.0075,-2.9695035856588252e-09
18,35,-1,-0.005,0.0095,-1.4975636575210546e-09
18,36,-1,-0.011,-0.018000000000000002,-2.1076074945295276e-24
18,37,-1,0.006,0.0055,1.4975636575210405e-09
18,38,1,0.003,-0.0135,2.969503585658811e-09
18,39,-1,0.012,0.015,4.390634484144025e-09
18,40,-1,-0.003,-0.003,5.736640409291679e-09
18,41,1,-0.016,-0.0095,6.9844908265391494e-09
18,42,-1,0.027,0.0215,8.112834669277844e-09
18,43,1,-0.019,-0.01,9.102365661522473e-09
18,44,-1,0.007,0.004,9.936152653645918e-09
18,45,-1,0.0,0.0105,1.0599929319043517e-08
18,46,1,0.03,0.004999999999999999,1.1082338254936661e-08
18,47,1,-0.015,-0.0065,1.137512531068319e-08
18,48,-1,0.007,0.024,1.1473280818583373e-08
18,49,1,0.028,0.004,1.1375125310683191e-08
18,50,1,0.002,-0.013000000000000001,1.1082338254936664e-08
18,51,1,0.0,0.0025,1.0599929319043524e-08
18,52,-1,-0.011,-0.004,9.936152653645925e-09
18,53,1,0.035,0.021,9.102365661522483e-09
18,54,-1,-0.001,0.003,8.112834669277855e-09
18,55,1,0.0,-0.0025,6.984490826539163e-09
18,56,1,0.004,0.0095,5.736640409291693e-09
18,57,1,-0.035,-0.018000000000000002,4.39063448414404e-09
18,58,1,0.005,0.0005,2.9695035856588265e-09
18,59,1,-0.018,-0.008499999999999999,1.497563657521056e-09
18,60,1,0.013,0.0055,1.3702999583774352e-23
18,61,1,-0.037,-0.006999999999999999,-1.4975636575210389e-09
18,62,-1,0.017,0.007500000000000001,-2.96950358565881e-09
18,63,1,-0.016,-0.022,-4.390634484144014e-09
18,64,1,-0.012,-0.02,-5.7366404092916775e-09
18,65,1,0.001,-0.012,-6.984490826539157e-09
18,66,1,-0.02,-0.0135,-8.112834669277837e-09
18,67,-1,0.012,0.0095,-9.102365661522473e-09
18,68,1,0.025,0.0005000000000000004,-9.936152653645913e-09
18,69,-1,0.024,0.025,-1.0599929319043515e-08
18,70,1,0.006,0.0075,-1.1082338254936658e-08
18,71,-1,0.005,-0.0015,-1.137512531068319e-08
18,72,-1,0.01,0.001,-1.1473280818583373e-08
18,73,1,-0.005,-0.014,-1.1375125310683193e-08
18,74,-1,-0.005,-0.003,-1.1082338254936664e-08
18,75,1,-0.006,-0.009000000000000001,-1.0599929319043527e-08
18,76,1,0.01,0.0175,-9.936152653645926e-09
18,77,1,0.012,0.012,-9.102365661522478e-09
18,78,1,0.0,0.008,-8.112834669277857e-09
18,79,-1,0.001,0.0265,-6.9844908265391635e-09
18,80,-1,-0.024,-0.006,-5.7366404092917015e-09
18,81,-1,0.049,0.012,-4.3906344841440416e-09
18,82,1,0.017,0.0175,-2.9695035856588372e-09
18,83,1,0.004,0.012,-1.4975636575210575e-09
18,84,1,0.003,0.002,-4.917750820568898e-24
18,85,1,0.037,0.0005000000000000004,1.4975636575210275e-09
18,86,1,0.028,0.0005000000000000004,2.9695035856588087e-09
18,87,1,0.047,0.0175,4.3906344841440134e-09
18,88,1,0.025,0.013000000000000001,5.736640409291677e-09
18,89,1,0.012,0.0145,6.9844908265391395e-09
18,90,1,0.012,0.0295,8.112834669277835e-09
18,91,-1,-0.012,-0.0005000000000000004,9.102365661522473e-09
18,92,-1,-0.037,-0.0305,9.936152653645911e-09
18,93,1,0.008,0.013,1.0599929319043515e-08
18,94,1,0.058,0.027000000000000003,1.1082338254936656e-08
18,95,-1,0.034,0.042,1.137512531068319e-08
19,0,1,0.027,0.0215,4.907254729935861e-09
19,1,-1,-0.002,-0.006,4.865272485447235e-09
19,2,-1,0.023,0.035500000000000004,4.740044079824236e-09
19,3,-1,0.006,0.0045000000000000005,4.533712205806944e-09
19,4,1,0.037,0.013,4.249807258965801e-09
19,5,1,-0.001,0.0055,3.89318693165458e-09
19,6,1,0.013,0.0024999999999999996,3.469953096547408e-09
19,7,1,-0.038,-0.006999999999999999,2.9873474019055586e-09
19,8,1,-0.019,0.017,2.453627364967931e-09
19,9,-1,0.005,-0.016,1.8779250835416776e-09
19,10,1,0.027,0.0055,1.270090983276829e-09
19,11,1,0.001,0.009000000000000001,6.405252741523662e-10
19,12,-1,0.025,0.019,3.0048268988083307e-25
19,13,1,0.025,0.007500000000000001,-6.405252741523646e-10
19,14,-1,0.006,0.01,-1.2700909832768273e-09
19,15,1,-0.016,-0.023,-1.877925083541676e-09
19,16,1,0.023,-0.002,-2.45362736496793e-09
19,17,-1,-0.023,-0.0014999999999999996,-2.987347401905557e-09
19,18,-1,-0.023,0.016,-3.469953096547407e-09
19,19,1,-0.003,-0.003,-3.893186931654578e-09
19,20,1,0.016,-0.0014999999999999996,-4.2498072589658e-09
19,21,-1,0.023,0.010499999999999999,-4.533712205806944e-09
19,22,1,0.064,0.0305,-4.740044079824235e-09
19,23,1,-0.012,-0.007,-4.865272485447235e-09
19,24,1,-0.006,0.004,-4.907254729935861e-09
19,25,-1,-0.017,-0.0035000000000000005,-4.865272485447236e-09
19,26,1,-0.036,0.0005000000000000004,-4.740044079824237e-09
19,27,-1,-0.024,-0.0245,-4.5337122058069456e-09
19,28,-1,0.021,-0.004499999999999999,-4.249807258965801e-09
19,29,-1,-0.024,-0.026000000000000002,-3.89318693165458e-09
19,30,1,0.007,0.006500000000000001,-3.4699530965474095e-09
19,31,-1,0.026,0.0004999999999999987,-2.9873474019055595e-09
19,32,1,-0.003,0.004,-2.4536273649679328e-09
19,33,-1,-0.005,-0.0085,-1.87792508354168e-09
19,34,1,0.009,0.019,-1.2700909832768317e-09
19,35,-1,-0.033,-0.0195,-6.4052527415237e-10
19,36,-1,0.008,0.01,-9.014480696424993e-25
19,37,-1,-0.047,-0.0095,6.40525274152364e-10
19,38,-1,-0.016,-0.0085,1.2700909832768257e-09
19,39,1,-0.008,-0.0115,1.8779250835416742e-09
19,40,-1,0.005,0.006999999999999999,2.4536273649679274e-09
19,41,1,0.057,0.030000000000000002,2.987347401905555e-09
19,42,1,0.002,0.0,3.4699530965474066e-09
19,43,1,-0.002,-0.0005,3.893186931654578e-09
19,44,1,-0.01,-0.0265,4.2498072589658e-09
19,45,-1,0.013,0.021,4.533712205806943e-09
19,46,1,0.027,0.025,4.740044079824235e-09
19,47,-1,-0.019,0.0045000000000000005,4.8652724854472345e-09
19,48,1,0.015,-0.010000000000000002,4.907254729935861e-09
19,49,1,-0.063,-0.013000000000000001,4.865272485447236e-09
19,50,1,0.021,0.012,4.740044079824237e-09
19,51,1,-0.016,-0.0025000000000000005,4.5337122058069456e-09
19,52,-1,0.005,0.0135,4.249807258965803e-09
19,53,1,-0.006,-0.0025,3.893186931654582e-09
19,54,-1,-0.014,-0.0185,3.4699530965474116e-09
19,55,1,-0.001,0.0075,2.9873474019055603e-09
19,56,-1,-0.032,-0.0085,2.4536273649679336e-09
19,57,1,0.018,0.0024999999999999996,1.8779250835416804e-09
19,58,1,0.0,-0.008,1.2700909832768323e-09
19,59,-1,-0.005,-0.0025,6.405252741523707e-10
19,60,-1,-0.005,-0.006500000000000001,5.8609312005045635e-24
19,61,1,-0.03,-0.025,-6.405252741523633e-10
19,62,1,-0.003,-0.010499999999999999,-1.2700909832768253e-09
19,63,1,0.035,0.010500000000000002,-1.8779250835416697e-09
19,64,-1,0.018,-0.012499999999999999,-2.453627364967927e-09
19,65,1,-0.006,0.0065,-2.987347401905558e-09
19,66,1,0.035,0.025500000000000002,-3.4699530965474033e-09
19,67,-1,-0.004,0.002,-3.893186931654577e-09
19,68,1,-0.017,-0.008,-4.249807258965797e-09
19,69,-1,0.0,-0.003,-4.533712205806943e-09
19,70,1,0.009,0.0165,-4.740044079824233e-09
19,71,-1,-0.01,-0.016,-4.8652724854472345e-09
19,72,-1,-0.019,-0.006,-4.907254729935861e-09
19,73,1,0.049,0.0245,-4.865272485447236e-09
19,74,1,-0.041,-0.037000000000000005,-4.740044079824237e-09
19,75,1,0.014,-0.013000000000000001,-4.533712205806947e-09
19,76,1,-0.006,-0.015,-4.249807258965803e-09
19,77,-1,0.01,0.002,-3.89318693165458e-09
19,78,1,-0.015,-0.006,-3.469953096547412e-09
19,79,1,0.031,0.0165,-2.9873474019055607e-09
19,80,1,0.04,0.0175,-2.4536273649679373e-09
19,81,-1,-0.02,-0.0014999999999999996,-1.877925083541681e-09
19,82,1,0.008,0.013,-1.2700909832768368e-09
19,83,1,0.009,0.0019999999999999996,-6.405252741523713e-10
19,84,1,0.008,-0.009,-2.1033788291658317e-24
19,85,1,-0.018,-0.010499999999999999,6.405252741523585e-10
19,86,-1,-0.006,-0.0045000000000000005,1.2700909832768246e-09
19,87,-1,0.023,0.0185,1.877925083541669e-09
19,88,1,0.014,0.0005000000000000004,2.453627364967926e-09
19,89,1,-0.001,0.0275,2.9873474019055504e-09
19,90,1,-0.002,-0.006,3.469953096547403e-09
19,91,-1,-0.004,0.0135,3.893186931654577e-09
19,92,1,0.01,0.0045000000000000005,4.249807258965796e-09
19,93,1,0.035,-0.0024999999999999988,4.533712205806943e-09
19,94,1,0.017,0.0005000000000000004,4.740044079824233e-09
19,95,1,0.016,0.002,4.8652724854472345e-09
20,0,1,0.004,-0.0015,2.0988895299654335e-09
20,1,-1,-0.018,-0.013999999999999999,2.080933239075521e-09
20,2,1,-0.011,-0.008,2.0273716035213355e-09
20,3,-1,0.012,0.0045000000000000005,1.9391210777372992e-09
20,4,1,-0.001,-0.006999999999999999,1.8176916526872454e-09
20,5,1,-0.04,-0.002999999999999999,1.6651610195003774e-09
20,6,1,0.05,0.05,1.4841390196000036e-09
20,7,1,-0.032,-0.0014999999999999996,1.2777229895931993e-09
20,8,1,0.02,0.006500000000000001,1.049444764982717e-09
20,9,1,-0.01,0.0125,8.032102494823222e-10
20,10,-1,-0.018,0.0015000000000000013,5.432325839213325e-10
20,11,-1,0.002,-0.009500000000000001,2.739600582369222e-10
20,12,-1,-0.006,-0.006500000000000001,1.2851991723180305e-25
20,13,-1,0.004,0.0015,-2.7396005823692146e-10
20,14,1,0.008,0.0015,-5.432325839213319e-10
20,15,-1,-0.003,0.0085,-8.032102494823215e-10
20,16,1,0.01,-0.007,-1.0494447649827163e-09
20,17,1,0.015,0.004,-1.2777229895931987e-09
20,18,-1,0.005,0.0115,-1.4841390196000031e-09
20,19,1,-0.01,0.0035000000000000005,-1.665161019500377e-09
20,20,1,-0.037,-0.0055,-1.8176916526872448e-09
20,21,1,0.018,0.0235,-1.9391210777372992e-09
20,22,-1,0.001,0.0175,-2.0273716035213355e-09
20,23,-1,-0.027,-0.014499999999999999,-2.080933239075521e-09
20,24,1,0.021,0.0165,-2.0988895299654335e-09
20,25,1,-0.017,-0.006500000000000001,-2.0809332390755216e-09
20,26,-1,-0.025,-0.0025000000000000005,-2.027371603521336e-09
20,27,1,-0.008,-0.0005,-1.9391210777372996e-09
20,28,1,-0.002,-0.009000000000000001,-1.8176916526872456e-09
20,29,-1,-0.005,-0.006,-1.6651610195003776e-09
20,30,-1,-0.032,-0.0165,-1.4841390196000042e-09
20,31,-1,0.019,0.0014999999999999996,-1.2777229895931997e-09
20,32,1,-0.043,-0.020999999999999998,-1.0494447649827178e-09
20,33,1,0.004,0.007,-8.032102494823232e-10
20,34,-1,-0.017,-0.009000000000000001,-5.432325839213338e-10
20,35,-1,-0.019,-0.004,-2.739600582369238e-10
20,36,-1,0.015,0.012,-3.855597516954091e-25
20,37,-1,-0.032,-0.014,2.7396005823692125e-10
20,38,-1,-0.023,-0.0165,5.432325839213312e-10
20,39,1,-0.041,-0.006500000000000001,8.032102494823207e-10
20,40,-1,0.0,-0.003,1.0494447649827153e-09
20,41,-1,0.006,-0.010499999999999999,1.2777229895931976e-09
20,42,1,-0.006,0.021,1.484139019600003e-09
20,43,1,-0.011,0.003000000000000001,1.6651610195003768e-09
20,44,-1,0.021,0.007000000000000001,1.8176916526872446e-09
20,45,-1,0.005,-0.0095,1.939121077737299e-09
20,46,1,0.018,-0.0005000000000000004,2.027371603521335e-09
20,47,1,-0.015,-0.0085,2.080933239075521e-09
20,48,1,-0.026,-0.004999999999999999,2.0988895299654335e-09
20,49,-1,-0.016,-0.006500000000000001,2.0809332390755216e-09
20,50,1,0.018,-0.005500000000000001,2.027371603521336e-09
20,51,1,-0.035,-0.018500000000000003,1.9391210777372996e-09
20,52,1,-0.029,-0.002,1.817691652687246e-09
20,53,-1,0.016,0.003,1.6651610195003786e-09
20,54,-1,-0.033,-0.0195,1.4841390196000052e-09
20,55,1,-0.021,0.004,1.2777229895932001e-09
20,56,-1,-0.011,0.006,1.049444764982718e-09
20,57,1,0.008,0.0205,8.032102494823234e-10
20,58,1,0.034,0.005500000000000001,5.43232583921334e-10
20,59,1,0.048,0.0135,2.739600582369241e-10
20,60,1,0.006,0.0025,2.5067879720088527e-24
20,61,1,0.01,0.011,-2.7396005823692094e-10
20,62,-1,0.029,0.0155,-5.43232583921331e-10
20,63,1,-0.031,-0.037,-8.032102494823188e-10
20,64,-1,0.007,0.0085,-1.0494447649827151e-09
20,65,-1,-0.007,-0.0155,-1.277722989593199e-09
20,66,-1,0.022,-0.016,-1.4841390196000017e-09
20,67,1,-0.047,-0.0105,-1.6651610195003766e-09
20,68,1,-0.001,-0.018000000000000002,-1.8176916526872437e-09
20,69,1,0.011,0.010499999999999999,-1.9391210777372984e-09
20,70,-1,0.009,-0.019,-2.0273716035213346e-09
20,71,-1,-0.021,-0.01,-2.080933239075521e-09
20,72,-1,0.015,0.0085,-2.0988895299654335e-09
20,73,1,0.042,0.0010000000000000009,-2.0809332390755216e-09
20,74,1,0.007,-0.0029999999999999996,-2.027371603521336e-09
20,75,-1,0.035,0.008000000000000002,-1.9391210777373004e-09
20,76,1,-0.034,-0.029,-1.8176916526872462e-09
20,77,-1,0.029,0.0115,-1.6651610195003774e-09
20,78,1,0.018,0.016,-1.4841390196000054e-09
20,79,-1,0.02,0.0035000000000000005,-1.2777229895932003e-09
20,80,-1,-0.004,-0.016,-1.0494447649827197e-09
20,81,-1,0.032,0.008,-8.032102494823237e-10
20,82,1,0.024,0.0145,-5.432325839213359e-10
20,83,1,0.001,-0.014,-2.739600582369243e-10
20,84,1,-0.003,0.0105,-8.996394206226213e-25
20,85,-1,-0.016,-0.0155,2.739600582369188e-10
20,86,1,0.026,0.009,5.432325839213307e-10
20,87,-1,0.01,-0.011,8.032102494823186e-10
20,88,1,-0.034,-0.028,1.049444764982715e-09
20,89,1,0.024,0.006,1.2777229895931958e-09
20,90,-1,0.015,-0.0034999999999999996,1.4841390196000013e-09
20,91,1,0.005,0.0105,1.6651610195003766e-09
20,92,1,0.039,0.024,1.8176916526872435e-09
20,93,1,0.003,0.021500000000000002,1.9391210777372984e-09
20,94,1,-0.031,-0.0155,2.0273716035213342e-09
20,95,-1,0.007,-0.009000000000000001,2.080933239075521e-09
21,0,-1,0.028,0.027,8.977192955002966e-10
21,1,1,-0.019,-0.005,8.900391824798863e-10
21,2,1,0.011,-0.007000000000000001,8.671302522817642e-10
21,3,-1,-0.017,-0.014,8.293844830531756e-10
21,4,-1,-0.025,-0.006500000000000001,7.774477153707262e-10
21,5,-1,0.004,-0.0175,7.122086017290547e-10
21,6,-1,-0.015,-0.0165,6.347834014502698e-10
21,7,1,-0.036,-0.007999999999999998,5.464968811774625e-10
21,8,1,-0.003,0.0225,4.488596477501484e-10
21,9,1,0.004,-0.0005,3.4354230130242384e-10
21,10,-1,-0.014,0.0015000000000000005,2.323468508314946e-10
21,11,-1,0.028,0.023,1.171758813241211e-10
21,12,-1,0.017,0.019000000000000003,5.496945308836276e-26
21,13,1,-0.001,0.006999999999999999,-1.1717588132412082e-10
21,14,1,-0.006,-0.0165,-2.323468508314943e-10
21,15,1,-0.021,-0.0010000000000000009,-3.4354230130242353e-10
21,16,1,0.009,-0.0035000000000000005,-4.488596477501481e-10
21,17,-1,-0.018,0.0045000000000000005,-5.464968811774622e-10
21,18,1,-0.017,0.009499999999999998,-6.347834014502697e-10
21,19,-1,-0.041,-0.004,-7.122086017290545e-10
21,20,1,0.022,0.014499999999999999,-7.77447715370726e-10
21,21,-1,-0.002,0.011,-8.293844830531756e-10
21,22,-1,0.019,0.0009999999999999992,-8.671302522817641e-10
21,23,-1,-0.03,-0.010499999999999999,-8.900391824798863e-10
21,24,1,-0.037,-0.007999999999999998,-8.977192955002966e-10
21,25,1,0.026,-0.003000000000000001,-8.900391824798864e-10
21,26,-1,-0.036,-0.009,-8.671302522817643e-10
21,27,1,0.035,0.021,-8.293844830531758e-10
21,28,-1,0.014,0.014499999999999999,-7.774477153707263e-10
21,29,1,0.015,-0.0085,-7.122086017290548e-10
21,30,-1,-0.032,-0.021,-6.347834014502701e-10
21,31,-1,-0.032,-0.01,-5.464968811774627e-10
21,32,1,0.014,0.006500000000000001,-4.488596477501487e-10
21,33,-1,-0.028,-0.0085,-3.435423013024243e-10
21,34,-1,-0.008,0.002,-2.323468508314951e-10
21,35,-1,0.014,-0.007,-1.171758813241218e-10
21,36,-1,-0.019,-0.008,-1.6490835926508825e-25
21,37,-1,-0.01,-0.006500000000000001,1.1717588132412072e-10
21,38,1,-0.015,-0.0215,2.32346850831494e-10
21,39,-1,-0.043,-0.028499999999999998,3.435423013024232e-10
21,40,-1,0.012,0.0035,4.4885964775014766e-10
21,41,1,0.039,0.017,5.464968811774618e-10
21,42,-1,-0.02,-0.0225,6.347834014502696e-10
21,43,-1,-0.008,-0.0135,7.122086017290544e-10
21,44,-1,-0.015,-0.0115,7.774477153707259e-10
21,45,-1,-0.007,-0.0035,8.293844830531754e-10
21,46,1,0.0,-0.01,8.67130252281764e-10
21,47,-1,-0.029,-0.021500000000000002,8.900391824798862e-10
21,48,-1,-0.024,-0.029,8.977192955002966e-10
21,49,1,-0.022,-0.005999999999999999,8.900391824798864e-10
21,50,1,0.025,0.006500000000000001,8.671302522817643e-10
21,51,1,0.008,0.001,8.293844830531759e-10
21,52,-1,0.002,-0.0235,7.774477153707265e-10
21,53,1,0.01,0.010499999999999999,7.122086017290553e-10
21,54,1,-0.015,-0.0195,6.347834014502705e-10
21,55,-1,-0.03,-0.0135,5.464968811774628e-10
21,56,-1,-0.075,-0.0215,4.488596477501488e-10
21,57,-1,0.031,0.004,3.435423013024244e-10
21,58,1,0.007,0.007,2.323468508314952e-10
21,59,1,0.002,0.0155,1.1717588132412193e-10
21,60,-1,-0.004,-0.01,1.0721821706535768e-24
21,61,-1,-0.016,-0.0095,-1.1717588132412059e-10
21,62,1,0.014,0.0015000000000000005,-2.323468508314939e-10
21,63,1,-0.026,-0.0075,-3.435423013024224e-10
21,64,1,0.058,0.020000000000000004,-4.488596477501476e-10
21,65,-1,0.007,-0.01,-5.464968811774624e-10
21,66,-1,-0.004,-0.008,-6.34783401450269e-10
21,67,-1,0.031,0.0305,-7.122086017290543e-10
21,68,-1,0.008,0.004,-7.774477153707255e-10
21,69,1,0.025,-0.012999999999999998,-8.293844830531753e-10
21,70,1,0.038,0.014499999999999999,-8.671302522817638e-10
21,71,1,0.009,0.0115,-8.900391824798862e-10
21,72,-1,-0.029,0.008499999999999999,-8.977192955002966e-10
21,73,1,0.03,0.0135,-8.900391824798865e-10
21,74,-1,-0.008,-0.0075,-8.671302522817643e-10
21,75,1,0.031,0.015,-8.293844830531763e-10
21,76,-1,-0.003,-0.003,-7.774477153707265e-10
21,77,1,0.002,-0.015,-7.122086017290547e-10
21,78,-1,0.004,0.007,-6.347834014502706e-10
21,79,1,-0.002,0.007500000000000001,-5.464968811774629e-10
21,80,-1,0.012,-0.0135,-4.4885964775014947e-10
21,81,1,0.018,-0.0105,-3.4354230130242446e-10
21,82,-1,0.003,-0.023,-2.3234685083149605e-10
21,83,1,-0.003,-0.0055,-1.1717588132412203e-10
21,84,-1,0.039,-0.009000000000000001,-3.847861716185393e-25
21,85,1,0.018,0.001999999999999999,1.1717588132411968e-10
21,86,1,-0.002,-0.013999999999999999,2.323468508314938e-10
21,87,1,-0.03,-0.0034999999999999996,3.435423013024223e-10
21,88,-1,0.053,0.017,4.488596477501475e-10
21,89,1,-0.021,0.006,5.46496881177461e-10
21,90,1,0.004,0.0165,6.34783401450269e-10
21,91,1,0.009,-0.0115,7.122086017290543e-10
21,92,-1,0.028,0.0105,7.774477153707254e-10
21,93,1,0.036,-0.006500000000000002,8.293844830531753e-10
21,94,1,0.014,0.006,8.671302522817637e-10
21,95,-1,0.017,0.0175,8.900391824798862e-10
22,0,-1,0.03,0.0195,3.839649119250316e-10
22,1,1,-0.009,0.012,3.8068003887592027e-10
22,2,-1,0.014,0.0185,3.708816248171955e-10
22,3,-1,0.047,0.0125,3.547373233300356e-10
22,4,-1,0.008,0.027,3.3252336788893196e-10
22,5,-1,-0.015,-0.0014999999999999996,3.046198454303538e-10
22,6,1,-0.018,-0.018,2.7150419295988534e-10
22,7,1,-0.018,-0.0115,2.337430284726898e-10
22,8,1,0.004,0.0125,1.9198245596251586e-10
22,9,-1,0.023,0.007,1.4693701040323052e-10
22,10,-1,0.024,0.023,9.937743185731025e-11
22,11,1,-0.035,-0.013000000000000001,5.01174778996819e-11
22,12,-1,-0.001,-0.0025,2.3511070018694267e-26
22,13,1,0.0,0.002,-5.011747789968177e-11
22,14,1,-0.009,-0.017499999999999998,-9.937743185731012e-11
22,15,-1,0.004,0.004,-1.469370104032304e-10
22,16,-1,0.003,-0.012,-1.9198245596251576e-10
22,17,1,0.038,0.013999999999999999,-2.337430284726897e-10
22,18,1,-0.024,-0.0115,-2.715041929598853e-10
22,19,-1,-0.014,-0.013000000000000001,-3.046198454303537e-10
22,20,1,-0.004,-0.019999999999999997,-3.3252336788893186e-10
22,21,1,-0.011,-0.0225,-3.547373233300356e-10
22,22,-1,-0.01,0.0024999999999999996,-3.708816248171955e-10
22,23,-1,0.009,0.0085,-3.8068003887592027e-10
22,24,-1,0.015,0.0135,-3.839649119250316e-10
22,25,1,0.028,0.0165,-3.806800388759203e-10
22,26,1,0.013,0.023,-3.7088162481719553e-10
22,27,1,0.034,-0.004499999999999997,-3.547373233300357e-10
22,28,-1,-0.018,-0.015,-3.32523367888932e-10
22,29,-1,0.028,0.007,-3.0461984543035386e-10
22,30,-1,0.011,0.0,-2.715041929598855e-10
22,31,-1,0.013,-0.006000000000000001,-2.337430284726899e-10
22,32,1,-0.002,0.0015,-1.91982455962516e-10
22,33,-1,0.049,0.012,-1.469370104032307e-10
22,34,-1,0.018,-0.013,-9.937743185731045e-11
22,35,-1,-0.012,-0.014,-5.01174778996822e-11
22,36,-1,-0.007,0.009000000000000001,-7.05332100560828e-26
22,37,-1,0.037,0.032,5.0117477899681734e-11
22,38,-1,0.011,0.009,9.937743185730999e-11
22,39,1,-0.029,-0.0285,1.4693701040323026e-10
22,40,1,-0.008,-0.03,1.9198245596251555e-10
22,41,-1,0.024,-0.009499999999999998,2.337430284726895e-10
22,42,1,-0.009,-0.013999999999999999,2.7150419295988523e-10
22,43,1,-0.025,-0.0175,3.0461984543035365e-10
22,44,-1,0.006,0.006,3.325233678889318e-10
22,45,1,-0.03,-0.004999999999999999,3.547373233300355e-10
22,46,-1,-0.014,-0.0095,3.7088162481719543e-10
22,47,1,-0.005,0.010499999999999999,3.806800388759202e-10
22,48,-1,-0.004,-0.0075,3.839649119250316e-10
22,49,1,-0.015,-0.0115,3.806800388759203e-10
22,50,-1,-0.038,-0.028499999999999998,3.7088162481719553e-10
22,51,1,0.002,-0.0025,3.547373233300357e-10
22,52,-1,0.016,0.006,3.3252336788893207e-10
22,53,1,-0.014,-0.021500000000000002,3.04619845430354e-10
22,54,1,-0.02,0.0045000000000000005,2.7150419295988565e-10
22,55,1,-0.004,0.0015,2.3374302847268996e-10
22,56,-1,-0.03,-0.0115,1.9198245596251601e-10
22,57,-1,0.023,0.0135,1.4693701040323075e-10
22,58,-1,-0.004,-0.004,9.93774318573105e-11
22,59,1,-0.041,-0.011500000000000002,5.011747789968225e-11
22,60,1,0.038,0.024,4.585846987873437e-25
22,61,-1,-0.004,-0.0015,-5.0117477899681676e-11
22,62,-1,0.014,-0.010500000000000002,-9.937743185730995e-11
22,63,1,0.034,0.0020000000000000018,-1.469370104032299e-10
22,64,-1,0.016,0.002,-1.919824559625155e-10
22,65,-1,0.008,-0.009,-2.3374302847268975e-10
22,66,-1,-0.027,-0.008,-2.7150419295988503e-10
22,67,1,-0.009,0.0125,-3.046198454303536e-10
22,68,1,0.002,0.0,-3.3252336788893165e-10
22,69,1,0.005,0.0185,-3.547373233300355e-10
22,70,1,-0.039,-0.0175,-3.708816248171953e-10
22,71,-1,0.002,-0.017499999999999998,-3.806800388759202e-10
22,72,-1,0.045,0.0115,-3.839649119250316e-10
22,73,1,-0.007,-0.0085,-3.806800388759204e-10
22,74,1,0.016,-0.004,-3.7088162481719553e-10
22,75,-1,0.043,0.010499999999999999,-3.5473732333003586e-10
22,76,-1,0.016,0.019,-3.325233678889321e-10
22,77,-1,0.006,0.0005,-3.046198454303538e-10
22,78,1,0.006,0.0095,-2.715041929598857e-10
22,79,-1,-0.001,0.004999999999999999,-2.3374302847268996e-10
22,80,1,0.009,0.022000000000000002,-1.9198245596251633e-10
22,81,1,0.005,-0.006999999999999999,-1.4693701040323078e-10
22,82,1,-0.017,-0.009500000000000001,-9.937743185731087e-11
22,83,1,-0.008,-0.012,-5.0117477899682297e-11
22,84,1,0.031,0.014499999999999999,-1.6457749013085988e-25
22,85,1,0.016,0.009000000000000001,5.0117477899681295e-11
22,86,1,-0.001,-0.0085,9.937743185730991e-11
22,87,1,0.037,-0.0010000000000000009,1.4693701040322985e-10
22,88,1,0.035,0.0175,1.9198245596251547e-10
22,89,1,-0.018,-0.0075,2.337430284726892e-10
22,90,-1,-0.026,0.002,2.71504192959885e-10
22,91,-1,-0.015,-0.028,3.046198454303536e-10
22,92,-1,0.014,-0.001,3.325233678889316e-10
22,93,1,-0.005,-0.011000000000000001,3.547373233300355e-10
22,94,-1,0.008,-0.001,3.7088162481719527e-10
22,95,1,-0.01,0.0014999999999999996,3.806800388759202e-10
23,0,1,0.03,0.004,1.6422622787386502e-10
23,1,1,0.042,0.022000000000000002,1.628212497283479e-10
23,2,1,0.024,-0.0115,1.5863035485739988e-10
23,3,1,-0.012,-0.0115,1.5172525063419846e-10
23,4,1,0.012,-0.01,1.422240853064592e-10
23,5,-1,0.028,0.019,1.3028942644716039e-10
23,6,-1,-0.061,-0.024,1.1612547937829717e-10
23,7,1,0.023,0.011,9.997459316120586e-11
23,8,1,0.0,0.003,8.211311393693252e-11
23,9,-1,0.004,0.0085,6.284665656714206e-11
23,10,-1,0.012,0.0015000000000000005,4.250487547910276e-11
23,11,-1,-0.005,-0.002,2.143582418703812e-11
23,12,-1,0.017,0.004000000000000001,1.0055956215088631e-26
23,13,1,0.039,0.012,-2.1435824187038066e-11
23,14,1,-0.016,0.0075,-4.25048754791027e-11
23,15,-1,0.001,-0.0015,-6.2846656567142e-11
23,16,1,-0.026,0.0055,-8.211311393693248e-11
23,17,-1,0.001,-0.009,-9.99745931612058e-11
23,18,1,0.003,-0.0045000000000000005,-1.1612547937829716e-10
23,19,-1,-0.023,-0.020999999999999998,-1.3028942644716033e-10
23,20,-1,-0.017,-0.015,-1.4222408530645915e-10
23,21,-1,0.019,0.013,-1.5172525063419846e-10
23,22,-1,0.004,-0.0034999999999999996,-1.5863035485739988e-10
23,23,-1,0.002,-0.002,-1.628212497283479e-10
23,24,1,0.011,-0.011500000000000002,-1.6422622787386502e-10
23,25,1,0.017,0.0195,-1.6282124972834791e-10
23,26,1,0.009,0.0009999999999999996,-1.586303548573999e-10
23,27,-1,-0.029,-0.023,-1.5172525063419848e-10
23,28,-1,0.006,-0.001,-1.4222408530645922e-10
23,29,1,-0.028,-0.0045000000000000005,-1.3028942644716039e-10
23,30,-1,0.053,0.0175,-1.1612547937829722e-10
23,31,-1,0.004,-0.012,-9.99745931612059e-11
23,32,1,-0.02,-0.019,-8.211311393693259e-11
23,33,1,0.007,-0.0015,-6.284665656714213e-11
23,34,1,0.023,-0.0205,-4.250487547910285e-11
23,35,-1,-0.004,0.005,-2.1435824187038247e-11
23,36,-1,0.022,0.008499999999999999,-3.016786864526589e-26
23,37,-1,0.012,0.003,2.1435824187038047e-11
23,38,-1,-0.007,0.0055,4.250487547910265e-11
23,39,1,-0.004,-0.003,6.284665656714194e-11
23,40,-1,-0.052,-0.010499999999999999,8.21131139369324e-11
23,41,1,-0.026,-0.0185,9.997459316120573e-11
23,42,-1,-0.029,-0.024,1.1612547937829713e-10
23,43,-1,-0.022,-0.010499999999999999,1.3028942644716033e-10
23,44,-1,-0.013,-0.0055,1.4222408530645915e-10
23,45,1,0.007,-0.0095,1.5172525063419843e-10
23,46,1,-0.012,0.0004999999999999996,1.5863035485739986e-10
23,47,1,-0.007,0.0015,1.628212497283479e-10
23,48,-1,0.011,0.0024999999999999996,1.6422622787386502e-10
23,49,-1,0.029,0.011000000000000001,1.6282124972834791e-10
23,50,-1,0.006,0.0165,1.586303548573999e-10
23,51,1,-0.036,-0.0495,1.517252506341985e-10
23,52,-1,-0.003,-0.005,1.4222408530645925e-10
23,53,1,-0.027,-0.0215,1.3028942644716046e-10
23,54,-1,-0.012,-0.0155,1.161254793782973e-10
23,55,-1,-0.034,-0.008000000000000002,9.997459316120591e-11
23,56,-1,-0.034,-0.0205,8.21131139369326e-11
23,57,1,-0.026,-0.0095,6.284665656714216e-11
23,58,-1,-0.002,0.0065,4.250487547910287e-11
23,59,-1,0.009,-0.010499999999999999,2.143582418703827e-11
23,60,1,0.038,0.0135,1.9614197262176524e-25
23,61,-1,-0.032,-0.021,-2.1435824187038024e-11
23,62,-1,-0.023,-0.0009999999999999992,-4.250487547910263e-11
23,63,-1,0.012,0.006500000000000001,-6.284665656714179e-11
23,64,-1,-0.008,-0.013,-8.211311393693238e-11
23,65,-1,-0.045,-0.019,-9.997459316120584e-11
23,66,-1,0.027,0.0195,-1.1612547937829703e-10
23,67,-1,-0.036,-0.011,-1.302894264471603e-10
23,68,-1,-0.013,-0.0115,-1.4222408530645907e-10
23,69,-1,-0.001,0.001,-1.517252506341984e-10
23,70,1,0.0,-0.003,-1.586303548573998e-10
23,71,1,-0.011,-0.001,-1.628212497283479e-10
23,72,-1,0.021,0.005000000000000001,-1.6422622787386502e-10
23,73,1,0.033,0.022,-1.6282124972834794e-10
23,74,1,-0.014,-0.0015000000000000005,-1.586303548573999e-10
23,75,1,0.026,-0.0010000000000000009,-1.5172525063419856e-10
23,76,1,-0.019,-0.017,-1.4222408530645928e-10
23,77,-1,0.067,0.0165,-1.3028942644716039e-10
23,78,1,0.008,0.009000000000000001,-1.1612547937829731e-10
23,79,1,0.032,0.013000000000000001,-9.997459316120593e-11
23,80,1,-0.001,-0.008,-8.211311393693273e-11
23,81,1,-0.047,-0.0125,-6.284665656714217e-11
23,82,-1,0.042,0.0165,-4.250487547910302e-11
23,83,1,0.024,0.0,-2.143582418703829e-11
23,84,-1,0.021,0.0055000000000000005,-7.039169350562042e-26
23,85,-1,0.075,0.037,2.143582418703786e-11
23,86,1,0.036,0.0009999999999999974,4.250487547910261e-11
23,87,-1,0.021,0.007500000000000001,6.284665656714177e-11
23,88,1,0.046,0.0155,8.211311393693237e-11
23,89,1,-0.024,-0.0135,9.997459316120558e-11
23,90,1,0.01,-0.003999999999999999,1.16125479378297e-10
23,91,-1,0.001,-0.026,1.302894264471603e-10
23,92,1,0.019,0.0075,1.4222408530645904e-10
23,93,-1,-0.02,-0.017,1.517252506341984e-10
23,94,-1,0.011,0.0125,1.586303548573998e-10
23,95,-1,0.035,0.006000000000000002,1.628212497283479e-10
24,0,-1,0.0,-0.01,7.024145458099706e-11
24,1,1,-0.019,-0.0085,6.964052919975143e-11
24,2,-1,-0.038,-0.034,6.784803505589566e-11
24,3,1,0.016,0.009000000000000001,6.489464222120435e-11
24,4,1,0.001,0.0095,6.083088406591429e-11
24,5,-1,0.023,0.002999999999999999,5.572629261874911e-11
24,6,-1,0.025,-0.0004999999999999987,4.966820885462991e-11
24,7,1,0.04,0.0245,4.276028826637892e-11
24,8,1,-0.02,-0.0014999999999999996,3.512072729049854e-11
24,9,-1,0.004,0.0075,2.688024093337252e-11
24,10,1,0.006,-0.0024999999999999996,1.8179826201265756e-11
24,11,1,0.055,0.0235,9.168349602455254e-12
24,12,-1,-0.008,-0.0055,4.301048626003612e-27
24,13,-1,0.029,0.0145,-9.168349602455232e-12
24,14,-1,0.007,0.0075,-1.8179826201265734e-11
24,15,-1,-0.025,-0.0145,-2.6880240933372497e-11
24,16,1,-0.005,0.001,-3.512072729049852e-11
24,17,-1,0.027,0.004,-4.27602882663789e-11
24,18,-1,0.028,0.0165,-4.9668208854629904e-11
24,19,-1,0.029,0.023,-5.572629261874909e-11
24,20,-1,-0.045,-0.005999999999999998,-6.083088406591428e-11
24,21,1,-0.001,-0.017,-6.489464222120435e-11
24,22,-1,-0.001,-0.022,-6.784803505589564e-11
24,23,1,-0.024,-0.009000000000000001,-6.964052919975143e-11
24,24,1,0.006,-0.007500000000000001,-7.024145458099706e-11
24,25,1,0.014,0.0075,-6.964052919975145e-11
24,26,-1,0.001,-0.004,-6.784803505589566e-11
24,27,1,0.006,0.005,-6.489464222120437e-11
24,28,1,-0.028,-0.0285,-6.08308840659143e-11
24,29,-1,-0.023,-0.024,-5.572629261874912e-11
24,30,-1,0.005,-0.006,-4.9668208854629936e-11
24,31,-1,0.006,0.006500000000000001,-4.276028826637894e-11
24,32,-1,0.024,0.025,-3.5120727290498564e-11
24,33,1,-0.019,-0.006999999999999999,-2.6880240933372555e-11
24,34,1,-0.047,-0.049,-1.8179826201265795e-11
24,35,-1,-0.053,-0.022,-9.168349602455309e-12
24,36,-1,-0.005,0.001,-1.2903145878010835e-26
24,37,-1,-0.009,-0.0245,9.168349602455223e-12
24,38,1,-0.024,-0.0085,1.817982620126571e-11
24,39,-1,-0.007,-0.003,2.6880240933372474e-11
24,40,-1,-0.03,-0.0115,3.512072729049849e-11
24,41,-1,-0.008,-0.006,4.276028826637887e-11
24,42,-1,-0.039,-0.006999999999999999,4.96682088546299e-11
24,43,-1,-0.006,0.009000000000000001,5.5726292618749086e-11
24,44,-1,0.007,-0.0155,6.083088406591427e-11
24,45,-1,-0.001,0.016,6.489464222120433e-11
24,46,1,-0.007,0.013500000000000002,6.784803505589563e-11
24,47,-1,-0.031,-0.014,6.964052919975142e-11
24,48,-1,-0.021,-0.0055000000000000005,7.024145458099706e-11
24,49,-1,0.001,-0.0075,6.964052919975145e-11
24,50,-1,-0.022,-0.009999999999999998,6.784803505589566e-11
24,51,-1,-0.024,-0.0275,6.489464222120437e-11
24,52,-1,0.012,-0.0034999999999999996,6.083088406591432e-11
24,53,1,0.005,-0.0205,5.572629261874915e-11
24,54,1,-0.009,0.0035000000000000005,4.966820885462996e-11
24,55,-1,0.02,0.006,4.2760288266378945e-11
24,56,-1,-0.037,-0.018,3.512072729049857e-11
24,57,-1,0.003,-0.002,2.6880240933372562e-11
24,58,-1,-0.029,-0.0395,1.8179826201265805e-11
24,59,1,-0.003,-0.0175,9.168349602455319e-12
24,60,-1,-0.037,-0.0335,8.389218725720616e-26
24,61,1,-0.031,-0.014,-9.168349602455214e-12
24,62,-1,-0.013,-0.013999999999999999,-1.81798262012657e-11
24,63,1,0.019,0.0225,-2.6880240933372407e-11
24,64,-1,-0.006,-0.020999999999999998,-3.512072729049848e-11
24,65,-1,0.028,0.0105,-4.276028826637891e-11
24,66,1,-0.05,-0.0075,-4.9668208854629846e-11
24,67,-1,-0.024,-0.0145,-5.572629261874908e-11
24,68,1,0.028,0.003000000000000001,-6.083088406591424e-11
24,69,1,0.022,0.0065,-6.489464222120433e-11
24,70,1,-0.006,-0.006,-6.784803505589562e-11
24,71,1,0.027,-0.01,-6.964052919975142e-11
24,72,-1,0.028,0.026000000000000002,-7.024145458099706e-11
24,73,-1,0.006,-0.0125,-6.964052919975145e-11
24,74,1,-0.033,-0.018500000000000003,-6.784803505589566e-11
24,75,-1,0.01,0.006,-6.489464222120439e-11
24,76,1,-0.028,-0.016,-6.083088406591433e-11
24,77,-1,-0.016,0.009500000000000001,-5.572629261874911e-11
24,78,1,0.018,0.0,-4.9668208854629975e-11
24,79,1,-0.008,-0.0135,-4.276028826637895e-11
24,80,1,0.037,0.0155,-3.512072729049862e-11
24,81,-1,0.002,-0.014499999999999999,-2.688024093337257e-11
24,82,1,0.033,0.0165,-1.817982620126587e-11
24,83,1,-0.002,-0.016,-9.168349602455327e-12
24,84,1,0.007,-0.013000000000000001,-3.0107340382025286e-26
24,85,1,0.024,0.014,9.168349602455144e-12
24,86,1,0.004,0.0,1.8179826201265695e-11
24,87,1,0.016,0.015,2.68802409333724e-11
24,88,1,-0.002,-0.013500000000000002,3.512072729049847e-11
24,89,1,0.012,0.007,4.27602882663788e-11
24,90,1,0.023,0.011,4.966820885462984e-11
24,91,1,-0.012,-0.03,5.572629261874908e-11
24,92,-1,0.022,0.009999999999999998,6.083088406591423e-11
24,93,-1,0.004,0.0005,6.489464222120433e-11
24,94,1,0.056,0.0115,6.784803505589562e-11
24,95,-1,-0.001,0.0055,6.964052919975142e-11
25,0,1,0.033,0.019,3.004308145860694e-11
25,1,-1,0.014,0.0115,2.978605873197065e-11
25,2,-1,-0.017,-0.0005000000000000004,2.9019388282174693e-11
25,3,-1,0.027,-0.01,2.7756188053176284e-11
25,4,1,0.02,-0.0034999999999999996,2.6018071751118857e-11
25,5,1,0.002,0.0005,2.383477902782749e-11
25,6,1,0.034,0.009000000000000001,2.12436666271208e-11
25,7,-1,-0.012,-0.012,1.828906920056696e-11
25,8,-1,0.059,0.04,1.5021540729303472e-11
25,9,-1,0.023,0.018,1.1496989531403692e-11
25,10,-1,0.004,-0.0115,7.7757216550539e-12
25,11,1,-0.031,-0.006500000000000001,3.921409025348801e-12
25,12,-1,0.028,0.01,1.839608177240309e-27
25,13,1,0.001,-0.008499999999999999,-3.921409025348791e-12
25,14,1,-0.011,0.001,-7.77572165505389e-12
25,15,-1,-0.022,-0.0185,-1.1496989531403682e-11
25,16,-1,0.03,0.018,-1.5021540729303462e-11
25,17,-1,0.012,0.0,-1.828906920056695e-11
25,18,-1,0.036,0.0255,-2.1243666627120796e-11
25,19,1,0.03,0.006499999999999999,-2.3834779027827483e-11
25,20,1,0.014,0.014499999999999999,-2.601807175111885e-11
25,21,1,0.006,0.001,-2.7756188053176284e-11
25,22,1,0.043,0.034499999999999996,-2.901938828217469e-11
25,23,1,-0.042,-0.015000000000000001,-2.978605873197065e-11
25,24,-1,-0.009,0.012,-3.004308145860694e-11
25,25,-1,0.052,0.020999999999999998,-2.978605873197065e-11
25,26,-1,-0.021,-0.012,-2.9019388282174697e-11
25,27,1,0.004,-0.0015,-2.775618805317629e-11
25,28,1,-0.011,-0.009,-2.601807175111886e-11
25,29,-1,-0.013,-0.0075,-2.3834779027827493e-11
25,30,-1,-0.011,-0.0065,-2.124366662712081e-11
25,31,-1,0.026,-0.002,-1.8289069200566966e-11
25,32,1,-0.024,-0.014,-1.5021540729303482e-11
25,33,-1,0.009,0.004,-1.1496989531403708e-11
25,34,-1,0.005,-0.0019999999999999996,-7.775721655053917e-12
25,35,1,0.013,-0.001,-3.921409025348824e-12
25,36,-1,-0.002,0.016,-5.518824531720927e-27
25,37,-1,-0.039,-0.0095,3.921409025348788e-12
25,38,-1,-0.012,-0.007,7.77572165505388e-12
25,39,-1,-0.042,-0.017,1.1496989531403672e-11
25,40,1,0.018,-0.0075000000000000015,1.502154072930345e-11
25,41,-1,-0.026,-0.025,1.8289069200566937e-11
25,42,1,-0.013,-0.0055,2.1243666627120793e-11
25,43,-1,-0.018,-0.0165,2.383477902782748e-11
25,44,-1,0.007,0.003,2.6018071751118847e-11
25,45,-1,0.014,0.0185,2.7756188053176278e-11
25,46,-1,0.001,0.018000000000000002,2.9019388282174687e-11
25,47,-1,0.003,-0.016,2.9786058731970645e-11
25,48,-1,-0.008,-0.002,3.004308145860694e-11
25,49,-1,0.013,0.02,2.978605873197065e-11
25,50,-1,0.041,0.008,2.9019388282174697e-11
25,51,-1,-0.036,-0.009,2.7756188053176294e-11
25,52,-1,0.022,0.0225,2.6018071751118866e-11
25,53,1,0.02,0.014,2.383477902782751e-11
25,54,-1,0.026,0.0265,2.1243666627120825e-11
25,55,-1,-0.002,0.004,1.828906920056697e-11
25,56,1,-0.033,-0.013000000000000001,1.5021540729303485e-11
25,57,1,-0.007,0.004,1.1496989531403711e-11
25,58,1,0.026,0.004499999999999999,7.77572165505392e-12
25,59,1,0.006,0.0015,3.921409025348828e-12
25,60,1,-0.019,-0.020999999999999998,3.588165749902919e-26
25,61,-1,-0.042,-0.0195,-3.921409025348783e-12
25,62,-1,-0.038,-0.006,-7.775721655053876e-12
25,63,1,-0.051,-0.028499999999999998,-1.1496989531403645e-11
25,64,1,-0.006,-0.007,-1.5021540729303446e-11
25,65,1,0.006,0.0095,-1.8289069200566956e-11
25,66,-1,0.004,0.017,-2.1243666627120773e-11
25,67,-1,-0.007,-0.003,-2.3834779027827476e-11
25,68,-1,-0.028,-0.0125,-2.6018071751118834e-11
25,69,-1,-0.014,-0.004,-2.7756188053176275e-11
25,70,1,-0.038,-0.016,-2.901938828217468e-11
25,71,-1,-0.013,-0.0004999999999999996,-2.9786058731970645e-11
25,72,-1,-0.01,-0.019,-3.004308145860694e-11
25,73,-1,-0.031,-0.0325,-2.978605873197066e-11
25,74,-1,-0.014,-0.0055,-2.9019388282174697e-11
25,75,-1,-0.002,-0.006,-2.7756188053176304e-11
25,76,-1,-0.012,-0.007,-2.601807175111887e-11
25,77,1,-0.038,-0.017,-2.383477902782749e-11
25,78,1,0.008,-0.0045000000000000005,-2.1243666627120828e-11
25,79,1,0.013,0.013999999999999999,-1.8289069200566972e-11
25,80,1,0.021,-0.0175,-1.5021540729303508e-11
25,81,1,0.013,0.0065,-1.1496989531403714e-11
25,82,-1,0.018,-0.0005000000000000004,-7.77572165505395e-12
25,83,-1,0.01,-0.0265,-3.921409025348831e-12
25,84,-1,0.005,-0.0015,-1.2877257240682164e-26
25,85,1,0.006,-0.032499999999999994,3.921409025348753e-12
25,86,1,0.041,0.023,7.775721655053873e-12
25,87,1,0.014,-0.007,1.149698953140364e-11
25,88,1,0.031,-0.002999999999999999,1.5021540729303443e-11
25,89,1,0.017,0.009000000000000001,1.8289069200566908e-11
25,90,1,-0.002,-0.009000000000000001,2.124366662712077e-11
25,91,1,0.006,-0.0085,2.3834779027827476e-11
25,92,1,-0.021,-0.0155,2.601807175111883e-11
25,93,1,0.018,-0.005000000000000001,2.7756188053176275e-11
25,94,1,0.018,0.0024999999999999996,2.9019388282174677e-11
25,95,1,0.02,0.0010000000000000009,2.9786058731970645e-11
26,0,1,-0.004,0.0055,1.2849772956903933e-11
26,1,-1,0.016,0.019,1.2739841367942557e-11
26,2,1,0.025,0.005000000000000001,1.2411927561024356e-11
26,3,1,-0.018,-0.016,1.187164223230058e-11
26,4,1,0.032,0.027,1.112822981354109e-11
26,5,1,-0.019,-0.006999999999999999,1.0194410297343718e-11
26,6,-1,0.035,0.0125,9.086161594534286e-12
26,7,1,0.049,0.023,7.822446147682452e-12
26,8,-1,0.017,-0.0004999999999999987,6.424886478451968e-12
26,9,1,0.01,-0.009000000000000001,4.917395220260107e-12
26,10,1,0.026,0.017,3.3257659664900733e-12
26,11,-1,0.04,0.0285,1.6772319349568651e-12
26,12,1,0.019,0.012,7.868216660721311e-28
26,13,-1,-0.017,-0.007000000000000001,-1.6772319349568607e-12
26,14,1,0.025,0.022,-3.325765966490069e-12
26,15,-1,0.02,0.009000000000000001,-4.917395220260102e-12
26,16,1,-0.005,-0.020999999999999998,-6.424886478451964e-12
26,17,1,0.032,0.024,-7.822446147682449e-12
26,18,1,0.0,-0.0095,-9.086161594534285e-12
26,19,-1,0.013,-0.001,-1.0194410297343715e-11
26,20,1,0.003,-0.0215,-1.1128229813541086e-11
26,21,1,-0.001,-0.009000000000000001,-1.187164223230058e-11
26,22,1,0.006,-0.010499999999999999,-1.2411927561024355e-11
26,23,1,0.003,0.0095,-1.2739841367942557e-11
26,24,1,0.0,0.007,-1.2849772956903933e-11
26,25,1,0.001,-0.012499999999999999,-1.2739841367942559e-11
26,26,1,-0.004,0.0105,-1.2411927561024358e-11
26,27,1,-0.019,0.012499999999999999,-1.1871642232300584e-11
26,28,-1,0.016,0.016,-1.1128229813541091e-11
26,29,-1,-0.001,0.002,-1.019441029734372e-11
26,30,1,-0.006,0.014500000000000002,-9.08616159453429e-12
26,31,-1,-0.001,-0.016,-7.822446147682455e-12
26,32,-1,-0.036,-0.020499999999999997,-6.424886478451972e-12
26,33,-1,0.013,0.0029999999999999996,-4.9173952202601134e-12
26,34,-1,-0.022,-0.011,-3.32576596649008e-12
26,35,-1,-0.009,0.0125,-1.677231934956875e-12
26,36,-1,0.009,0.021500000000000002,-2.360464998216393e-27
26,37,-1,0.018,0.0045,1.6772319349568593e-12
26,38,-1,0.001,-0.018,3.3257659664900648e-12
26,39,1,0.038,0.0,4.917395220260098e-12
26,40,1,-0.03,-0.0085,6.424886478451958e-12
26,41,-1,0.005,0.0145,7.822446147682442e-12
26,42,1,0.024,0.0014999999999999996,9.086161594534283e-12
26,43,-1,-0.019,-0.020499999999999997,1.0194410297343714e-11
26,44,-1,0.027,0.0085,1.1128229813541086e-11
26,45,-1,0.014,0.014499999999999999,1.1871642232300577e-11
26,46,1,0.026,0.006999999999999999,1.2411927561024353e-11
26,47,-1,-0.008,0.019,1.2739841367942556e-11
26,48,1,-0.012,0.0,1.2849772956903933e-11
26,49,1,-0.01,-0.0085,1.2739841367942559e-11
26,50,-1,0.002,-0.016,1.2411927561024358e-11
26,51,-1,0.0,0.005,1.1871642232300585e-11
26,52,-1,-0.017,-0.011000000000000001,1.1128229813541094e-11
26,53,-1,-0.014,0.0055000000000000005,1.0194410297343725e-11
26,54,-1,0.027,0.006,9.086161594534296e-12
26,55,-1,-0.004,-0.017,7.822446147682457e-12
26,56,-1,-0.021,0.025499999999999995,6.424886478451974e-12
26,57,1,0.014,0.0155,4.917395220260114e-12
26,58,-1,0.008,-0.0024999999999999996,3.3257659664900817e-12
26,59,1,-0.041,0.0009999999999999974,1.6772319349568768e-12
26,60,-1,-0.024,-0.0195,1.5346999368728995e-26
26,61,1,0.028,0.023,-1.6772319349568575e-12
26,62,-1,0.026,0.009,-3.325765966490063e-12
26,63,1,-0.019,0.014,-4.917395220260086e-12
26,64,-1,0.026,0.0115,-6.424886478451957e-12
26,65,-1,0.014,0.002,-7.82244614768245e-12
26,66,1,0.014,0.021500000000000002,-9.086161594534275e-12
26,67,1,-0.02,-0.003,-1.0194410297343714e-11
26,68,-1,-0.01,-0.001,-1.112822981354108e-11
26,69,1,-0.026,-0.0235,-1.1871642232300575e-11
26,70,1,-0.025,-0.0195,-1.241192756102435e-11
26,71,-1,-0.019,0.007000000000000001,-1.2739841367942556e-11
26,72,1,0.001,-0.004999999999999999,-1.2849772956903933e-11
26,73,1,-0.005,-0.017,-1.273984136794256e-11
26,74,1,-0.018,0.007000000000000001,-1.2411927561024358e-11
26,75,-1,-0.003,-0.021,-1.1871642232300588e-11
26,76,1,-0.006,0.0195,-1.1128229813541096e-11
26,77,-1,0.011,-0.003000000000000001,-1.0194410297343718e-11
26,78,-1,0.01,-0.0215,-9.086161594534298e-12
26,79,1,-0.014,-0.0205,-7.822446147682458e-12
26,80,1,0.042,0.023,-6.4248864784519835e-12
26,81,1,-0.029,-0.0165,-4.917395220260116e-12
26,82,1,0.001,-0.0035,-3.325765966490094e-12
26,83,1,0.015,-0.0005000000000000004,-1.6772319349568783e-12
26,84,1,-0.007,-0.018000000000000002,-5.507751662504918e-27
26,85,1,0.006,-0.004,1.6772319349568447e-12
26,86,1,0.002,-0.0125,3.325765966490062e-12
26,87,-1,-0.015,-0.026,4.917395220260084e-12
26,88,-1,0.011,-0.0005000000000000004,6.424886478451955e-12
26,89,-1,-0.009,-0.0125,7.822446147682431e-12
26,90,1,0.023,0.009,9.086161594534273e-12
26,91,1,0.023,0.0005000000000000004,1.0194410297343714e-11
26,92,-1,0.009,0.0019999999999999996,1.1128229813541078e-11
26,93,1,-0.009,-0.0225,1.1871642232300575e-11
26,94,1,0.003,0.006,1.2411927561024348e-11
26,95,-1,0.005,0.001,1.2739841367942556e-11
27,0,1,0.037,0.0115,5.495996316871683e-12
27,1,-1,0.003,-0.0045000000000000005,5.448977306491818e-12
27,2,1,-0.027,-0.0055,5.308724783655957e-12
27,3,1,-0.021,-0.0225,5.077638507915164e-12
27,4,1,-0.012,0.0075,4.759672429516588e-12
27,5,1,0.017,0.0105,4.360267036218476e-12
27,6,1,0.012,-0.002,3.886256265036257e-12
27,7,1,-0.023,-0.027,3.3457505716854714e-12
27,8,1,0.008,-0.0024999999999999996,2.7479981584358425e-12
27,9,1,-0.006,-0.008,2.1032267348063476e-12
27,10,1,0.026,0.025,1.4224685186197013e-12
27,11,1,0.013,-0.015,7.173714716966896e-13
27,12,1,0.047,0.025,3.3653271487912746e-28
27,13,1,-0.005,0.006999999999999999,-7.173714716966878e-13
27,14,1,0.023,0.0195,-1.4224685186196995e-12
27,15,-1,0.004,0.0025,-2.103226734806346e-12
27,16,-1,-0.009,0.009000000000000001,-2.747998158435841e-12
27,17,-1,0.047,0.0010000000000000009,-3.34575057168547e-12
27,18,1,0.013,-0.010000000000000002,-3.886256265036256e-12
27,19,-1,0.025,0.019,-4.360267036218475e-12
27,20,1,-0.001,0.0045000000000000005,-4.759672429516586e-12
27,21,1,-0.002,-0.008,-5.077638507915164e-12
27,22,-1,-0.025,-0.008,-5.308724783655956e-12
27,23,1,-0.005,0.021500000000000002,-5.448977306491818e-12
27,24,-1,0.027,0.011,-5.495996316871683e-12
27,25,1,0.014,-0.013500000000000002,-5.448977306491819e-12
27,26,1,-0.01,-0.002,-5.3087247836559576e-12
27,27,1,-0.033,-0.013500000000000002,-5.077638507915166e-12
27,28,1,-0.021,0.007999999999999998,-4.7596724295165885e-12
27,29,1,0.004,0.0025,-4.360267036218477e-12
27,30,-1,-0.021,-0.009000000000000001,-3.8862562650362584e-12
27,31,-1,0.011,0.0065,-3.3457505716854726e-12
27,32,1,0.012,0.0225,-2.747998158435844e-12
27,33,-1,0.02,-0.0045000000000000005,-2.1032267348063504e-12
27,34,-1,-0.006,-0.0045000000000000005,-1.4224685186197044e-12
27,35,-1,-0.007,-0.006,-7.173714716966939e-13
27,36,-1,-0.035,-0.015000000000000001,-1.0095981446373823e-27
27,37,-1,0.0,0.005,7.173714716966872e-13
27,38,-1,-0.015,0.0205,1.4224685186196977e-12
27,39,1,-0.019,-0.0024999999999999996,2.103226734806344e-12
27,40,1,0.014,-0.009000000000000001,2.747998158435838e-12
27,41,1,-0.008,0.0045000000000000005,3.3457505716854674e-12
27,42,-1,-0.016,-0.006500000000000001,3.886256265036255e-12
27,43,-1,-0.005,-0.0035,4.3602670362184745e-12
27,44,-1,-0.019,-0.012,4.759672429516585e-12
27,45,-1,-0.022,0.0,5.077638507915163e-12
27,46,-1,0.025,0.0045000000000000005,5.308724783655956e-12
27,47,-1,0.009,0.021,5.448977306491818e-12
27,48,-1,-0.02,-0.0075,5.495996316871683e-12
27,49,-1,0.01,0.004,5.448977306491819e-12
27,50,-1,0.021,0.0015000000000000013,5.3087247836559576e-12
27,51,1,0.026,0.002999999999999999,5.0776385079151666e-12
27,52,-1,-0.01,0.012999999999999998,4.759672429516589e-12
27,53,1,0.027,0.0155,4.360267036218479e-12
27,54,1,0.013,-0.0045,3.886256265036261e-12
27,55,-1,0.011,0.010499999999999999,3.3457505716854734e-12
27,56,-1,0.007,0.0115,2.747998158435845e-12
27,57,1,-0.001,-0.021,2.1032267348063512e-12
27,58,-1,-0.008,0.0004999999999999996,1.422468518619705e-12
27,59,-1,-0.009,0.004000000000000001,7.173714716966947e-13
27,60,-1,0.04,0.0195,6.564088897792437e-27
27,61,1,-0.006,-0.008,-7.173714716966864e-13
27,62,-1,-0.006,0.013000000000000001,-1.422468518619697e-12
27,63,1,0.015,0.012,-2.1032267348063387e-12
27,64,-1,-0.002,0.0025,-2.7479981584358372e-12
27,65,-1,-0.032,-0.0145,-3.345750571685471e-12
27,66,1,0.009,-0.002,-3.886256265036252e-12
27,67,1,-0.042,-0.0015000000000000013,-4.360267036218474e-12
27,68,1,0.022,-0.006999999999999999,-4.759672429516583e-12
27,69,1,-0.016,-0.0005000000000000004,-5.0776385079151625e-12
27,70,1,0.025,0.0,-5.308724783655954e-12
27,71,-1,0.007,0.0,-5.448977306491818e-12
27,72,-1,-0.01,-0.0075,-5.495996316871683e-12
27,73,-1,0.048,0.019,-5.44897730649182e-12
27,74,-1,-0.011,0.0135,-5.3087247836559576e-12
27,75,-1,-0.038,-0.028499999999999998,-5.077638507915168e-12
27,76,1,-0.003,0.0005,-4.75967242951659e-12
27,77,1,-0.005,0.001,-4.360267036218476e-12
27,78,1,0.0,-0.006,-3.886256265036262e-12
27,79,1,0.004,0.0025,-3.345750571685474e-12
27,80,-1,-0.028,-0.0034999999999999996,-2.747998158435849e-12
27,81,1,0.006,-0.001,-2.1032267348063516e-12
27,82,-1,0.012,0.0,-1.4224685186197102e-12
27,83,1,0.005,0.005,-7.173714716966953e-13
27,84,1,0.043,0.015499999999999998,-2.3557290041538923e-27
27,85,1,0.018,-0.004,7.173714716966809e-13
27,86,1,0.055,0.02,1.4224685186196965e-12
27,87,1,-0.013,-0.0085,2.1032267348063383e-12
27,88,1,0.013,-0.0085,2.747998158435837e-12
27,89,1,0.011,0.011,3.345750571685462e-12
27,90,1,-0.014,-0.0105,3.886256265036251e-12
27,91,1,0.007,-0.012,4.360267036218474e-12
27,92,1,0.029,0.006500000000000001,4.759672429516583e-12
27,93,1,0.013,0.0029999999999999996,5.0776385079151625e-12
27,94,1,0.003,0.017,5.3087247836559535e-12
27,95,1,0.027,0.034,5.448977306491818e-12
28,0,1,-0.03,-0.016,2.3507011070446985e-12
28,1,-1,-0.001,-0.006999999999999999,2.330590533205194e-12
28,2,1,0.005,0.006500000000000001,2.270602909180778e-12
28,3,1,-0.007,0.0055,2.1717646398502203e-12
28,4,-1,-0.015,-0.035500000000000004,2.0357668754049123e-12
28,5,-1,0.003,0.0155,1.864936575300216e-12
28,6,1,-0.018,-0.0075,1.6621966933340308e-12
28,7,1,-0.018,-0.023,1.4310161650969122e-12
28,8,1,-0.014,0.0045,1.1753505535223495e-12
28,9,-1,-0.032,0.004,8.995743681082817e-13
28,10,1,-0.023,0.008,6.084062158467478e-13
28,11,1,0.001,-0.0045000000000000005,3.068280645500047e-13
28,12,-1,0.036,0.012499999999999999,1.439389293247215e-28
28,13,1,0.019,0.020499999999999997,-3.068280645500039e-13
28,14,1,-0.004,-0.0165,-6.08406215846747e-13
28,15,-1,0.013,0.011,-8.995743681082809e-13
28,16,1,-0.028,-0.007500000000000001,-1.1753505535223489e-12
28,17,1,0.0,0.0035,-1.4310161650969114e-12
28,18,-1,-0.005,0.0025,-1.6621966933340306e-12
28,19,1,0.0,0.001,-1.8649365753002156e-12
28,20,-1,-0.01,-0.0045000000000000005,-2.0357668754049115e-12
28,21,-1,0.015,0.006999999999999999,-2.1717646398502203e-12
28,22,-1,0.031,-0.006499999999999999,-2.270602909180778e-12
28,23,1,-0.023,-0.007,-2.330590533205194e-12
28,24,-1,0.008,0.004,-2.3507011070446985e-12
28,25,-1,-0.013,-0.016,-2.330590533205194e-12
28,26,1,0.02,0.033,-2.2706029091807784e-12
28,27,-1,0.009,-0.013999999999999999,-2.1717646398502207e-12
28,28,1,0.021,0.0125,-2.0357668754049123e-12
28,29,-1,0.025,0.016,-1.8649365753002164e-12
28,30,1,-0.01,-0.0045000000000000005,-1.6621966933340316e-12
28,31,1,0.019,-0.016,-1.4310161650969128e-12
28,32,-1,0.004,-0.018000000000000002,-1.1753505535223503e-12
28,33,-1,-0.003,-0.004,-8.995743681082829e-13
28,34,1,0.016,0.005,-6.084062158467491e-13
28,35,1,-0.009,0.006000000000000001,-3.068280645500065e-13
28,36,-1,-0.027,-0.0265,-4.3181678797416445e-28
28,37,-1,0.006,-0.019,3.0682806455000363e-13
28,38,-1,-0.017,-0.004000000000000001,6.084062158467463e-13
28,39,-1,-0.011,-0.004,8.995743681082802e-13
28,40,1,-0.016,-0.0095,1.1753505535223476e-12
28,41,1,0.011,0.0055,1.4310161650969104e-12
28,42,-1,0.012,0.0155,1.6621966933340302e-12
28,43,1,-0.022,0.002,1.8649365753002152e-12
28,44,-1,0.024,0.017,2.0357668754049115e-12
28,45,1,-0.029,0.004999999999999999,2.17176463985022e-12
28,46,1,-0.009,0.0165,2.2706029091807775e-12
28,47,-1,0.016,0.0235,2.3305905332051934e-12
28,48,-1,0.009,0.013499999999999998,2.3507011070446985e-12
28,49,1,-0.004,-0.0165,2.330590533205194e-12
28,50,1,0.021,0.005000000000000001,2.2706029091807784e-12
28,51,1,0.028,0.0,2.171764639850221e-12
28,52,-1,0.05,0.032,2.0357668754049127e-12
28,53,1,0.005,0.013000000000000001,1.8649365753002177e-12
28,54,1,0.049,0.0175,1.6621966933340326e-12
28,55,-1,0.004,0.0105,1.431016165096913e-12
28,56,-1,-0.01,0.0024999999999999996,1.1753505535223505e-12
28,57,-1,-0.01,0.005999999999999999,8.995743681082831e-13
28,58,-1,0.028,0.0125,6.084062158467494e-13
28,59,-1,0.037,0.0155,3.068280645500068e-13
28,60,-1,-0.004,0.005,2.8075366410659027e-27
28,61,-1,-0.01,0.005999999999999999,-3.0682806455000333e-13
28,62,-1,0.037,0.035500000000000004,-6.08406215846746e-13
28,63,1,0.035,0.018500000000000003,-8.99574368108278e-13
28,64,1,-0.025,-0.017,-1.1753505535223474e-12
28,65,-1,0.001,-0.0055,-1.431016165096912e-12
28,66,-1,0.002,-0.0155,-1.6621966933340288e-12
28,67,-1,-0.024,-0.0195,-1.8649365753002152e-12
28,68,-1,-0.01,-0.017,-2.0357668754049103e-12
28,69,1,0.0,-0.022,-2.1717646398502195e-12
28,70,-1,-0.018,-0.014499999999999999,-2.270602909180777e-12
28,71,1,-0.004,-0.004,-2.3305905332051934e-12
28,72,-1,0.019,0.028499999999999998,-2.3507011070446985e-12
28,73,1,0.018,0.002999999999999999,-2.3305905332051942e-12
28,74,1,0.039,0.0135,-2.2706029091807784e-12
28,75,-1,0.02,0.022,-2.171764639850222e-12
28,76,1,-0.032,-0.013000000000000001,-2.035766875404913e-12
28,77,1,-0.004,0.006500000000000001,-1.864936575300216e-12
28,78,1,0.028,-0.018500000000000003,-1.6621966933340328e-12
28,79,-1,0.012,0.0215,-1.4310161650969134e-12
28,80,-1,-0.043,-0.016999999999999998,-1.1753505535223525e-12
28,81,1,0.003,-0.0005,-8.995743681082834e-13
28,82,1,0.01,0.01,-6.084062158467515e-13
28,83,-1,0.017,0.006,-3.068280645500071e-13
28,84,1,0.019,0.0125,-1.0075725052730503e-27
28,85,-1,0.011,-0.001,3.0682806455000095e-13
28,86,-1,-0.017,-0.0045000000000000005,6.084062158467457e-13
28,87,1,-0.021,-0.014,8.995743681082777e-13
28,88,-1,-0.003,-0.010499999999999999,1.1753505535223472e-12
28,89,-1,-0.032,-0.0005000000000000004,1.4310161650969084e-12
28,90,-1,-0.021,-0.01,1.6621966933340284e-12
28,91,1,0.011,-0.0175,1.8649365753002152e-12
28,92,1,0.04,0.006500000000000001,2.03576687540491e-12
28,93,1,-0.017,-0.0115,2.1717646398502195e-12
28,94,1,0.004,-0.001,2.2706029091807767e-12
28,95,-1,0.044,0.005499999999999998,2.3305905332051934e-12
29,0,1,-0.007,-0.012,1.0054220156039788e-12
29,1,-1,-0.029,-0.0105,9.968204908826637e-13
29,2,-1,-0.013,0.003,9.711630911914939e-13
29,3,1,0.001,0.0105,9.288888217527595e-13
29,4,1,-0.055,-0.0195,8.707210070372e-13
29,5,-1,0.007,0.006500000000000001,7.97654914481763e-13
29,6,-1,-0.018,-0.0004999999999999987,7.109407251878203e-13
29,7,1,-0.018,-0.0245,6.120621429759064e-13
29,8,1,-0.009,-0.02,5.027110078019895e-13
29,9,1,0.014,-0.0055000000000000005,3.8475834790675754e-13
29,10,-1,-0.033,-0.0115,2.602223660036737e-13
29,11,1,0.004,0.002,1.3123390727099677e-13
29,12,-1,0.018,-0.0005000000000000004,6.156434266008464e-29
29,13,1,-0.011,0.003000000000000001,-1.3123390727099644e-13
29,14,1,-0.005,0.001,-2.602223660036734e-13
29,15,1,0.007,0.0095,-3.847583479067572e-13
29,16,1,-0.01,-0.007,-5.027110078019892e-13
29,17,-1,-0.014,-0.006,-6.12062142975906e-13
29,18,-1,-0.012,0.011999999999999999,-7.109407251878202e-13
29,19,1,-0.011,0.012499999999999999,-7.976549144817628e-13
29,20,-1,-0.031,-0.013,-8.707210070371998e-13
29,21,-1,0.017,0.0,-9.288888217527595e-13
29,22,1,0.015,0.0014999999999999996,-9.711630911914937e-13
29,23,1,0.008,-0.0195,-9.968204908826637e-13
29,24,-1,-0.032,0.0,-1.0054220156039788e-12
29,25,-1,-0.029,0.0,-9.96820490882664e-13
29,26,1,-0.005,0.0165,-9.711630911914939e-13
29,27,-1,0.007,-0.0165,-9.288888217527597e-13
29,28,-1,0.015,-0.010000000000000002,-8.707210070372001e-13
29,29,1,0.026,0.0004999999999999987,-7.976549144817631e-13
29,30,-1,0.022,-0.013000000000000001,-7.109407251878206e-13
29,31,1,-0.031,-0.026000000000000002,-6.120621429759066e-13
29,32,1,0.012,0.0345,-5.027110078019898e-13
29,33,-1,-0.016,-0.0085,-3.8475834790675804e-13
29,34,1,0.041,0.0034999999999999996,-2.6022236600367427e-13
29,35,-1,0.003,0.006999999999999999,-1.3123390727099755e-13
29,36,-1,-0.017,-0.0025000000000000005,-1.8469302798025391e-28
29,37,-1,-0.015,-0.022,1.3123390727099634e-13
29,38,-1,-0.053,-0.0295,2.6022236600367305e-13
29,39,-1,-0.028,0.0009999999999999992,3.8475834790675683e-13
29,40,1,0.008,0.015,5.027110078019887e-13
29,41,1,0.007,-0.0075,6.120621429759056e-13
29,42,-1,0.015,0.003,7.1094072518782e-13
29,43,-1,0.02,0.028999999999999998,7.976549144817627e-13
29,44,1,-0.026,0.015500000000000002,8.707210070371996e-13
29,45,1,-0.004,0.0015,9.288888217527593e-13
29,46,1,0.035,-0.0014999999999999979,9.711630911914935e-13
29,47,1,-0.005,-0.003,9.968204908826637e-13
29,48,-1,0.013,0.021,1.0054220156039788e-12
29,49,1,0.01,0.016,9.96820490882664e-13
29,50,-1,0.0,0.009,9.711630911914939e-13
29,51,-1,-0.001,0.0155,9.2888882175276e-13
29,52,1,0.002,0.005,8.707210070372003e-13
29,53,-1,-0.041,-0.015000000000000001,7.976549144817636e-13
29,54,-1,0.023,0.0225,7.10940725187821e-13
29,55,1,-0.003,-0.0095,6.120621429759067e-13
29,56,-1,0.014,0.0085,5.0271100780199e-13
29,57,-1,0.021,0.0055000000000000005,3.8475834790675814e-13
29,58,-1,-0.02,-0.011,2.602223660036744e-13
29,59,-1,-0.021,-0.003000000000000001,1.312339072709977e-13
29,60,1,0.005,0.002,1.2008158502512798e-27
29,61,1,0.001,0.0085,-1.3123390727099618e-13
29,62,1,0.033,0.0125,-2.6022236600367295e-13
29,63,-1,0.032,0.0025000000000000005,-3.847583479067559e-13
29,64,-1,-0.011,0.0305,-5.027110078019886e-13
29,65,-1,-0.031,-0.024,-6.120621429759063e-13
29,66,-1,0.023,0.016,-7.109407251878194e-13
29,67,-1,-0.008,-0.0165,-7.976549144817626e-13
29,68,1,0.019,0.018000000000000002,-8.707210070371992e-13
29,69,-1,-0.007,-0.0045000000000000005,-9.288888217527593e-13
29,70,1,0.004,-0.004,-9.711630911914932e-13
29,71,-1,0.007,-0.0035,-9.968204908826637e-13
29,72,-1,0.084,0.011500000000000003,-1.0054220156039788e-12
29,73,-1,0.003,0.0155,-9.968204908826641e-13
29,74,1,-0.024,-0.004,-9.711630911914939e-13
29,75,1,0.021,0.006500000000000001,-9.288888217527604e-13
29,76,-1,0.003,0.0075,-8.707210070372004e-13
29,77,-1,0.006,-0.0014999999999999996,-7.97654914481763e-13
29,78,1,0.006,-0.008,-7.109407251878212e-13
29,79,1,0.0,0.0015,-6.120621429759068e-13
29,80,1,0.03,0.0215,-5.027110078019907e-13
29,81,-1,0.018,0.0045,-3.8475834790675824e-13
29,82,1,-0.009,-0.013000000000000001,-2.6022236600367533e-13
29,83,1,0.024,-0.004,-1.312339072709978e-13
29,84,1,-0.002,0.004,-4.309503986205925e-28
29,85,1,-0.018,-0.025,1.3123390727099517e-13
29,86,-1,0.015,0.003,2.6022236600367285e-13
29,87,1,0.024,0.013000000000000001,3.8475834790675577e-13
29,88,1,-0.004,-0.0175,5.027110078019885e-13
29,89,1,0.004,0.005,6.120621429759047e-13
29,90,-1,-0.004,0.0,7.109407251878193e-13
29,91,1,0.036,0.007999999999999998,7.976549144817626e-13
29,92,-1,0.017,0.006500000000000001,8.707210070371991e-13
29,93,1,0.016,0.0035000000000000005,9.288888217527593e-13
29,94,1,0.016,0.009000000000000001,9.711630911914932e-13
29,95,1,-0.047,-0.049,9.968204908826637e-13
30,0,-1,-0.001,0.019,4.300306093495814e-13
30,1,1,0.044,0.014499999999999999,4.2635163787309095e-13
30,2,1,-0.016,0.0055,4.1537767166558594e-13
30,3,-1,0.017,0.0165,3.9729647833143505e-13
30,4,1,-0.02,-0.014499999999999999,3.7241743210163946e-13
30,5,-1,-0.038,-0.017499999999999998,3.411662203549657e-13
30,6,1,-0.034,0.008,3.040775599888722e-13
30,7,1,-0.027,-0.0125,2.617860482651421e-13
30,8,1,-0.066,-0.030500000000000003,2.1501530467479075e-13
30,9,1,0.029,0.0275,1.645655896079489e-13
30,10,1,-0.01,-0.006,1.1130011167671388e-13
30,11,1,0.006,0.0045000000000000005,5.613025797646943e-14
30,12,1,-0.008,0.003,2.633178046376754e-29
30,13,-1,0.011,-0.0055,-5.6130257976469283e-14
30,14,1,-0.002,-0.0015,-1.1130011167671374e-13
30,15,1,0.024,-0.005999999999999998,-1.6456558960794875e-13
30,16,1,0.018,0.022,-2.1501530467479062e-13
30,17,-1,0.01,-0.0024999999999999996,-2.617860482651419e-13
30,18,1,-0.014,-0.01,-3.0407755998887213e-13
30,19,-1,-0.011,-0.004999999999999999,-3.411662203549656e-13
30,20,1,-0.03,-0.025,-3.7241743210163936e-13
30,21,1,-0.029,-0.0175,-3.9729647833143505e-13
30,22,1,0.009,-0.008,-4.153776716655859e-13
30,23,-1,-0.032,-0.0195,-4.2635163787309095e-13
30,24,1,-0.015,-0.0155,-4.300306093495814e-13
30,25,-1,0.005,-0.0025,-4.26351637873091e-13
30,26,-1,0.01,0.021,-4.15377671665586e-13
30,27,-1,-0.028,-0.0175,-3.9729647833143515e-13
30,28,1,0.012,0.006,-3.724174321016395e-13
30,29,-1,-0.014,0.001,-3.4116622035496575e-13
30,30,1,-0.011,0.0025000000000000005,-3.0407755998887233e-13
30,31,-1,0.024,0.0185,-2.617860482651422e-13
30,32,1,0.026,0.0075,-2.150153046747909e-13
30,33,1,-0.011,-0.0014999999999999996,-1.6456558960794913e-13
30,34,1,-0.03,-0.010499999999999999,-1.1130011167671412e-13
30,35,-1,-0.037,-0.020499999999999997,-5.613025797646976e-14
30,36,1,0.024,0.008,-7.899534139130261e-29
30,37,1,0.038,0.0010000000000000009,5.613025797646924e-14
30,38,1,-0.046,-0.002999999999999999,1.1130011167671359e-13
30,39,-1,0.009,-0.019,1.6456558960794862e-13
30,40,1,0.026,0.013999999999999999,2.1501530467479042e-13
30,41,1,0.025,0.0005000000000000004,2.617860482651417e-13
30,42,-1,-0.007,0.0035,3.040775599888721e-13
30,43,-1,0.012,0.006,3.4116622035496554e-13
30,44,1,0.005,0.0215,3.724174321016393e-13
30,45,-1,-0.031,-0.0009999999999999992,3.9729647833143495e-13
30,46,-1,-0.015,-0.0095,4.1537767166558584e-13
30,47,-1,-0.029,-0.007500000000000001,4.263516378730909e-13
30,48,1,0.006,-0.002,4.300306093495814e-13
30,49,1,0.016,0.017,4.26351637873091e-13
30,50,-1,-0.005,-0.0015,4.15377671665586e-13
30,51,1,0.006,0.0055,3.972964783314352e-13
30,52,-1,0.025,0.0145,3.724174321016396e-13
30,53,-1,-0.021,-0.0195,3.4116622035496595e-13
30,54,-1,0.015,0.006999999999999999,3.0407755998887253e-13
30,55,-1,0.019,0.026000000000000002,2.6178604826514223e-13
30,56,-1,-0.017,0.0009999999999999992,2.1501530467479093e-13
30,57,-1,0.009,0.0029999999999999996,1.6456558960794915e-13
30,58,-1,-0.029,-0.006500000000000001,1.1130011167671417e-13
30,59,-1,-0.003,-0.0055,5.613025797646982e-14
30,60,1,0.043,0.016,5.1360280935363075e-28
30,61,-1,0.009,0.0075,-5.6130257976469176e-14
30,62,-1,-0.01,-0.0175,-1.1130011167671355e-13
30,63,-1,0.045,-0.0005000000000000004,-1.6456558960794822e-13
30,64,-1,-0.001,0.0155,-2.1501530467479037e-13
30,65,-1,0.022,0.013,-2.61786048265142e-13
30,66,1,-0.011,0.011500000000000002,-3.0407755998887177e-13
30,67,1,-0.006,0.0065,-3.4116622035496554e-13
30,68,-1,0.012,0.017,-3.724174321016391e-13
30,69,-1,0.014,0.0165,-3.972964783314349e-13
30,70,1,-0.054,-0.0085,-4.1537767166558574e-13
30,71,-1,0.007,0.008,-4.263516378730909e-13
30,72,-1,-0.01,0.005,-4.300306093495814e-13
30,73,1,0.004,-0.0085,-4.2635163787309105e-13
30,74,1,0.008,0.0015,-4.15377671665586e-13
30,75,1,0.027,0.011,-3.972964783314353e-13
30,76,1,0.001,0.0,-3.7241743210163967e-13
30,77,1,0.006,-0.0024999999999999996,-3.411662203549657e-13
30,78,-1,0.001,0.0035,-3.0407755998887253e-13
30,79,-1,0.019,0.002,-2.617860482651423e-13
30,80,-1,0.025,0.006500000000000001,-2.1501530467479128e-13
30,81,1,-0.025,-0.0175,-1.645655896079492e-13
30,82,1,-0.049,-0.022000000000000002,-1.1130011167671457e-13
30,83,1,0.006,-0.0065,-5.613025797646987e-14
30,84,-1,0.027,0.0095,-1.8432246324637276e-28
30,85,-1,0.011,0.017,5.6130257976468747e-14
30,86,1,-0.005,-0.0025,1.113001116767135e-13
30,87,-1,0.013,0.017,1.6456558960794817e-13
30,88,1,0.011,0.0014999999999999996,2.1501530467479032e-13
30,89,1,0.011,0.022,2.6178604826514137e-13
30,90,-1,0.006,0.002,3.040775599888717e-13
30,91,1,0.015,0.0034999999999999996,3.4116622035496554e-13
30,92,-1,-0.006,0.009999999999999998,3.7241743210163906e-13
30,93,-1,0.004,0.006,3.972964783314349e-13
30,94,1,0.015,-0.008,4.1537767166558574e-13
30,95,1,-0.014,-0.0335,4.263516378730909e-13
31,0,1,-0.011,-0.006999999999999999,1.8392905875099923e-13
31,1,1,0.018,0.0055,1.8235552015599985e-13
31,2,1,-0.021,-0.018500000000000003,1.7766182805262951e-13
31,3,1,-0.007,-0.015,1.6992829281411417e-13
31,4,1,-0.007,-0.008,1.5928723737252585e-13
31,5,1,0.019,0.019,1.4592073313672808e-13
31,6,1,0.03,0.0245,1.3005748470009045e-13
31,7,1,-0.014,-0.0195,1.1196891664148723e-13
31,8,-1,-0.043,-0.002999999999999999,9.196452937549964e-14
31,9,-1,-0.007,0.0105,7.038660351451264e-14
31,10,-1,0.012,0.011,4.76043433525391e-14
31,11,1,-0.032,-0.049,2.400755967738611e-14
31,12,1,-0.018,-0.0165,1.1262406653479834e-29
31,13,1,-0.019,-0.01,-2.4007559677386047e-14
31,14,1,-0.014,-0.011,-4.7604343352539037e-14
31,15,-1,-0.016,-0.009000000000000001,-7.038660351451259e-14
31,16,1,-0.028,-0.0125,-9.196452937549959e-14
31,17,1,-0.004,-0.011,-1.1196891664148717e-13
31,18,1,-0.033,-0.016,-1.3005748470009045e-13
31,19,1,-0.01,0.008,-1.4592073313672806e-13
31,20,-1,0.015,0.0235,-1.5928723737252582e-13
31,21,1,-0.028,-0.0175,-1.6992829281411417e-13
31,22,-1,0.008,0.006500000000000001,-1.776618280526295e-13
31,23,-1,-0.021,0.020999999999999998,-1.8235552015599985e-13
31,24,-1,-0.028,-0.011,-1.8392905875099923e-13
31,25,-1,0.003,-0.0185,-1.8235552015599987e-13
31,26,1,-0.016,-0.0235,-1.7766182805262954e-13
31,27,-1,-0.007,-0.0135,-1.699282928141142e-13
31,28,-1,0.012,-0.0105,-1.5928723737252588e-13
31,29,1,0.018,-0.002,-1.459207331367281e-13
31,30,-1,0.027,0.004999999999999999,-1.3005748470009053e-13
31,31,-1,0.063,0.025,-1.1196891664148727e-13
31,32,1,-0.002,-0.002,-9.196452937549969e-14
31,33,-1,-0.008,-0.006,-7.038660351451274e-14
31,34,-1,-0.009,-0.0165,-4.76043433525392e-14
31,35,1,-0.012,-0.015,-2.4007559677386252e-14
31,36,1,-0.027,-0.0055,-3.37872199604395e-29
31,37,-1,-0.011,-0.0135,2.4007559677386028e-14
31,38,-1,-0.007,0.011000000000000001,4.7604343352538973e-14
31,39,1,0.034,0.025500000000000002,7.038660351451253e-14
31,40,-1,0.02,0.020999999999999998,9.196452937549949e-14
31,41,1,0.013,-0.0035000000000000005,1.1196891664148708e-13
31,42,-1,0.004,-0.002,1.3005748470009043e-13
31,43,-1,-0.007,0.0009999999999999996,1.4592073313672803e-13
31,44,-1,0.009,0.024,1.592872373725258e-13
31,45,-1,-0.009,0.004000000000000001,1.6992829281411412e-13
31,46,1,0.019,-0.0075000000000000015,1.776618280526295e-13
31,47,1,-0.017,0.011,1.8235552015599982e-13
31,48,-1,-0.002,0.013000000000000001,1.8392905875099923e-13
31,49,1,0.035,0.0015000000000000013,1.8235552015599987e-13
31,50,-1,0.001,0.0125,1.7766182805262954e-13
31,51,-1,0.023,0.019,1.6992829281411422e-13
31,52,-1,0.027,0.0215,1.5928723737252593e-13
31,53,-1,0.023,0.0055,1.4592073313672819e-13
31,54,1,-0.011,0.017,1.300574847000906e-13
31,55,1,-0.02,-0.008,1.119689166414873e-13
31,56,-1,-0.01,0.014499999999999999,9.196452937549971e-14
31,57,1,0.007,0.001,7.038660351451276e-14
31,58,-1,-0.013,-0.01,4.760434335253922e-14
31,59,1,-0.039,-0.015,2.4007559677386277e-14
31,60,1,-0.002,0.009000000000000001,2.1967385400579316e-28
31,61,1,-0.017,-0.01,-2.4007559677386003e-14
31,62,1,-0.005,0.018000000000000002,-4.7604343352538955e-14
31,63,1,-0.005,0.0019999999999999996,-7.038660351451235e-14
31,64,1,0.01,0.0115,-9.196452937549947e-14
31,65,-1,0.046,0.006499999999999999,-1.119689166414872e-13
31,66,1,0.007,0.014,-1.300574847000903e-13
31,67,-1,-0.037,-0.013,-1.45920733136728e-13
31,68,1,-0.001,-0.0245,-1.5928723737252572e-13
31,69,-1,0.017,-0.006499999999999999,-1.699282928141141e-13
31,70,-1,0.002,0.015,-1.7766182805262944e-13
31,71,-1,0.023,-0.013000000000000001,-1.8235552015599982e-13
31,72,-1,-0.004,-0.0105,-1.8392905875099923e-13
31,73,1,-0.007,-0.012,-1.823555201559999e-13
31,74,-1,-0.013,-0.013,-1.7766182805262954e-13
31,75,1,-0.013,-0.0055,-1.699282928141143e-13
31,76,1,0.034,0.006500000000000001,-1.5928723737252593e-13
31,77,1,0.036,0.005499999999999998,-1.4592073313672808e-13
31,78,-1,0.035,0.036000000000000004,-1.3005748470009063e-13
31,79,1,0.009,-0.002,-1.1196891664148731e-13
31,80,1,0.002,-0.003,-9.196452937549985e-14
31,81,1,-0.007,0.011000000000000001,-7.038660351451278e-14
31,82,-1,-0.029,-0.0295,-4.760434335253939e-14
31,83,1,-0.003,0.0015,-2.40075596773863e-14
31,84,1,0.037,0.017499999999999998,-7.883684657435884e-29
31,85,1,0.02,0.0075,2.400755967738582e-14
31,86,1,0.032,0.005000000000000001,4.7604343352538936e-14
31,87,1,0.008,-0.0125,7.038660351451233e-14
31,88,1,-0.002,0.009000000000000001,9.196452937549945e-14
31,89,1,0.009,0.0055,1.1196891664148692e-13
31,90,-1,0.014,0.001,1.3005748470009028e-13
31,91,1,-0.021,-0.028000000000000004,1.45920733136728e-13
31,92,-1,-0.001,-0.018000000000000002,1.592872373725257e-13
31,93,-1,0.027,0.0005000000000000004,1.699282928141141e-13
31,94,1,-0.025,-0.018000000000000002,1.7766182805262941e-13
31,95,-1,-0.001,-0.004,1.8235552015599982e-13
32,0,-1,-0.015,-0.025,7.866858292761076e-14
32,1,-1,0.017,0.024,7.799556229513916e-14
32,2,-1,-0.002,-0.023,7.598801596734251e-14
32,3,1,-0.023,-0.004,7.268029361848642e-14
32,4,1,0.004,-0.003,6.812899129503371e-14
32,5,-1,-0.02,-0.006500000000000001,6.241198304159804e-14
32,6,1,0.017,-0.0009999999999999992,5.562708845444983e-14
32,7,-1,-0.043,-0.028499999999999998,4.789039896110337e-14
32,8,-1,-0.019,-0.0095,3.9334291463805385e-14
32,9,-1,-0.021,0.012499999999999999,3.010516333403579e-14
32,10,-1,0.018,-0.0035000000000000014,2.03609275128927e-14
32,11,-1,0.031,0.016,1.02683105768884e-14
32,12,-1,-0.006,-0.0165,4.817061413787832e-30
32,13,-1,0.003,0.002,-1.0268310576888374e-14
32,14,1,0.019,-0.019000000000000003,-2.0360927512892674e-14
32,15,1,0.035,-0.002999999999999999,-3.0105163334035764e-14
32,16,1,-0.033,-0.004,-3.9334291463805366e-14
32,17,1,-0.044,-0.0024999999999999988,-4.789039896110334e-14
32,18,1,0.026,0.015,-5.562708845444982e-14
32,19,-1,-0.021,-0.016,-6.241198304159802e-14
32,20,-1,-0.028,-0.009500000000000001,-6.81289912950337e-14
32,21,-1,0.018,-0.0010000000000000009,-7.268029361848642e-14
32,22,-1,-0.027,-0.0115,-7.59880159673425e-14
32,23,1,0.0,0.006,-7.799556229513916e-14
32,24,1,-0.029,-0.0195,-7.866858292761076e-14
32,25,-1,-0.004,0.0015,-7.799556229513916e-14
32,26,1,-0.01,0.002,-7.598801596734253e-14
32,27,-1,-0.037,-0.0165,-7.268029361848644e-14
32,28,-1,-0.051,-0.0385,-6.812899129503372e-14
32,29,-1,-0.002,0.0115,-6.241198304159805e-14
32,30,-1,0.02,-0.002999999999999999,-5.5627088454449855e-14
32,31,-1,-0.012,-0.0085,-4.7890398961103385e-14
32,32,1,0.011,0.020499999999999997,-3.9334291463805416e-14
32,33,-1,0.044,0.009499999999999998,-3.0105163334035833e-14
32,34,-1,-0.01,0.003999999999999999,-2.0360927512892743e-14
32,35,-1,-0.019,-0.0075,-1.0268310576888461e-14
32,36,1,0.006,0.023,-1.4451184241363493e-29
32,37,-1,0.004,-0.014,1.0268310576888365e-14
32,38,1,-0.013,0.0015000000000000005,2.0360927512892645e-14
32,39,-1,-0.037,-0.014499999999999999,3.010516333403574e-14
32,40,1,0.027,0.015,3.933429146380533e-14
32,41,-1,0.036,0.022,4.789039896110331e-14
32,42,-1,-0.047,-0.006999999999999999,5.5627088454449817e-14
32,43,-1,0.03,0.0155,6.241198304159801e-14
32,44,1,-0.005,0.0025,6.812899129503368e-14
32,45,1,-0.012,-0.008,7.26802936184864e-14
32,46,-1,-0.017,-0.0115,7.59880159673425e-14
32,47,-1,-0.024,0.0014999999999999996,7.799556229513914e-14
32,48,1,-0.022,-0.0055,7.866858292761076e-14
32,49,1,0.015,-0.007000000000000001,7.799556229513916e-14
32,50,1,0.009,0.013999999999999999,7.598801596734253e-14
32,51,-1,0.013,0.0225,7.268029361848644e-14
32,52,-1,0.042,0.014000000000000002,6.812899129503373e-14
32,53,-1,0.011,-0.0015000000000000005,6.241198304159809e-14
32,54,1,-0.005,-0.0095,5.562708845444989e-14
32,55,1,0.008,0.0035,4.78903989611034e-14
32,56,-1,0.003,0.0155,3.933429146380542e-14
32,57,1,0.013,0.013,3.010516333403584e-14
32,58,1,0.01,-0.002,2.0360927512892753e-14
32,59,1,0.008,0.0045000000000000005,1.0268310576888472e-14
32,60,-1,0.0,-0.0065,9.395704473363273e-29
32,61,1,-0.003,0.015500000000000002,-1.0268310576888354e-14
32,62,-1,-0.03,-0.012,-2.036092751289264e-14
32,63,-1,-0.02,-0.0155,-3.010516333403566e-14
32,64,1,0.026,0.0225,-3.9334291463805315e-14
32,65,1,-0.023,-0.013,-4.789039896110336e-14
32,66,-1,0.003,-0.0025,-5.562708845444976e-14
32,67,-1,0.044,0.036,-6.2411983041598e-14
32,68,1,0.003,0.0015,-6.812899129503364e-14
32,69,-1,0.037,0.012499999999999999,-7.268029361848639e-14
32,70,1,0.039,0.016,-7.598801596734247e-14
32,71,1,0.026,0.0024999999999999988,-7.799556229513914e-14
32,72,1,-0.011,-0.004999999999999999,-7.866858292761076e-14
32,73,1,0.041,0.0325,-7.799556229513917e-14
32,74,1,0.001,-0.0005,-7.598801596734253e-14
32,75,1,0.036,0.011999999999999999,-7.268029361848647e-14
32,76,-1,0.021,0.018000000000000002,-6.812899129503375e-14
32,77,1,0.052,0.015,-6.241198304159804e-14
32,78,1,0.031,0.0034999999999999996,-5.56270884544499e-14
32,79,1,-0.01,0.0055000000000000005,-4.7890398961103404e-14
32,80,-1,-0.005,-0.015000000000000001,-3.9334291463805486e-14
32,81,-1,0.004,-0.033499999999999995,-3.0105163334035846e-14
32,82,1,0.025,-0.012999999999999998,-2.0360927512892825e-14
32,83,-1,0.016,0.017,-1.0268310576888481e-14
32,84,1,0.004,-0.0105,-3.3719429896514817e-29
32,85,-1,0.04,0.0295,1.0268310576888276e-14
32,86,1,-0.004,-0.013,2.036092751289263e-14
32,87,1,0.025,0.018500000000000003,3.0105163334035657e-14
32,88,1,0.007,-0.018,3.933429146380531e-14
32,89,1,0.013,0.0014999999999999996,4.789039896110324e-14
32,90,1,0.001,0.0145,5.5627088454449754e-14
32,91,1,0.004,-0.013,6.2411983041598e-14
32,92,-1,-0.001,0.0035,6.812899129503363e-14
32,93,-1,-0.02,-0.013000000000000001,7.268029361848639e-14
32,94,1,-0.006,-0.002,7.598801596734247e-14
32,95,-1,0.025,0.002,7.799556229513914e-14
33,0,1,0.042,0.021,3.364746159124652e-14
33,1,1,-0.005,-0.028999999999999998,3.335960289291401e-14
33,2,-1,-0.009,-0.0125,3.2500952140054484e-14
33,3,-1,-0.027,-0.028999999999999998,3.108620108511231e-14
33,4,-1,-0.024,-0.007500000000000001,2.913955651088066e-14
33,5,1,0.034,0.0125,2.669432604573647e-14
33,6,1,-0.023,-0.013,2.3792348260884315e-14
33,7,1,0.013,0.001,2.0483276800803273e-14
33,8,-1,-0.028,-0.007500000000000001,1.6823730795623262e-14
33,9,1,-0.001,0.0005,1.2876326092110746e-14
33,10,-1,-0.031,-0.031,8.708603879170174e-15
33,11,1,0.021,0.005000000000000001,4.39187503937585e-15
33,12,-1,-0.011,-0.0045,2.0603128068576777e-30
33,13,-1,0.029,0.0010000000000000009,-4.391875039375839e-15
33,14,1,-0.016,-0.006500000000000001,-8.708603879170163e-15
33,15,1,-0.016,-0.0035000000000000005,-1.2876326092110734e-14
33,16,-1,-0.021,0.0034999999999999996,-1.6823730795623253e-14
33,17,-1,0.009,0.011,-2.048327680080326e-14
33,18,1,-0.027,0.004499999999999999,-2.3792348260884312e-14
33,19,-1,0.004,0.0245,-2.669432604573646e-14
33,20,-1,0.003,0.0095,-2.913955651088065e-14
33,21,1,0.036,0.000499999999999997,-3.108620108511231e-14
33,22,-1,0.015,-0.007000000000000001,-3.250095214005448e-14
33,23,1,-0.027,-0.016,-3.335960289291401e-14
33,24,-1,-0.03,-0.0315,-3.364746159124652e-14
33,25,1,-0.041,-0.009000000000000001,-3.335960289291402e-14
33,26,-1,-0.009,-0.012,-3.2500952140054484e-14
33,27,-1,-0.002,0.007500000000000001,-3.1086201085112316e-14
33,28,1,-0.004,-0.006,-2.913955651088066e-14
33,29,1,0.032,0.007000000000000001,-2.6694326045736472e-14
33,30,-1,-0.053,-0.013,-2.3792348260884328e-14
33,31,-1,0.007,-0.008,-2.048327680080328e-14
33,32,1,0.025,0.0165,-1.6823730795623275e-14
33,33,-1,0.007,0.0155,-1.2876326092110761e-14
33,34,-1,0.011,0.009,-8.708603879170193e-15
33,35,-1,-0.006,0.011,-4.391875039375876e-15
33,36,1,0.018,0.013499999999999998,-6.180938420573033e-30
33,37,-1,-0.009,0.014499999999999999,4.391875039375835e-15
33,38,-1,-0.003,0.008,8.708603879170152e-15
33,39,-1,0.003,0.017,1.2876326092110723e-14
33,40,1,-0.005,-0.006,1.6823730795623237e-14
33,41,1,0.011,-0.001,2.0483276800803245e-14
33,42,-1,0.024,0.016,2.379234826088431e-14
33,43,-1,-0.003,0.0255,2.6694326045736456e-14
33,44,1,-0.003,0.004999999999999999,2.913955651088065e-14
33,45,1,-0.01,-0.011,3.1086201085112304e-14
33,46,1,0.011,0.0055,3.250095214005448e-14
33,47,1,-0.07,-0.035,3.335960289291401e-14
33,48,1,0.017,0.026000000000000002,3.364746159124652e-14
33,49,1,0.016,0.014499999999999999,3.335960289291402e-14
33,50,-1,0.005,0.0105,3.2500952140054484e-14
33,51,1,0.019,0.0225,3.108620108511232e-14
33,52,1,-0.039,-0.027,2.913955651088067e-14
33,53,-1,0.038,0.0055,2.6694326045736488e-14
33,54,1,-0.025,-0.006500000000000001,2.379234826088434e-14
33,55,1,0.044,0.015,2.0483276800803283e-14
33,56,-1,-0.043,-0.012499999999999999,1.6823730795623278e-14
33,57,1,0.037,0.0115,1.2876326092110766e-14
33,58,1,0.026,0.005999999999999999,8.708603879170196e-15
33,59,1,0.021,0.004000000000000001,4.391875039375881e-15
33,60,-1,0.015,0.016,4.018651329732238e-29
33,61,-1,0.015,-0.004,-4.39187503937583e-15
33,62,1,0.011,0.006,-8.708603879170149e-15
33,63,1,0.058,0.0285,-1.287632609211069e-14
33,64,1,0.008,-0.0075,-1.6823730795623234e-14
33,65,1,0.014,0.018,-2.048327680080327e-14
33,66,-1,-0.04,0.0005000000000000004,-2.3792348260884287e-14
33,67,-1,-0.004,0.0005,-2.6694326045736453e-14
33,68,1,0.023,0.022,-2.9139556510880636e-14
33,69,-1,0.025,0.011000000000000001,-3.10862010851123e-14
33,70,-1,-0.008,-0.007,-3.2500952140054465e-14
33,71,-1,0.022,-0.003000000000000001,-3.335960289291401e-14
33,72,-1,-0.02,-0.005,-3.364746159124652e-14
33,73,1,0.012,-0.011000000000000001,-3.3359602892914024e-14
33,74,-1,-0.008,-0.010499999999999999,-3.2500952140054484e-14
33,75,-1,-0.031,0.005999999999999998,-3.108620108511233e-14
33,76,1,-0.031,-0.002999999999999999,-2.9139556510880674e-14
33,77,1,0.023,-0.0025000000000000005,-2.669432604573647e-14
33,78,1,0.024,0.0115,-2.3792348260884347e-14
33,79,1,0.011,-0.019000000000000003,-2.0483276800803286e-14
33,80,1,0.013,-0.0085,-1.6823730795623303e-14
33,81,1,0.012,0.010499999999999999,-1.2876326092110769e-14
33,82,-1,0.046,0.033,-8.708603879170229e-15
33,83,1,0.009,-0.018,-4.391875039375885e-15
33,84,1,0.034,0.003000000000000001,-1.4422189648003744e-29
33,85,1,0.026,-0.002,4.391875039375797e-15
33,86,1,-0.04,-0.009000000000000001,8.708603879170144e-15
33,87,1,-0.002,0.007,1.2876326092110687e-14
33,88,1,0.006,0.003,1.682373079562323e-14
33,89,-1,-0.019,-0.0135,2.0483276800803217e-14
33,90,1,0.003,0.002,2.3792348260884284e-14
33,91,-1,-0.002,-0.006,2.6694326045736453e-14
33,92,-1,-0.003,-0.006,2.913955651088063e-14
33,93,1,-0.01,-0.030000000000000002,3.10862010851123e-14
33,94,1,0.033,0.008,3.2500952140054465e-14
33,95,1,-0.003,-0.006999999999999999,3.335960289291401e-14
34,0,-1,-0.044,-0.0315,1.4391407972559932e-14
34,1,1,-0.009,0.006000000000000001,1.426828748232863e-14
34,2,1,-0.023,0.0005000000000000004,1.3901032637358038e-14
34,3,-1,-0.013,-0.015,1.3295927269867876e-14
34,4,1,-0.05,-0.018000000000000002,1.2463324900462806e-14
34,5,-1,-0.001,-0.006,1.1417471586524337e-14
34,6,-1,-0.04,-0.032,1.0176262168219273e-14
34,7,1,0.009,0.0235,8.76093408282308e-15
34,8,-1,-0.03,-0.009999999999999998,7.195703986279968e-15
34,9,-1,0.018,-0.012499999999999999,5.507353399505554e-15
34,10,-1,-0.008,-0.003,3.724770469138769e-15
34,11,1,0.016,0.005,1.8784556833435425e-15
34,12,-1,-0.03,-0.011,8.812195854409611e-31
34,13,1,0.009,-0.007500000000000001,-1.8784556833435378e-15
34,14,1,-0.017,-0.02,-3.724770469138764e-15
34,15,1,0.019,0.0115,-5.507353399505548e-15
34,16,1,-0.045,-0.020999999999999998,-7.195703986279963e-15
34,17,-1,-0.002,-0.0015,-8.760934082823075e-15
34,18,-1,-0.034,-0.024,-1.0176262168219271e-14
34,19,-1,-0.029,-0.009000000000000001,-1.1417471586524334e-14
34,20,-1,0.055,0.022,-1.2463324900462803e-14
34,21,-1,-0.02,-0.0105,-1.3295927269867876e-14
34,22,1,0.011,0.019,-1.3901032637358037e-14
34,23,1,-0.016,-0.0085,-1.426828748232863e-14
34,24,-1,0.01,0.006500000000000001,-1.4391407972559932e-14
34,25,1,-0.02,-0.022,-1.4268287482328633e-14
34,26,1,-0.014,-0.0085,-1.390103263735804e-14
34,27,-1,0.008,0.0055,-1.3295927269867879e-14
34,28,-1,-0.045,-0.011999999999999999,-1.2463324900462808e-14
34,29,1,-0.009,-0.021,-1.1417471586524338e-14
34,30,-1,0.005,0.001,-1.0176262168219277e-14
34,31,1,0.046,0.019,-8.760934082823083e-15
34,32,1,-0.047,-0.002999999999999999,-7.195703986279972e-15
34,33,1,0.004,0.007,-5.507353399505561e-15
34,34,1,-0.019,0.0135,-3.724770469138777e-15
34,35,1,0.008,0.005,-1.8784556833435536e-15
34,36,-1,-0.015,0.009000000000000001,-2.643658756322883e-30
34,37,-1,-0.029,0.006,1.8784556833435362e-15
34,38,1,-0.024,-0.0055000000000000005,3.7247704691387594e-15
34,39,1,-0.031,0.0034999999999999996,5.5073533995055436e-15
34,40,1,0.014,0.0175,7.195703986279957e-15
34,41,1,0.013,0.004,8.760934082823069e-15
34,42,1,0.021,-0.004499999999999999,1.017626216821927e-14
34,43,1,0.006,0.005,1.1417471586524332e-14
34,44,-1,-0.011,-0.0034999999999999996,1.2463324900462802e-14
34,45,1,-0.024,0.0009999999999999992,1.3295927269867872e-14
34,46,1,0.019,0.0095,1.3901032637358035e-14
34,47,1,-0.037,-0.0155,1.426828748232863e-14
34,48,-1,0.01,0.025,1.4391407972559932e-14
34,49,1,0.021,0.01,1.4268287482328633e-14
34,50,-1,0.034,0.0,1.390103263735804e-14
34,51,1,0.016,0.0035000000000000005,1.329592726986788e-14
34,52,1,0.027,-0.004499999999999999,1.2463324900462811e-14
34,53,1,-0.018,-0.010499999999999999,1.1417471586524345e-14
34,54,1,-0.005,0.004999999999999999,1.0176262168219284e-14
34,55,1,0.02,0.015,8.760934082823085e-15
34,56,-1,-0.027,-0.0115,7.195703986279974e-15
34,57,-1,-0.022,-0.0235,5.5073533995055625e-15
34,58,1,0.007,0.0055,3.724770469138778e-15
34,59,-1,-0.031,0.005000000000000001,1.8784556833435555e-15
34,60,1,0.026,0.0065,1.7188235917532867e-29
34,61,-1,0.008,-0.002,-1.878455683343534e-15
34,62,1,0.025,-0.004,-3.724770469138758e-15
34,63,1,0.019,-0.0014999999999999996,-5.50735339950553e-15
34,64,-1,0.009,-0.001,-7.195703986279955e-15
34,65,1,0.002,-0.0015,-8.760934082823079e-15
34,66,1,0.022,0.019,-1.017626216821926e-14
34,67,-1,-0.042,-0.0005000000000000004,-1.141747158652433e-14
34,68,1,-0.004,-0.0135,-1.2463324900462794e-14
34,69,-1,-0.002,-0.017,-1.3295927269867871e-14
34,70,1,-0.009,-0.0065,-1.3901032637358032e-14
34,71,1,-0.009,-0.0245,-1.426828748232863e-14
34,72,1,0.045,0.0305,-1.4391407972559932e-14
34,73,1,0.03,0.0055,-1.4268287482328633e-14
34,74,-1,-0.001,0.006,-1.390103263735804e-14
34,75,1,0.043,0.006499999999999999,-1.3295927269867885e-14
34,76,1,0.0,0.015,-1.2463324900462813e-14
34,77,1,0.093,0.0485,-1.1417471586524337e-14
34,78,1,-0.014,-0.0135,-1.0176262168219285e-14
34,79,1,0.028,0.0305,-8.760934082823086e-15
34,80,-1,0.001,-0.008,-7.195703986279985e-15
34,81,-1,0.017,-0.0185,-5.507353399505564e-15
34,82,-1,0.002,-0.008,-3.724770469138792e-15
34,83,1,0.004,0.0115,-1.878455683343557e-15
34,84,1,0.006,-0.009999999999999998,-6.1685370980867274e-30
34,85,1,-0.002,-0.014499999999999999,1.8784556833435196e-15
34,86,1,-0.036,0.0025000000000000022,3.724770469138756e-15
34,87,1,0.02,-0.0034999999999999996,5.5073533995055286e-15
34,88,-1,0.007,0.0085,7.195703986279953e-15
34,89,1,-0.018,-0.0115,8.760934082823055e-15
34,90,1,0.012,0.0035,1.0176262168219258e-14
34,91,1,-0.041,-0.018000000000000002,1.141747158652433e-14
34,92,1,0.013,-0.005,1.2463324900462792e-14
34,93,1,0.035,0.031,1.3295927269867871e-14
34,94,1,0.011,0.006999999999999999,1.390103263735803e-14
34,95,1,0.011,-0.012000000000000002,1.426828748232863e-14
35,0,1,-0.016,-0.004,6.155371419951112e-15
35,1,-1,0.045,0.011999999999999999,6.102711364157745e-15
35,2,1,0.018,0.017,5.945632224932394e-15
35,3,1,0.007,-0.0105,5.6868216698977684e-15
35,4,1,-0.036,-0.035,5.330708019406356e-15
35,5,-1,-0.013,-0.002,4.883384476751419e-15
35,6,1,-0.019,-0.0045,4.352504871769299e-15
35,7,-1,-0.008,-0.003,3.747152701688877e-15
35,8,1,-0.035,-0.0175,3.077685709975557e-15
35,9,-1,0.003,0.003,2.3555586624688686e-15
35,10,1,-0.023,-0.006,1.5931273531630954e-15
35,11,1,0.015,0.003,8.034371931463515e-16
35,12,-1,-0.005,0.006999999999999999,3.769077953503114e-31
35,13,1,-0.033,-0.026000000000000002,-8.034371931463494e-16
35,14,1,-0.029,-0.013000000000000001,-1.5931273531630934e-15
35,15,-1,-0.008,-0.023,-2.3555586624688662e-15
35,16,-1,-0.016,-0.018500000000000003,-3.077685709975555e-15
35,17,-1,-0.017,-0.0010000000000000009,-3.747152701688875e-15
35,18,-1,0.004,0.004,-4.352504871769299e-15
35,19,-1,-0.031,0.009000000000000001,-4.883384476751417e-15
35,20,1,0.021,-0.007999999999999998,-5.330708019406354e-15
35,21,1,-0.034,-0.021,-5.6868216698977684e-15
35,22,-1,0.005,0.0055,-5.945632224932393e-15
35,23,-1,-0.017,-0.043000000000000003,-6.102711364157745e-15
35,24,-1,0.015,0.0125,-6.155371419951112e-15
35,25,-1,-0.023,-0.018,-6.102711364157746e-15
35,26,-1,-0.017,0.0014999999999999996,-5.9456322249323946e-15
35,27,1,-0.009,-0.008,-5.68682166989777e-15
35,28,-1,0.041,0.026000000000000002,-5.330708019406357e-15
35,29,-1,-0.009,0.0025000000000000005,-4.8833844767514196e-15
35,30,1,-0.02,0.0165,-4.352504871769302e-15
35,31,-1,-0.014,-0.0085,-3.747152701688878e-15
35,32,1,-0.025,0.002,-3.077685709975559e-15
35,33,-1,0.02,0.014,-2.3555586624688714e-15
35,34,1,-0.005,0.0055,-1.5931273531630987e-15
35,35,-1,-0.026,-0.0075,-8.034371931463562e-16
35,36,-1,-0.045,-0.017,-1.130723386050934e-30
35,37,1,-0.001,0.006,8.034371931463488e-16
35,38,-1,0.027,0.004,1.5931273531630912e-15
35,39,-1,0.034,0.032,2.3555586624688643e-15
35,40,-1,-0.029,-0.021,3.077685709975552e-15
35,41,1,0.022,0.0075,3.747152701688872e-15
35,42,-1,-0.026,-0.0004999999999999987,4.3525048717692986e-15
35,43,-1,-0.041,-0.0125,4.8833844767514164e-15
35,44,-1,0.009,0.006999999999999999,5.3307080194063535e-15
35,45,-1,0.001,0.0175,5.686821669897768e-15
35,46,1,0.001,0.0125,5.945632224932392e-15
35,47,1,0.04,0.022,6.102711364157744e-15
35,48,1,-0.03,-0.0395,6.155371419951112e-15
35,49,1,-0.021,0.0,6.102711364157746e-15
35,50,1,-0.003,-0.004,5.9456322249323946e-15
35,51,1,0.001,-0.0155,5.686821669897771e-15
35,52,-1,0.011,0.02,5.3307080194063575e-15
35,53,1,-0.008,-0.003,4.883384476751422e-15
35,54,1,0.011,0.012,4.352504871769304e-15
35,55,-1,-0.03,-0.027999999999999997,3.747152701688879e-15
35,56,-1,-0.011,0.028500000000000004,3.0776857099755596e-15
35,57,-1,-0.027,-0.025,2.355558662468872e-15
35,58,-1,-0.011,-0.0335,1.5931273531630995e-15
35,59,1,-0.013,-0.0325,8.034371931463571e-16
35,60,-1,0.035,0.008500000000000002,7.351607037191051e-30
35,61,1,0.011,0.0055,-8.03437193146348e-16
35,62,-1,0.008,-0.013500000000000002,-1.5931273531630906e-15
35,63,1,0.041,0.0235,-2.3555586624688583e-15
35,64,-1,-0.004,0.0085,-3.0776857099755513e-15
35,65,1,-0.023,0.0075,-3.747152701688877e-15
35,66,1,0.0,-0.0015,-4.352504871769294e-15
35,67,-1,-0.028,0.003000000000000001,-4.883384476751416e-15
35,68,1,0.012,0.0005000000000000004,-5.330708019406351e-15
35,69,1,0.008,-0.0095,-5.686821669897767e-15
35,70,1,0.042,0.0285,-5.945632224932391e-15
35,71,-1,0.026,-0.004000000000000002,-6.102711364157744e-15
35,72,1,0.005,-0.029500000000000002,-6.155371419951112e-15
35,73,1,-0.016,-0.0135,-6.1027113641577465e-15
35,74,1,0.004,-0.0165,-5.9456322249323946e-15
35,75,1,-0.011,-0.014,-5.686821669897773e-15
35,76,1,0.017,-0.004999999999999999,-5.330708019406358e-15
35,77,1,0.014,-0.001,-4.883384476751419e-15
35,78,1,-0.014,-0.017,-4.352504871769305e-15
35,79,1,-0.008,-0.0125,-3.74715270168888e-15
35,80,-1,-0.008,-0.0045000000000000005,-3.0776857099755643e-15
35,81,-1,0.061,0.0495,-2.355558662468873e-15
35,82,-1,0.005,0.0055,-1.5931273531631052e-15
35,83,1,0.028,0.0185,-8.034371931463578e-16
35,84,1,0.025,-0.008,-2.63835456745218e-30
35,85,-1,0.054,0.0,8.034371931463418e-16
35,86,1,0.021,0.0115,1.5931273531630899e-15
35,87,1,0.003,-0.015500000000000002,2.355558662468858e-15
35,88,1,-0.02,-0.026500000000000003,3.0776857099755505e-15
35,89,-1,0.035,0.0025000000000000022,3.7471527016888665e-15
35,90,1,-0.026,0.003000000000000001,4.352504871769294e-15
35,91,1,0.008,0.006,4.883384476751416e-15
35,92,-1,0.017,0.0195,5.33070801940635e-15
35,93,1,-0.01,-0.016,5.686821669897767e-15
35,94,-1,-0.005,-0.009,5.945632224932391e-15
35,95,-1,-0.003,-0.024,6.102711364157744e-15
36,0,-1,-0.032,-0.036500000000000005,2.632723454841463e-15
36,1,1,-0.01,-0.017,2.6102001407208734e-15
36,2,1,-0.005,0.0019999999999999996,2.543015578508351e-15
36,3,1,-0.006,0.0014999999999999996,2.4323193146904306e-15
36,4,1,-0.021,-0.009500000000000001,2.2800053930318407e-15
36,5,-1,-0.02,-0.011,2.0886799469615558e-15
36,6,1,0.015,0.0135,1.861616607907274e-15
36,7,1,0.007,0.0155,1.602700492554065e-15
36,8,-1,-0.027,-0.006,1.3163617274207317e-15
36,9,1,-0.032,-0.0010000000000000009,1.0074996481668087e-15
36,10,-1,-0.021,-0.0175,6.813989706010775e-16
36,11,1,0.011,0.0029999999999999996,3.4363936772887543e-16
36,12,1,-0.026,-0.018,1.6120781760058795e-31
36,13,1,0.026,0.016,-3.4363936772887455e-16
36,14,-1,0.02,0.018500000000000003,-6.813989706010766e-16
36,15,-1,-0.017,-0.007000000000000001,-1.0074996481668077e-15
36,16,-1,0.012,0.020999999999999998,-1.3163617274207312e-15
36,17,-1,-0.002,-0.012,-1.6027004925540643e-15
36,18,-1,0.01,-0.0024999999999999996,-1.8616166079072738e-15
36,19,-1,-0.032,-0.0085,-2.0886799469615554e-15
36,20,-1,-0.033,-0.0335,-2.28000539303184e-15
36,21,-1,-0.002,0.002,-2.4323193146904306e-15
36,22,1,0.032,0.017,-2.5430155785083505e-15
36,23,1,-0.033,0.0010000000000000009,-2.6102001407208734e-15
36,24,-1,0.002,0.0025,-2.632723454841463e-15
36,25,-1,0.015,0.015,-2.6102001407208738e-15
36,26,1,-0.026,-0.004499999999999999,-2.5430155785083513e-15
36,27,1,0.012,0.0035,-2.4323193146904314e-15
36,28,-1,0.003,0.0005,-2.2800053930318407e-15
36,29,-1,-0.013,-0.0014999999999999996,-2.088679946961556e-15
36,30,-1,-0.003,-0.0025,-1.861616607907275e-15
36,31,-1,-0.012,-0.0075,-1.6027004925540657e-15
36,32,-1,0.012,0.0015000000000000005,-1.3163617274207327e-15
36,33,-1,0.052,0.0195,-1.00749964816681e-15
36,34,1,-0.013,0.018000000000000002,-6.81398970601079e-16
36,35,-1,-0.018,-0.0024999999999999996,-3.436393677288775e-16
36,36,-1,0.008,-0.012,-4.836234528017638e-31
36,37,1,-0.015,0.0025000000000000005,3.436393677288743e-16
36,38,-1,0.044,0.063,6.813989706010757e-16
36,39,1,-0.032,0.002999999999999999,1.007499648166807e-15
36,40,1,-0.021,-0.0235,1.3163617274207298e-15
36,41,1,-0.025,-0.0325,1.6027004925540631e-15
36,42,1,-0.033,0.015,1.8616166079072734e-15
36,43,1,-0.04,-0.021,2.088679946961555e-15
36,44,-1,0.045,0.03,2.2800053930318396e-15
36,45,-1,-0.017,0.0235,2.4323193146904302e-15
36,46,1,-0.001,-0.003,2.5430155785083505e-15
36,47,1,-0.003,0.0115,2.6102001407208734e-15
36,48,1,-0.028,-0.0045000000000000005,2.632723454841463e-15
36,49,1,0.024,-0.002,2.6102001407208738e-15
36,50,-1,-0.001,-0.013000000000000001,2.5430155785083513e-15
36,51,1,-0.023,-0.025500000000000002,2.4323193146904314e-15
36,52,-1,0.025,0.0195,2.2800053930318415e-15
36,53,1,0.027,0.024,2.0886799469615573e-15
36,54,1,-0.015,-0.0125,1.861616607907276e-15
36,55,-1,0.006,-0.002,1.602700492554066e-15
36,56,-1,-0.02,-0.027999999999999997,1.316361727420733e-15
36,57,-1,-0.006,0.0045,1.0074996481668103e-15
36,58,1,-0.032,-0.007000000000000001,6.8139897060107915e-16
36,59,1,0.011,0.0034999999999999996,3.4363936772887785e-16
36,60,-1,0.033,0.015000000000000001,3.1443672456314845e-30
36,61,-1,-0.003,0.0125,-3.436393677288739e-16
36,62,-1,-0.011,0.013,-6.813989706010754e-16
36,63,1,-0.003,-0.0115,-1.0074996481668044e-15
36,64,1,0.015,0.0065,-1.3163617274207296e-15
36,65,-1,-0.004,-0.015,-1.6027004925540649e-15
36,66,1,0.02,-0.0095,-1.861616607907272e-15
36,67,-1,0.011,0.0165,-2.0886799469615546e-15
36,68,1,-0.02,-0.028499999999999998,-2.2800053930318384e-15
36,69,1,0.022,0.005999999999999999,-2.43231931469043e-15
36,70,1,-0.007,0.014499999999999999,-2.5430155785083497e-15
36,71,-1,-0.019,-0.0185,-2.6102001407208734e-15
36,72,1,-0.01,0.005,-2.632723454841463e-15
36,73,-1,0.022,-0.005000000000000001,-2.610200140720874e-15
36,74,1,-0.019,-0.014499999999999999,-2.5430155785083513e-15
36,75,1,0.024,0.0,-2.4323193146904322e-15
36,76,-1,-0.018,-0.003999999999999999,-2.280005393031842e-15
36,77,1,0.047,0.025,-2.0886799469615558e-15
36,78,1,-0.031,-0.0135,-1.861616607907276e-15
36,79,-1,-0.017,-0.013000000000000001,-1.6027004925540663e-15
36,80,1,0.036,0.0305,-1.3163617274207351e-15
36,81,1,0.015,-0.0025000000000000005,-1.0074996481668107e-15
36,82,1,0.018,0.008499999999999999,-6.813989706010817e-16
36,83,-1,-0.046,-0.0024999999999999988,-3.4363936772887814e-16
36,84,1,0.003,-0.0095,-1.1284547232041157e-30
36,85,-1,0.0,-0.009,3.436393677288713e-16
36,86,1,-0.018,-0.04,6.813989706010751e-16
36,87,1,0.019,0.009,1.0074996481668042e-15
36,88,1,0.013,-0.008,1.3163617274207292e-15
36,89,1,0.004,0.0005,1.6027004925540607e-15
36,90,-1,-0.008,0.0045000000000000005,1.8616166079072714e-15
36,91,1,0.017,-0.0075,2.0886799469615546e-15
36,92,-1,-0.022,-0.020499999999999997,2.2800053930318384e-15
36,93,1,0.012,0.023,2.43231931469043e-15
36,94,1,0.029,-0.004499999999999999,2.5430155785083493e-15
36,95,1,0.028,0.0010000000000000009,2.6102001407208734e-15
37,0,1,-0.029,-0.016,1.126046231297513e-15
37,1,1,0.028,0.011,1.1164127496892644e-15
37,2,1,-0.006,0.007500000000000001,1.0876771364057415e-15
37,3,-1,0.012,-0.011000000000000001,1.0403310657572427e-15
37,4,-1,-0.02,-0.0195,9.751846421393742e-16
37,5,-1,-0.014,-0.015,8.933525389222389e-16
37,6,-1,-0.016,-0.007,7.96234926080027e-16
37,7,1,-0.02,0.0009999999999999992,6.854935128945584e-16
37,8,-1,0.01,0.013500000000000002,5.630231156487566e-16
37,9,1,0.025,0.004,4.3091923679470614e-16
37,10,1,0.023,0.004,2.9144221032571476e-16
37,11,1,-0.028,0.0,1.4697852683500398e-16
37,12,1,-0.011,-0.0215,6.895044564252197e-32
37,13,-1,0.04,0.0034999999999999996,-1.469785268350036e-16
37,14,1,-0.045,-0.036,-2.914422103257144e-16
37,15,-1,0.003,0.023,-4.3091923679470574e-16
37,16,1,-0.008,0.013999999999999999,-5.630231156487563e-16
37,17,1,-0.018,-0.013,-6.85493512894558e-16
37,18,-1,-0.019,-0.010499999999999999,-7.962349260800269e-16
37,19,-1,0.031,0.033,-8.933525389222387e-16
37,20,-1,0.024,0.0025000000000000005,-9.75184642139374e-16
37,21,-1,0.015,-0.007000000000000001,-1.0403310657572427e-15
37,22,-1,0.001,0.002,-1.0876771364057415e-15
37,23,-1,0.017,0.0105,-1.1164127496892644e-15
37,24,-1,-0.032,-0.0195,-1.126046231297513e-15
37,25,-1,-0.016,-0.008,-1.1164127496892646e-15
37,26,-1,0.004,0.011,-1.0876771364057417e-15
37,27,-1,-0.015,0.0014999999999999996,-1.0403310657572429e-15
37,28,-1,0.006,0.0005,-9.751846421393744e-16
37,29,-1,0.012,0.0125,-8.93352538922239e-16
37,30,1,0.01,-0.0014999999999999996,-7.962349260800274e-16
37,31,1,-0.027,-0.0215,-6.854935128945586e-16
37,32,1,0.004,0.004,-5.63023115648757e-16
37,33,-1,-0.021,0.002,-4.309192367947067e-16
37,34,1,0.022,0.0235,-2.914422103257154e-16
37,35,-1,-0.003,0.016999999999999998,-1.4697852683500487e-16
37,36,1,0.022,0.0225,-2.068513369275659e-31
37,37,1,0.009,0.0029999999999999996,1.469785268350035e-16
37,38,1,-0.029,-0.02,2.91442210325714e-16
37,39,-1,-0.051,-0.0225,4.309192367947054e-16
37,40,-1,-0.02,0.004,5.630231156487557e-16
37,41,-1,-0.043,-0.0215,6.854935128945575e-16
37,42,-1,-0.003,0.015000000000000001,7.962349260800268e-16
37,43,1,-0.018,-0.006499999999999999,8.933525389222385e-16
37,44,-1,-0.004,-0.004,9.751846421393738e-16
37,45,1,0.007,0.011,1.0403310657572423e-15
37,46,-1,0.001,-0.008,1.0876771364057413e-15
37,47,1,0.017,0.029,1.1164127496892644e-15
37,48,-1,0.009,0.0029999999999999996,1.126046231297513e-15
37,49,-1,-0.01,0.009500000000000001,1.1164127496892646e-15
37,50,-1,-0.027,-0.0065,1.0876771364057417e-15
37,51,-1,-0.013,-0.009,1.0403310657572429e-15
37,52,-1,0.041,0.0175,9.751846421393746e-16
37,53,-1,0.01,0.0095,8.933525389222394e-16
37,54,1,0.008,0.006500000000000001,7.962349260800279e-16
37,55,1,0.018,0.012,6.854935128945588e-16
37,56,-1,0.011,-0.0055,5.630231156487571e-16
37,57,1,0.002,0.005,4.3091923679470683e-16
37,58,1,-0.002,-0.006,2.914422103257155e-16
37,59,-1,-0.022,-0.012499999999999999,1.4697852683500502e-16
37,60,-1,0.002,-0.0005,1.3448821904357167e-30
37,61,-1,0.057,0.011,-1.4697852683500334e-16
37,62,1,0.0,0.0,-2.914422103257139e-16
37,63,1,0.006,0.003,-4.309192367947043e-16
37,64,1,-0.007,-0.012499999999999999,-5.630231156487556e-16
37,65,1,0.034,0.033,-6.854935128945583e-16
37,66,-1,0.005,0.001,-7.96234926080026e-16
37,67,1,0.052,0.024,-8.933525389222385e-16
37,68,-1,0.003,0.002,-9.751846421393734e-16
37,69,-1,-0.035,-0.0075000000000000015,-1.0403310657572423e-15
37,70,1,0.035,0.014500000000000002,-1.0876771364057411e-15
37,71,1,0.025,0.018500000000000003,-1.1164127496892644e-15
37,72,1,0.027,0.016,-1.126046231297513e-15
37,73,-1,0.003,-0.001,-1.1164127496892646e-15
37,74,-1,-0.044,-0.0165,-1.0876771364057417e-15
37,75,1,-0.007,0.0005,-1.0403310657572433e-15
37,76,1,-0.022,-0.008,-9.751846421393748e-16
37,77,1,-0.001,-0.0155,-8.933525389222389e-16
37,78,1,-0.041,-0.007000000000000001,-7.962349260800281e-16
37,79,1,-0.026,-0.0034999999999999996,-6.854935128945589e-16
37,80,-1,-0.038,-0.025,-5.63023115648758e-16
37,81,1,-0.016,-0.003,-4.3091923679470693e-16
37,82,1,-0.011,-0.0095,-2.914422103257166e-16
37,83,-1,0.002,-0.019,-1.4697852683500514e-16
37,84,-1,0.035,0.015000000000000001,-4.826531194976538e-31
37,85,1,-0.007,-0.009,1.469785268350022e-16
37,86,1,0.004,0.0015,2.9144221032571377e-16
37,87,-1,0.01,0.021500000000000002,4.3091923679470416e-16
37,88,-1,0.013,0.0165,5.630231156487555e-16
37,89,1,-0.012,0.0004999999999999996,6.854935128945566e-16
37,90,1,-0.015,-0.0095,7.962349260800259e-16
37,91,-1,-0.002,-0.008,8.933525389222385e-16
37,92,-1,0.012,0.0,9.751846421393732e-16
37,93,1,0.015,0.0115,1.0403310657572423e-15
37,94,1,0.049,0.019000000000000003,1.087677136405741e-15
37,95,-1,-0.02,-0.0175,1.1164127496892644e-15
38,0,-1,0.015,0.018000000000000002,4.816229796895577e-16
38,1,-1,0.033,0.018000000000000002,4.77502628332755e-16
38,2,1,0.004,-0.026500000000000003,4.652120746164392e-16
38,3,-1,-0.041,-0.031,4.449616133222815e-16
38,4,1,-0.021,0.0095,4.170977354575137e-16
38,5,-1,-0.029,0.004999999999999999,3.8209719969772837e-16
38,6,1,-0.037,-0.016,3.405588749137571e-16
38,7,1,-0.018,-0.003999999999999999,2.931934933592532e-16
38,8,-1,0.024,0.02,2.408114898447789e-16
38,9,-1,-0.043,-0.032,1.8430913497350188e-16
38,10,-1,-0.001,-0.0105,1.2465319970268218e-16
38,11,1,-0.045,-0.0255,6.286441362455326e-17
38,12,1,0.015,-0.002,2.9490902023631377e-32
38,13,-1,0.052,0.011999999999999999,-6.28644136245531e-17
38,14,-1,-0.021,-0.0165,-1.24653199702682e-16
38,15,-1,-0.014,-0.0105,-1.8430913497350173e-16
38,16,1,-0.011,-0.009,-2.4081148984477874e-16
38,17,-1,0.004,0.0225,-2.9319349335925303e-16
38,18,-1,-0.005,0.014,-3.4055887491375705e-16
38,19,-1,-0.006,0.001,-3.820971996977282e-16
38,20,1,0.004,0.006,-4.170977354575136e-16
38,21,-1,0.041,0.021,-4.449616133222815e-16
38,22,1,0.001,0.0155,-4.652120746164391e-16
38,23,1,-0.024,-0.0155,-4.77502628332755e-16
38,24,-1,-0.031,0.009000000000000001,-4.816229796895577e-16
38,25,-1,-0.027,-0.014,-4.775026283327551e-16
38,26,-1,0.006,0.008,-4.652120746164392e-16
38,27,1,0.042,0.0235,-4.449616133222816e-16
38,28,-1,-0.014,-0.012,-4.1709773545751376e-16
38,29,1,-0.029,-0.021500000000000002,-3.820971996977284e-16
38,30,-1,0.024,-0.005500000000000001,-3.4055887491375725e-16
38,31,-1,0.017,0.005000000000000001,-2.931934933592533e-16
38,32,1,-0.009,0.0,-2.4081148984477903e-16
38,33,-1,-0.03,-0.0195,-1.8430913497350213e-16
38,34,-1,-0.042,-0.041,-1.2465319970268242e-16
38,35,-1,-0.012,-0.0115,-6.286441362455364e-17
38,36,-1,-0.023,-0.024,-8.847270607089412e-32
38,37,1,-0.013,0.0055000000000000005,6.286441362455305e-17
38,38,-1,-0.013,0.011000000000000003,1.2465319970268185e-16
38,39,1,-0.002,0.012,1.8430913497350156e-16
38,40,1,-0.032,-0.009500000000000001,2.408114898447785e-16
38,41,1,-0.007,-0.015,2.931934933592528e-16
38,42,-1,-0.034,-0.012,3.40558874913757e-16
38,43,-1,0.009,0.008,3.8209719969772817e-16
38,44,-1,-0.012,-0.006500000000000001,4.1709773545751357e-16
38,45,-1,-0.04,-0.03,4.449616133222814e-16
38,46,1,0.001,-0.008499999999999999,4.65212074616439e-16
38,47,-1,-0.001,0.009,4.77502628332755e-16
38,48,1,0.02,0.008,4.816229796895577e-16
38,49,1,0.004,0.007,4.775026283327551e-16
38,50,-1,0.0,0.0025,4.652120746164392e-16
38,51,-1,-0.022,-0.0155,4.449616133222816e-16
38,52,-1,-0.014,0.003999999999999999,4.1709773545751386e-16
38,53,-1,0.027,0.0,3.820971996977286e-16
38,54,1,-0.006,-0.032,3.405588749137575e-16
38,55,1,0.01,-0.007,2.9319349335925333e-16
38,56,1,-0.018,0.008000000000000002,2.408114898447791e-16
38,57,-1,0.03,0.0195,1.8430913497350218e-16
38,58,-1,0.022,0.013999999999999999,1.246531997026825e-16
38,59,-1,0.032,0.0135,6.28644136245537e-17
38,60,1,0.015,-0.0025000000000000005,5.752216471100937e-31
38,61,-1,0.001,-0.0215,-6.286441362455299e-17
38,62,-1,0.004,-0.006,-1.2465319970268178e-16
38,63,1,0.026,0.0065,-1.8430913497350112e-16
38,64,-1,-0.013,-0.019,-2.4081148984477844e-16
38,65,-1,0.006,0.0165,-2.9319349335925313e-16
38,66,1,0.007,0.018000000000000002,-3.4055887491375666e-16
38,67,-1,-0.041,-0.022000000000000002,-3.820971996977281e-16
38,68,-1,-0.025,-0.024,-4.170977354575133e-16
38,69,1,-0.049,-0.0315,-4.449616133222813e-16
38,70,-1,-0.038,-0.004999999999999999,-4.652120746164389e-16
38,71,-1,-0.054,-0.0034999999999999996,-4.77502628332755e-16
38,72,1,-0.003,-0.014,-4.816229796895577e-16
38,73,1,0.005,-0.011,-4.775026283327551e-16
38,74,-1,-0.039,-0.01,-4.652120746164392e-16
38,75,-1,0.017,0.008,-4.449616133222818e-16
38,76,1,-0.021,-0.0165,-4.170977354575139e-16
38,77,-1,-0.01,-0.023,-3.8209719969772837e-16
38,78,-1,0.032,0.01,-3.4055887491375755e-16
38,79,1,0.005,0.003,-2.931934933592534e-16
38,80,1,0.001,0.0075,-2.408114898447795e-16
38,81,-1,-0.045,-0.017499999999999998,-1.8430913497350223e-16
38,82,1,0.007,0.0025,-1.2465319970268294e-16
38,83,-1,-0.036,-0.018,-6.286441362455377e-17
38,84,1,0.009,-0.008,-2.064363141654196e-31
38,85,-1,0.003,-0.0085,6.286441362455251e-17
38,86,1,-0.016,-0.006500000000000001,1.2465319970268173e-16
38,87,-1,-0.03,-0.0165,1.8430913497350104e-16
38,88,-1,0.021,-0.0024999999999999988,2.408114898447784e-16
38,89,1,0.026,0.024,2.931934933592524e-16
38,90,-1,0.001,0.0015,3.405588749137566e-16
38,91,1,0.035,0.023,3.820971996977281e-16
38,92,1,0.041,0.011500000000000002,4.1709773545751327e-16
38,93,1,-0.018,-0.0365,4.449616133222813e-16
38,94,1,0.021,-0.01,4.652120746164389e-16
38,95,1,-0.018,-0.0095,4.77502628332755e-16
39,0,-1,0.005,0.005,2.0599571147071463e-16
39,1,1,-0.013,0.0005000000000000004,2.0423338960268212e-16
39,2,1,-0.008,-0.005,1.9897657781435454e-16
39,3,-1,0.003,-0.007000000000000001,1.9031522161289374e-16
39,4,1,0.001,-0.02,1.7839751920428838e-16
39,5,-1,-0.014,0.0055000000000000005,1.6342738578096098e-16
39,6,-1,0.026,-0.002,1.456609644762898e-16
39,7,1,0.006,-0.0065,1.2540224368458035e-16
39,8,-1,0.012,0.014,1.0299785573535734e-16
39,9,-1,-0.004,-0.0165,7.883114591810178e-17
39,10,-1,0.042,0.014000000000000002,5.331561333806478e-17
39,11,1,0.02,0.0025000000000000005,2.688783583193281e-17
39,12,-1,-0.002,-0.0035,1.2613599434534618e-32
39,13,1,-0.001,0.010499999999999999,-2.688783583193274e-17
39,14,1,-0.002,0.004,-5.3315613338064715e-17
39,15,-1,0.007,0.005,-7.883114591810172e-17
39,16,-1,-0.04,-0.021,-1.0299785573535728e-16
39,17,-1,-0.015,-0.0075,-1.2540224368458027e-16
39,18,-1,0.022,0.012499999999999999,-1.4566096447628977e-16
39,19,-1,0.011,0.0004999999999999996,-1.6342738578096093e-16
39,20,-1,0.026,0.0095,-1.7839751920428833e-16
39,21,-1,-0.006,-0.015,-1.9031522161289374e-16
39,22,-1,0.005,-0.006999999999999999,-1.9897657781435452e-16
39,23,-1,-0.021,0.004,-2.0423338960268212e-16
39,24,1,0.008,0.009000000000000001,-2.0599571147071463e-16
39,25,-1,-0.001,0.009,-2.0423338960268214e-16
39,26,-1,-0.013,-0.0295,-1.9897657781435457e-16
39,27,-1,0.019,0.0095,-1.903152216128938e-16
39,28,1,0.061,0.028,-1.7839751920428838e-16
39,29,1,-0.008,-0.0045000000000000005,-1.63427385780961e-16
39,30,1,-0.043,-0.007499999999999998,-1.4566096447628987e-16
39,31,-1,-0.008,-0.003,-1.254022436845804e-16
39,32,1,-0.031,0.0015000000000000013,-1.029978557353574e-16
39,33,-1,0.011,0.014499999999999999,-7.883114591810189e-17
39,34,1,0.059,0.0355,-5.33156133380649e-17
39,35,-1,-0.028,-0.008,-2.688783583193297e-17
39,36,-1,-0.015,-0.002,-3.7840798303603855e-32
39,37,-1,0.01,0.006,2.688783583193272e-17
39,38,-1,-0.025,-0.019,5.331561333806465e-17
39,39,-1,-0.003,-0.006999999999999999,7.883114591810165e-17
39,40,1,-0.055,-0.016,1.0299785573535718e-16
39,41,1,0.006,0.0155,1.2540224368458018e-16
39,42,-1,-0.032,-0.028999999999999998,1.4566096447628975e-16
39,43,1,-0.024,-0.0095,1.634273857809609e-16
39,44,1,0.021,0.01,1.783975192042883e-16
39,45,-1,-0.036,-0.013999999999999999,1.903152216128937e-16
39,46,1,0.026,0.0004999999999999987,1.989765778143545e-16
39,47,1,-0.031,-0.0075,2.042333896026821e-16
39,48,-1,-0.008,-0.0055,2.0599571147071463e-16
39,49,1,0.008,-0.004,2.0423338960268214e-16
39,50,-1,0.018,-0.0045000000000000005,1.9897657781435457e-16
39,51,1,0.029,0.009000000000000001,1.9031522161289382e-16
39,52,1,0.006,-0.021500000000000002,1.7839751920428843e-16
39,53,1,0.001,-0.006,1.634273857809611e-16
39,54,-1,0.008,0.0055,1.4566096447628997e-16
39,55,1,-0.006,-0.0235,1.2540224368458042e-16
39,56,-1,0.012,0.001,1.0299785573535743e-16
39,57,1,-0.022,-0.012,7.88311459181019e-17
39,58,1,-0.002,-0.0045000000000000005,5.3315613338064925e-17
39,59,-1,-0.032,-0.028999999999999998,2.6887835831932997e-17
39,60,1,-0.01,-0.025,2.460289426517354e-31
39,61,1,0.029,0.011000000000000001,-2.688783583193269e-17
39,62,-1,-0.009,-0.0125,-5.331561333806462e-17
39,63,1,0.02,0.007,-7.883114591810145e-17
39,64,-1,-0.017,-0.024,-1.0299785573535716e-16
39,65,-1,-0.039,-0.0205,-1.2540224368458032e-16
39,66,-1,-0.007,-0.014499999999999999,-1.4566096447628963e-16
39,67,1,0.006,0.004,-1.6342738578096088e-16
39,68,1,-0.005,0.012,-1.783975192042882e-16
39,69,1,-0.003,-0.006,-1.9031522161289367e-16
39,70,1,0.057,0.0085,-1.9897657781435445e-16
39,71,-1,-0.027,-0.0185,-2.042333896026821e-16
39,72,1,-0.017,0.0,-2.0599571147071463e-16
39,73,1,-0.009,-0.009,-2.0423338960268214e-16
39,74,-1,-0.002,0.0,-1.9897657781435457e-16
39,75,1,-0.021,-0.017,-1.9031522161289387e-16
39,76,-1,-0.035,-0.022000000000000002,-1.7839751920428846e-16
39,77,-1,0.024,0.0034999999999999996,-1.6342738578096098e-16
39,78,1,-0.013,-0.0065,-1.4566096447628997e-16
39,79,1,-0.014,-0.008,-1.2540224368458045e-16
39,80,1,-0.004,-0.0075,-1.0299785573535759e-16
39,81,-1,-0.006,-0.0095,-7.883114591810193e-17
39,82,1,-0.011,-0.02,-5.3315613338065116e-17
39,83,-1,-0.023,0.0034999999999999996,-2.688783583193302e-17
39,84,1,-0.014,-0.006,-8.829519604174233e-32
39,85,-1,-0.019,-0.0125,2.6887835831932482e-17
39,86,1,-0.036,-0.0225,5.3315613338064604e-17
39,87,1,0.027,0.018,7.883114591810142e-17
39,88,1,0.012,0.0095,1.0299785573535713e-16
39,89,-1,-0.015,0.006,1.2540224368458e-16
39,90,1,0.015,-0.009500000000000001,1.456609644762896e-16
39,91,1,-0.007,-0.0075,1.6342738578096088e-16
39,92,-1,-0.001,-0.003,1.7839751920428819e-16
39,93,-1,0.002,0.0055,1.9031522161289367e-16
39,94,-1,-0.021,-0.008,1.9897657781435442e-16
39,95,-1,-0.04,-0.0175,2.042333896026821e-16
40,0,-1,-0.005,0.004999999999999999,8.810674517997039e-17
40,1,1,0.021,0.004000000000000001,8.735297976105338e-17
40,2,1,0.048,0.0085,8.510458063960329e-17
40,3,-1,0.034,0.0020000000000000018,8.140001854796211e-17
40,4,1,0.008,0.0,7.63026795706165e-17
40,5,-1,-0.006,-0.009000000000000001,6.98997805907182e-17
40,6,-1,0.001,0.006999999999999999,6.230087698503223e-17
40,7,1,0.025,-0.005499999999999998,5.363598810106599e-17
40,8,-1,-0.023,-0.025,4.405337258998521e-17
40,9,1,-0.021,0.0,3.37169916599874e-17
40,10,1,0.012,0.0165,2.2803703654571078e-17
40,11,-1,-0.016,-0.0125,1.150023795724393e-17
40,12,-1,-0.013,0.0015000000000000005,5.394982173397112e-33
40,13,-1,0.002,0.0005,-1.15002379572439e-17
40,14,1,0.007,0.0035,-2.280370365457105e-17
40,15,1,-0.011,-0.020999999999999998,-3.3716991659987377e-17
40,16,-1,0.001,0.0125,-4.4053372589985184e-17
40,17,1,-0.025,-0.0195,-5.3635988101065956e-17
40,18,-1,-0.023,0.0005000000000000004,-6.230087698503222e-17
40,19,-1,0.006,-0.0165,-6.989978059071819e-17
40,20,1,-0.005,0.014,-7.630267957061649e-17
40,21,1,0.041,0.0225,-8.140001854796211e-17
40,22,-1,0.025,-0.015,-8.510458063960328e-17
40,23,-1,-0.034,-0.018500000000000003,-8.735297976105338e-17
40,24,-1,0.016,-0.024,-8.810674517997039e-17
40,25,1,-0.019,0.0145,-8.735297976105339e-17
40,26,1,-0.01,-0.005,-8.51045806396033e-17
40,27,-1,0.037,0.016999999999999998,-8.140001854796213e-17
40,28,-1,-0.004,0.01,-7.630267957061651e-17
40,29,-1,0.046,0.011,-6.989978059071821e-17
40,30,1,0.013,0.022,-6.230087698503225e-17
40,31,-1,-0.029,-0.009000000000000001,-5.3635988101066006e-17
40,32,-1,-0.033,-0.011000000000000001,-4.405337258998523e-17
40,33,1,-0.004,0.0175,-3.371699165998745e-17
40,34,1,0.036,0.023,-2.2803703654571127e-17
40,35,1,0.039,0.011,-1.1500237957243999e-17
40,36,1,-0.018,0.003000000000000001,-1.6184946520191332e-32
40,37,-1,0.004,0.0075,1.1500237957243891e-17
40,38,-1,-0.027,-0.009000000000000001,2.280370365457102e-17
40,39,1,0.012,-0.0225,3.3716991659987346e-17
40,40,1,-0.011,-0.0095,4.4053372589985134e-17
40,41,1,-0.003,0.004999999999999999,5.363598810106592e-17
40,42,1,-0.004,0.0085,6.23008769850322e-17
40,43,-1,0.008,0.008,6.989978059071818e-17
40,44,-1,0.003,0.006500000000000001,7.630267957061648e-17
40,45,1,-0.005,0.0035,8.14000185479621e-17
40,46,1,0.022,0.002,8.510458063960326e-17
40,47,1,0.029,-0.0004999999999999987,8.735297976105338e-17
40,48,-1,0.005,0.0,8.810674517997039e-17
40,49,1,-0.001,0.002,8.735297976105339e-17
40,50,-1,0.05,0.02,8.51045806396033e-17
40,51,1,-0.005,0.001,8.140001854796214e-17
40,52,-1,-0.015,-0.006999999999999999,7.630267957061654e-17
40,53,1,0.042,0.0034999999999999996,6.989978059071825e-17
40,54,-1,-0.036,-0.028499999999999998,6.23008769850323e-17
40,55,-1,-0.008,-0.004,5.363598810106602e-17
40,56,-1,-0.031,-0.0295,4.4053372589985245e-17
40,57,1,-0.007,-0.004,3.371699165998746e-17
40,58,1,0.017,-0.012999999999999998,2.2803703654571136e-17
40,59,1,-0.003,-0.001,1.1500237957244011e-17
40,60,1,0.005,0.005,1.0522942056585329e-31
40,61,-1,-0.029,-0.017,-1.1500237957243879e-17
40,62,-1,0.017,0.007500000000000001,-2.280370365457101e-17
40,63,1,0.05,0.0010000000000000009,-3.371699165998726e-17
40,64,-1,0.021,0.013000000000000001,-4.405337258998513e-17
40,65,1,-0.008,0.002,-5.3635988101065975e-17
40,66,1,0.024,0.004,-6.230087698503215e-17
40,67,1,-0.021,-0.022,-6.989978059071817e-17
40,68,1,-0.02,0.0025000000000000005,-7.630267957061644e-17
40,69,1,0.043,0.042499999999999996,-8.140001854796208e-17
40,70,1,0.014,0.0075,-8.510458063960325e-17
40,71,1,0.028,-0.0035000000000000014,-8.735297976105338e-17
40,72,-1,-0.033,-0.0025000000000000005,-8.810674517997039e-17
40,73,-1,0.022,0.009,-8.73529797610534e-17
40,74,-1,0.002,-0.010499999999999999,-8.51045806396033e-17
40,75,1,0.029,-0.012499999999999999,-8.140001854796217e-17
40,76,1,-0.033,-0.0105,-7.630267957061655e-17
40,77,-1,-0.018,0.002,-6.98997805907182e-17
40,78,-1,0.032,0.0125,-6.23008769850323e-17
40,79,1,0.027,-0.0025000000000000005,-5.3635988101066024e-17
40,80,-1,0.002,-0.017499999999999998,-4.405337258998531e-17
40,81,-1,0.022,0.020499999999999997,-3.371699165998747e-17
40,82,1,-0.036,-0.0255,-2.280370365457122e-17
40,83,-1,0.022,0.019999999999999997,-1.150023795724402e-17
40,84,1,-0.007,-0.0005,-3.776487521377978e-32
40,85,1,0.032,0.013000000000000001,1.1500237957243791e-17
40,86,1,0.018,-0.005000000000000001,2.2803703654571e-17
40,87,1,-0.036,-0.012499999999999999,3.3716991659987254e-17
40,88,-1,0.018,0.016,4.4053372589985116e-17
40,89,1,0.001,-0.004,5.363598810106584e-17
40,90,-1,-0.003,-0.011,6.230087698503214e-17
40,91,-1,-0.03,-0.008,6.989978059071817e-17
40,92,1,0.011,0.019,7.630267957061643e-17
40,93,1,-0.014,-0.005,8.140001854796208e-17
40,94,-1,-0.022,-0.002999999999999999,8.510458063960324e-17
40,95,1,0.058,0.022500000000000003,8.735297976105338e-17
