t,mode_index,q,coherent_response_abs,coherent_plus_abs,coherent_response_real,coherent_response_imag,coherent_plus_real,coherent_plus_imag,structure_factor
0,0,0.0,0.00034375,0.0004062500000000007,0.00034375,0.0,-0.0004062500000000007,0.0,1.719470254348924e-33
0,1,0.06544984694978735,0.0002458618029338256,0.005123093151015428,-0.00012188815032238088,-0.00021352120492555294,0.0030708226719764935,-0.004100747681979024,1.0310011975066775
0,2,0.1308996938995747,0.025113415118391512,0.024890252661914917,0.02511148856414378,0.000311064304495496,0.02483284541326757,-0.0016895165742656496,1.0472122067785892
0,3,0.19634954084936207,8.960312190821234e-05,0.002043249009622392,2.8884532406161113e-05,8.481982812630188e-05,-0.00028910447750251256,-0.0020226925412456746,1.0188011762308822
0,4,0.2617993877991494,0.00026378130979611415,0.00013754493215300994,-0.00018474296379518475,-0.00018828334160494556,0.00010910955796373598,-8.374791174670711e-05,0.9890758126192267
0,5,0.3272492347489368,0.00019814199884752562,0.002356183009901604,-9.29837383705517e-05,-0.0001749693576199262,0.0020334581899160388,-0.0011902294593952745,0.9766556977020086
0,6,0.39269908169872414,0.0004009630121131554,0.0003453198426514615,0.00022271337132328184,0.0003334217919042971,-0.00034028530529811986,5.8751210430045466e-05,1.030100038665273
0,7,0.4581489286485115,8.591603278808415e-05,0.004041890166475463,3.3754937289754005e-05,7.900739774608403e-05,0.0024551658703734383,0.0032107688591370893,0.9826902517115896
0,8,0.5235987755982988,0.0004333524852009614,0.000390474866815684,-9.276504756487098e-05,-0.0004233072434770479,0.00036112485627144464,0.00014852427342914218,1.0248017285292754
0,9,0.5890486225480862,0.00035639710839187376,0.0005879655184562714,0.00022315713500855913,-0.0002778844939266326,0.00047340205739617396,0.00034870323047918794,1.0307271460764607
0,10,0.6544984694978736,0.0006149641830590081,0.001239993020044251,0.0006039601321895193,-0.00011581496091201502,-5.081661130765883e-05,0.0012389513153363487,0.9734838512765355
0,11,0.7199483164476609,0.0004442936241757316,0.002241608655955462,2.049056843791481e-05,0.0004438208659902071,-0.0015842664790560311,-0.0015858464899837742,0.9882130551096567
0,12,0.7853981633974483,0.000399829353781965,0.0020155303955129646,0.00019018082617584085,-0.0003517026663259441,0.0012604538680986272,0.0015727742436954695,1.020524538520801
0,13,0.8508480103472357,0.000466346699515492,0.00039268972796745644,0.0003742262158447898,-0.0002782696237886582,-0.00037800656679036883,0.00010637790143875445,1.0421273114032594
0,14,0.916297857297023,0.0001548802840280079,0.00317979053709274,6.492196014088966e-05,-0.00014061664720814936,-0.003061876856992989,0.0008578915854554538,1.01611509794422
0,15,0.9817477042468102,0.0002587563530006786,0.0005421829269002503,3.1041196649223025e-05,0.00025688770762493886,-0.0003406644731680728,-0.0004217938393851215,1.0066977311816243
0,16,1.0471975511965976,0.0003580137261684262,0.0024526992287976206,-0.00023437500000000089,-0.00027063293868263784,-0.0024322916666666664,-0.00031573842846307695,1.0200208333333334
0,17,1.1126473981463851,0.0003801770463903563,0.0011585797638544685,-0.0002893565844525754,0.00024659147113400887,-0.0010739969540655473,0.00043455449815990024,0.9830736093311727
0,18,1.1780972450961724,0.0002291250342094331,0.0017793109991671035,-0.00015377433180827876,-0.00016985798826782119,0.0017321674958153998,-0.0004068702473733407,0.9602240320520758
0,19,1.2435470920459597,0.0003354538978130426,0.0036910101764038093,0.00022392038816174242,0.0002497778559509586,-0.002732335725506769,-0.002481511153598927,1.0164292822619039
0,20,1.3089969389957472,0.00037774270228067055,0.002470430755847864,-0.00016193937451421515,-0.00034126996367721566,-0.0024462268650511194,-0.0003449670189180705,1.0232769613619703
0,21,1.3744467859455345,0.00046416980206301833,0.002370324637211919,-0.0004567353050893913,-8.27433757597684e-05,0.0005380388268614363,-0.0023084525350466675,0.9733536161594997
0,22,1.4398966328953218,3.8521436446224104e-05,0.0035609908180504633,-3.333299088339063e-05,-1.9308360485765742e-05,-0.00348974698447984,-0.0007087464924453403,1.045208386921679
0,23,1.505346479845109,0.0003799342729648537,0.0007551255191795656,0.0002637309109903677,0.0002734886804998018,0.0007535272069029214,4.910497096313589e-05,0.9553719750764803
0,24,1.5707963267948966,7.583447801333874e-05,0.0012980771703861745,7.291666666666669e-05,2.0833333333333316e-05,0.0002083333333333332,-0.0012812499999999998,1.0011875000000001
0,25,1.636246173744684,0.0007942170910798742,0.0026480848120532204,-0.0005505978801590261,-0.0005723834048326034,-0.00214918280247808,-0.00154705088906584,1.009333423828435
0,26,1.7016960206944713,0.000399934638103684,0.0022315167738692497,-0.00039142241234496177,-8.207441665449342e-05,-0.0019598344997054213,-0.0010671062954664945,0.9992819352196922
0,27,1.7671458676442586,0.00013214915693847448,0.0012676394993229338,-8.604207925779235e-05,0.00010030035033111966,0.0008180485411789543,0.000968352458828232,1.039212718878627
0,28,1.832595714594046,0.00042809112449059987,0.0019671978777751698,0.0002594019418116216,0.00034054756415512113,0.0010260748735301545,0.0016784033616009022,1.0162165109077004
0,29,1.8980455615438334,0.000714129931133021,0.0016027204547623005,-0.0006923719556652824,0.00017493608418015346,0.0007176454912059396,-0.0014330728540675316,0.9917691119170758
0,30,1.9634954084936205,0.00041017511803506277,0.0033179744982841292,0.00034432530283758523,-0.0002228984371432041,0.0009148615709894042,0.0031893546490145337,1.0306274019520034
0,31,2.028945255443408,0.00016491402647681244,0.0033525984654657975,-4.917854541469939e-05,-0.00015741063115205767,-0.002464176804826534,-0.002273268383891025,1.0032263313484326
0,32,2.0943951023931953,0.0005282544220117806,0.003933157327453352,0.0004687500000000001,0.00024356964481437392,-0.00026562499999999964,0.003924177610898237,1.0388958333333334
0,33,2.159844949342983,0.000305835116108478,0.0025334819355933022,-0.00020253928335624657,-0.00022915705737032032,-0.002278490063947951,-0.001107706525424514,0.9700045638687694
0,34,2.2252947962927703,0.00012378359334522612,0.0010541256957735516,0.00012348699973117191,-8.563812168062464e-06,0.0010537365246800967,-2.8641212355382592e-05,0.9474274029905273
0,35,2.2907446432425576,0.0003809133752591451,0.003612681673308455,-0.00017058650660262267,-0.00034058074404820314,0.0022476946293720854,0.0028283100476699263,0.9871202585439242
0,36,2.356194490192345,0.00027886680725326506,0.0011113789931567085,0.00027856917382415884,1.2880667007389803e-05,-0.00019795386809862711,0.0010936075770288036,0.9907671281458653
0,37,2.421644337142132,0.0003319301095781249,0.001582824473316674,-0.00010615527910119688,-0.00031449746320676896,0.000640898876256954,-0.0014472670602700733,0.9634844093740648
0,38,2.4870941840919194,0.00026735533322575313,0.0016184500570388949,-0.00022289458718344353,-0.00014763765511743878,-0.0014727973816809454,-0.0006710055585782831,1.0063474896168692
0,39,2.5525440310417067,4.35655644076932e-05,0.002780343442689034,-4.2162295744957706e-05,-1.0968100094163315e-05,0.0015008916712662243,0.0023404345430769026,0.9719860350939892
0,40,2.6179938779914944,0.00023415198343795495,0.0032129436361288412,0.00022297338089820442,-7.148442318961929e-05,0.003211791810395221,-8.602427342914296e-05,0.9694482714707244
0,41,2.6834437249412812,0.000250615504085634,0.0016549512525596587,3.67626725639015e-05,0.0002479044912744741,-0.0010001896539419955,0.0013185159477595162,0.9923606490326654
0,42,2.748893571891069,2.0765322175159715e-05,0.00298209955827644,-1.7431009019255493e-05,-1.1285323637752414e-05,-0.0026400770948400176,-0.0013866905598487467,0.9936318606639816
0,43,2.8143434188408563,0.0007323968795514801,0.0033870113900597515,0.0006196237265184507,0.0003904761538328988,0.0023925814346378396,-0.0023973736118971583,0.9749331067351403
0,44,2.8797932657906435,0.00015087124126767987,0.0006636847508746202,-6.46960350222318e-06,0.00015073246389605156,0.0003110424335572291,-0.0005862849589323466,0.9727640484444381
0,45,2.9452431127404313,0.0005472737533383946,0.0014128603531827766,-0.0005372705672822215,0.00010415804637825131,0.0014112112512490807,-6.824354873366783e-05,0.9947170125101404
0,46,3.010692959690218,0.0003682355632844588,0.0025683414621800967,0.0003479590008730997,0.00012050711090560938,0.00010682372955252151,-0.0025661189678496763,0.9760902959185572
0,47,3.076142806640006,0.00033321595428665256,0.0015858689266616908,-0.0002077241130519172,0.0002605447467287699,-0.001262972717309718,-0.000959103835818839,0.9872103291175157
0,48,3.141592653589793,0.0004687499999999998,0.001135416666666666,-0.0004687499999999998,0.0,-0.001135416666666666,0.0,1.0328958333333333
1,0,0.0,0.0006927083333333334,0.0007187499999999998,-0.0006927083333333334,0.0,0.0007187499999999998,0.0,4.30021637982782e-33
1,1,0.06544984694978735,0.0003159135834076604,0.0006334302889402134,-5.8383989062178864e-06,-0.00031585962907544976,0.0002772650321667514,-0.0005695243918257167,1.3664832790525434
1,2,0.1308996938995747,0.010644739938809733,0.011923343496113912,0.010644561231512983,-6.168106242477754e-05,0.011773963888317274,-0.0018814607311667946,1.1756459168613185
1,3,0.19634954084936207,0.0004930488783821441,0.0005048601611346566,-0.00025701351479826874,-0.0004207626999686764,-0.00016382612040036836,-0.00047754034863608694,1.0162070208518028
1,4,0.2617993877991494,0.000622939990223031,0.001891677815375582,0.0004197895358462959,-0.00046025099349487723,0.0014707226192895633,-0.0011897142237924957,0.9893850202522833
1,5,0.3272492347489368,0.0009611890633668945,0.0021898469001408703,0.0008983460817651845,0.00034184606610763893,-0.0002498190523901855,0.002175550479101657,0.9883281321854661
1,6,0.39269908169872414,0.0005749934643700228,0.0014922235319436944,-0.0005749363512564716,8.10407750060629e-06,-0.001128193427350961,-0.0009766835003052962,0.9969443584315244
1,7,0.4581489286485115,0.00020609888399286924,0.000880788096477993,-0.00010230712313926496,-0.00017891339395940552,-0.0008787726808663348,-5.955036742389709e-05,0.9988802509764021
1,8,0.5235987755982988,0.0006968454406633357,0.0016551510213666147,-0.00034914530408782386,-0.0006030680930099847,0.0016385548978043955,-0.0002338006638403227,0.9921091045944905
1,9,0.5890486225480862,0.00045023005153067483,0.0010471795835625527,1.1453050197689078e-05,-0.0004500843553629512,0.0005754819351126685,-0.0008748746324984053,0.9793125833952123
1,10,0.6544984694978736,0.0014971039230927533,0.002952682353044773,0.00022069694887157603,-0.001480747450883671,-0.0008201075921797637,-0.0028365042949431837,1.0008600078054868
1,11,0.7199483164476609,0.0008183285475599318,0.0018519964961135808,0.0002971094373719879,0.0007624877664435334,0.00034969283670245886,0.0018186824740938062,0.928943973455982
1,12,0.7853981633974483,0.000696922329849297,0.0014886213692123504,0.0002345469197343286,-0.0006562686007159802,-0.0014350995064760467,-0.00039557930606625515,0.9545808216891225
1,13,0.8508480103472357,0.0013175816606250312,0.0012088353155532497,-0.00031382622125010067,-0.001279661883182936,-0.0011635635143787077,0.00032772361546796645,0.976130198523267
1,14,0.916297857297023,0.0008796110071488304,0.0031818890747867387,-0.0007536342845499948,-0.00045359771719905885,-0.0004624181141540712,-0.00314810857054667,1.0278084469525552
1,15,0.9817477042468102,0.0007268497516171374,0.0013543864255442105,0.0005867819339439428,-0.00042894932500576414,-0.0005200246987077273,0.0012505746288935982,0.9479065752300255
1,16,1.0471975511965976,0.0003099286572252468,0.003006304862054265,-0.00015885416666666638,0.0002661223897045934,-0.0027604166666666667,0.0011907849302036037,1.0126666666666666
1,17,1.1126473981463851,7.869010264201772e-05,0.0006150420469530809,-5.685905381170113e-05,5.4398347892646145e-05,-0.0006143375638124859,2.942918974718015e-05,0.9751374451055949
1,18,1.1780972450961724,0.00047077204871200665,0.00298582875235035,-0.0002173084148566881,-0.0004176163007845521,-0.0022941233376901557,0.0019110655273504953,0.9954842784091769
1,19,1.2435470920459597,0.0005477914083094279,0.0006274002504755802,-0.00030074754452912993,-0.00045784969310607316,0.0003142315512513007,-0.0005430373895921182,1.0019339548069597
1,20,1.3089969389957472,0.0011497330250230687,0.00037413569697359434,0.0010154995665161654,-0.0005391165544056097,0.0003201521398973336,-0.0001935978488234705,0.9547085278793873
1,21,1.3744467859455345,0.000826259620091251,0.0027730694808792205,-0.00011921448200851928,0.0008176141309155431,-0.0019545689843126577,0.0019671233899648324,0.9730339837462263
1,22,1.4398966328953218,0.00042596762333093946,0.003398402912589516,-0.00010358921977966234,0.00041317997249582406,0.0033648909838138947,0.0004760787995120814,1.0270489220819514
1,23,1.505346479845109,0.0002576869150159902,0.0010181991709653354,-0.00014228203158451504,-0.00021484498983835115,0.0006762021214378345,0.0007612359967299684,1.0060492960284122
1,24,1.5707963267948966,0.0002564806719217736,0.0022935834786663224,0.0001250000000000001,-0.00022395833333333333,9.375000000000008e-05,-0.0022916666666666662,0.9417708333333333
1,25,1.636246173744684,0.0008759410659139973,0.002505571433788666,0.0006930593987304301,0.0005356691336879181,0.0010612995215979238,-0.0022696985560364197,0.9922964864887458
1,26,1.7016960206944713,0.00033740590562596434,0.0030301813641067927,-0.0003276609613639955,8.050490388354882e-05,-0.0021931564988493554,-0.002090948031619854,0.959772320460133
1,27,1.7671458676442586,0.0005597521457576561,0.0028973299731515786,-0.00020611146190260317,0.000520423414108812,-0.002859958808276013,-0.00046384974753358853,0.9483078276361373
1,28,1.832595714594046,0.00040520174186756423,0.0015053824031090555,-0.00023768838962993783,-0.00032816563050940456,-0.0013641554590989435,0.0006365972533721345,0.987642969428718
1,29,1.8980455615438334,0.000565181011567684,0.00036843467451868337,0.0005286964265553253,-0.00019977403330838578,-0.00021225239947298557,0.0003011528321395107,0.9950760513125764
1,30,1.9634954084936205,0.0008293392200831398,0.0028185794543042282,-2.5849353377766508e-05,0.0008289362779478661,0.0015232900043568223,0.0023714927161710858,0.9812144890563858
1,31,2.028945255443408,0.00013712380334986686,0.0015872883621379159,-0.00011861872223530393,-6.879343123000021e-05,-0.0012333654217778923,-0.000999146676389963,0.9684893267426561
1,32,2.0943951023931953,0.0003117612796453579,0.004729636999372503,1.8229166666666665e-05,0.0003112278794850325,0.00015624999999999984,-0.004727055328990061,1.0058749999999999
1,33,2.159844949342983,0.00047225459164643635,0.0020632657081235944,0.0004081898429956909,0.00023749831874414511,0.001838999710038857,-0.0009354920891144708,0.9659547741917806
1,34,2.2252947962927703,0.0009058549322182793,0.0015349960331875185,0.0006669822639197703,0.0006129500940864936,-0.0006370745691937053,0.001396548894664298,0.9451827267643038
1,35,2.2907446432425576,0.0001405901101156986,0.002962649077915416,3.0925553433369e-05,0.00013714659750494758,0.0007863280464897229,0.0028563924384049054,0.9650235687140413
1,36,2.356194490192345,0.0003261401669812214,0.0022082203970396896,-0.00031788025306766186,-7.293526738264694e-05,-0.0006690671601906194,0.0021044206939337447,1.077794178310878
1,37,2.421644337142132,0.0007416527135953963,0.002728744941223899,-0.0006295720433513807,0.00039203034297587505,-0.0027208670806229407,0.00020719865790447454,0.9800549547459898
1,38,2.4870941840919194,0.0005416172317026424,0.0018750543393997166,-7.705911981025569e-05,0.0005361073751883129,0.001020696794329889,0.0015728975903555819,0.9618496961118271
1,39,2.5525440310417067,0.0009347213839288105,0.002444304839455931,-0.00028101221977493477,0.0008914797798665736,-0.0006375185197200293,0.002359702584056234,0.9710274981959143
1,40,2.6179938779914944,0.000622108735711807,0.0008285368792986479,-0.00038522969591217577,0.0004884847596766511,0.0007364451021956049,0.00037963399717365587,0.9679325620721771
1,41,2.6834437249412812,0.0002447701757268345,0.0005568679892886592,-0.00019770532548713448,-0.000144308846573492,-0.0003295044174485021,-0.00044891958787328216,1.0247078040386783
1,42,2.748893571891069,0.00034148935342706934,0.001883796191474653,0.00021392745282425939,-0.00026617667710030895,0.0003573600940176277,-0.001849589644818039,1.0247735407695808
1,43,2.8143434188408563,0.00029546496386165147,0.0020182991159603467,2.2539179125540595e-05,0.00029460402284102265,-0.00018672447210568222,0.0020096430760220014,0.9928996307245518
1,44,2.8797932657906435,0.0005161276791601869,0.000774340191624097,0.00044823262060080974,0.00025588141594225114,0.0005524473665787135,0.0005425906740118998,0.9645134824396124
1,45,2.9452431127404313,0.00012745812200394931,0.00199538182877417,-1.8073148652997153e-05,-0.000126170258629125,-0.0017785845137347298,-0.0009045362182384655,0.9827497367528997
1,46,3.010692959690218,0.000827234083520129,0.003689313748645746,-0.0006661301921337548,-0.0004904964791568179,-0.003380128225417494,0.0014784346842801378,0.9406652962957587
1,47,3.076142806640006,0.00027804740045917034,0.00037427244681484043,2.2080387312911356e-05,0.00027716928653480724,0.00037418749322972464,-7.973979885999584e-06,0.9625656470981331
1,48,3.141592653589793,0.00043229166666666644,0.0009479166666666664,-0.00043229166666666644,0.0,-0.0009479166666666664,0.0,0.9817291666666667
2,0,0.0,0.00015624999999999998,0.004125,-0.00015624999999999998,0.0,0.004125,0.0,5.594441302456043e-33
2,1,0.06544984694978735,0.00035361503958099554,0.0017538203727725196,0.00021825949827691395,0.00027822003455858253,0.0014964349479957635,0.0009146411024925877,1.5762836814899537
2,2,0.1308996938995747,0.0038501558081457674,0.004559252016939116,0.003840852344370155,-0.0002674939545949991,0.004518215799273497,-0.0006103318320051347,1.2379924701481952
2,3,0.19634954084936207,0.0008732554879455697,0.0030559349306965343,0.0008007901338908599,-0.00034829629439618446,0.0029556491326570167,0.0007764512253033381,1.0081861563662267
2,4,0.2617993877991494,0.001083720515350873,0.002507869525781809,0.00015920306400711996,0.0010719629377003229,0.0019611698050041168,0.0015630811093110906,1.0068930175684752
2,5,0.3272492347489368,0.0008710092939744485,0.0005601131886017599,-0.0002563647240531614,0.0008324267646171726,0.00047515051114485683,0.00029657844797694236,0.9658255503683321
2,6,0.39269908169872414,0.0007953865134632218,0.0009227891195059207,0.0006743785207940218,0.00042172658973658176,0.0009135743541066438,-0.0001300832756242753,1.0169348341616573
2,7,0.4581489286485115,0.0005781550930976736,0.0007986885950210619,0.0003962889288933254,0.00042097315414567766,0.0006715023545046181,0.00043242116011068654,0.9374658244300099
2,8,0.5235987755982988,0.000553124080822337,0.0016898389109467676,0.00022237579386826393,0.00050645360605589,-0.0012051951021956047,-0.0011845084679281458,0.9449664775755685
2,9,0.5890486225480862,0.0003232966804201404,0.0011218450531341364,-0.00011755289169573338,0.0003011678290001334,-0.0008291439100400018,0.0007556829359494038,1.0382751946323492
2,10,0.6544984694978736,0.0002267848398946814,0.0009583625423748959,6.258636632535701e-05,0.0002179777749135092,0.0009163060570720369,0.00028078812724253706,0.9768848495994268
2,11,0.7199483164476609,0.001027738246405902,0.0017549124901408487,0.0008477756581373019,-0.0005809667258934398,-0.0002800575614241919,-0.0017324218915557173,0.9650836567777569
2,12,0.7853981633974483,0.00115397197126075,0.0015758134777945475,0.0005649376949559139,-0.0010062289556921527,-0.00039622978357160864,0.0015251852593733469,0.9710028123530997
2,13,0.8508480103472357,0.0011810741803370934,0.00430067379145624,-0.0010836753662696675,-0.0004696636243091846,-0.004013718644616438,-0.0015446221875840612,0.9490010517754909
2,14,0.916297857297023,0.0011091740426108464,0.0031804991851817985,-0.0007309867478166158,-0.0008342214522044941,-0.0003136879326428527,-0.0031649920928584225,0.9598637144470263
2,15,0.9817477042468102,0.0005854076340937835,0.0023298589588463554,0.0005316355912425353,-0.0002450830393549928,0.0022348229577549617,-0.0006586418720427574,0.9889603154655631
2,16,1.0471975511965976,0.0006546566304708479,0.001077911110023044,0.00011197916666666648,0.000645008503860285,-0.0007291666666666667,-0.0007938566201357352,0.9518958333333334
2,17,1.1126473981463851,0.0007295719800858558,0.001697341867277055,-0.0006418725609860555,-0.0003468067034813469,-0.0014305148552283154,0.0009135626214894478,0.9864086393142389
2,18,1.1780972450961724,0.0004569247744078608,0.0020713386814751027,-0.0004450566988895621,-0.0001034639272461669,0.0005814528825466821,0.001988053439612017,0.9931349484611248
2,19,1.2435470920459597,0.0002813233716081684,0.0007359894274201047,-0.000277410999962462,4.675442773486277e-05,-0.0006962703562435835,0.0002385121135091606,0.9763185284285166
2,20,1.3089969389957472,0.0005312431110818412,0.0010103646726482814,-0.0004107815095451456,0.00033686465306963405,0.001006421594383695,-8.917592777117625e-05,0.9688722138912854
2,21,1.3744467859455345,0.0008790720505647377,0.0004399092546082567,0.0007470347670300252,0.00046336457237523967,-4.2683268273908254e-05,-0.000437833633814774,0.9441658009343502
2,22,1.4398966328953218,0.0009487759893196759,0.0025820288132850236,-0.0003964534555699609,-0.0008619747881905635,0.00128794093429188,-0.0022378742016497324,0.9855915184301943
2,23,1.505346479845109,0.0016840199878676407,0.004917532761526314,-0.0014552698288548545,-0.0008474155089225662,-0.002461482828692483,-0.004257138797917759,0.945268840722647
2,24,1.5707963267948966,0.0012445192344837425,0.002902682248560995,0.00059375,-0.00109375,0.00134375,-0.002572916666666667,0.9893333333333333
2,25,1.636246173744684,0.00018167957128393272,0.0010104284053054561,-0.0001408347044016085,-0.00011477391976413957,0.0007428845332817272,-0.0006849000893991164,0.988674010584896
2,26,1.7016960206944713,0.0008265334916453705,0.0003270890460950857,-8.466628292460896e-06,-0.0008264901263879957,-9.494248793050031e-05,0.00031300665817352816,0.9715247574844136
2,27,1.7671458676442586,0.0005844823268305373,0.002617179945599774,-0.00047833562067338626,-0.00033587888348666014,-0.0023397015384671476,0.001172786245888013,0.9839708485964618
2,28,1.832595714594046,0.0004995295699790465,0.00040900832261038837,-0.00049469375964448,-6.933884518983936e-05,0.00037142323862228416,-0.00017126758530410034,0.9835279495085706
2,29,1.8980455615438334,0.0008746373425258681,0.0019689905490488063,-0.00039941321922729993,-0.0007781128203848062,-0.0009535588758634675,-0.0017226866379308572,0.9747889629396197
2,30,1.9634954084936205,0.0003140629548745351,0.001618451773498129,0.00028627919173206947,0.00012915016068808157,-0.0016155370277408715,-9.708890326617968e-05,0.952426851094423
2,31,2.028945255443408,0.001107018579699121,0.0015349157729857268,0.0002660708176106718,-0.0010745680321948199,0.0015341695945866995,-4.785483471973903e-05,0.9688207154248764
2,32,2.0943951023931953,0.0006764620547069385,0.0018749999999999995,0.0006328124999999999,0.00023905909583632912,-0.0009374999999999996,0.001623797632095822,0.9536041666666667
2,33,2.159844949342983,0.0011887888154899096,0.0035923454306448954,-0.000830462792642716,0.0008506176566883408,-0.002710019621610747,-0.00235812199505454,1.0000621697159058
2,34,2.2252947962927703,0.0006068380648295115,0.0016711438245825931,0.00013270215823108162,0.000592150803534741,0.0016494681990983535,0.0002682840707231264,0.9943479247432995
2,35,2.2907446432425576,0.0007009956579710475,0.0020041167279331086,-0.0006281473988820962,-0.0003111683752760207,0.0018449141497281385,-0.0007827998718154012,0.9830896615850638
2,36,2.356194490192345,0.00022158419979803186,0.0013542843825270264,-0.00012743769495591402,0.00018127104430784723,-0.0013537702164283917,-3.7314740626652985e-05,0.9762471876469001
2,37,2.421644337142132,0.0005421484154966561,0.0019197241889689467,0.00019047382707359242,-0.000507587062113953,0.0017886610431765444,0.0006971604078941058,0.9628510345357943
2,38,2.4870941840919194,0.00017985644544485656,0.00240389960258011,-4.5684859151014836e-05,0.0001739575655509429,-0.002080424178282055,0.0012043955071753833,0.9750547218123998
2,39,2.5525440310417067,0.000664073125002111,0.0035369286216164527,0.0006528752539679801,-0.00012143730113237362,0.0026924117613534846,0.0022936396800140794,0.9474230572714145
2,40,2.6179938779914944,0.00020581798483395864,0.0021930287300000874,0.00016824920613173634,0.00011854639394411001,-0.002107304897804395,-0.0006071581987385202,0.9294501890910981
2,41,2.6834437249412812,0.0013927610568315364,0.0038768587162245132,0.0009923079955610117,0.0009772963743778984,0.00045858766861761087,0.0038496403540795657,0.9792165404068555
2,42,2.748893571891069,0.0010807485469688533,0.003699885268186105,-0.0007447676803031956,-0.0007831593223291698,-0.002212823542245788,-0.002965225618502472,0.9478366996161273
2,43,2.8143434188408563,0.0004840694124414684,0.001059463953282458,0.00032878002004821697,-0.0003552842446246702,0.0009780059358708243,0.00040739201968905504,0.9735127961631925
2,44,2.8797932657906435,0.0010880640034161826,0.0016730037526554253,9.00222051825056e-05,-0.0010843335640402033,0.0014734853619899036,-0.0007923272331559848,0.9684568190316668
2,45,2.9452431127404313,0.0007640389815182574,0.0016295430983729593,0.0006106822255471019,0.00045915442356607493,-0.00012800218004032556,0.0016245079720825836,0.9646231236843986
2,46,3.010692959690218,0.0008079944702648409,0.0006191537488371619,-0.0006253825114298745,-0.0005116168276906299,0.0004504569424529734,-0.0004247821885331705,0.9694067100017119
2,47,3.076142806640006,0.00115093137387745,0.0031388560705463272,-0.0011486346096304953,7.267434853119974e-05,-0.0029880409501716367,0.0009612641217183304,0.9677238383860923
2,48,3.141592653589793,0.0003854166666666667,2.083333333333335e-05,0.0003854166666666667,0.0,2.083333333333335e-05,0.0,0.9994583333333332
3,0,0.0,0.0005364583333333332,0.0035312499999999997,-0.0005364583333333332,0.0,0.0035312499999999997,0.0,6.024052075384022e-33
3,1,0.06544984694978735,0.001940525491079761,0.003136565028253003,0.0018188879687731322,0.0006762290577775384,0.002258657135174467,0.0021763520216603813,1.6638306034432306
3,2,0.1308996938995747,0.0022148091761766994,0.004282822616898249,0.0021481930273208856,-0.0005391163179189054,0.0031063099015921605,-0.0029484586419154107,1.2775692364183906
3,3,0.19634954084936207,0.0006636667843782697,0.001993514452705287,-0.00064564649983997,-0.00015360402967171284,0.0019332504095094865,0.0004864593788552775,1.029390181883288
3,4,0.2617993877991494,0.00041136103377775225,0.0031242935526868574,-0.0003639482737343135,-0.0001917278126837999,-0.002422816367496167,0.001972605143649723,0.9710117838888855
3,5,0.3272492347489368,0.0016478292499231357,0.0030126625153290175,-0.0016426698550649395,-0.00013029575650486572,-0.0029626112783172447,0.000546872786721031,0.9481011296080314
3,6,0.39269908169872414,0.0002938850700218337,0.0013046719104858556,0.0001419702365988841,0.0002573186474039434,-0.00034215444786059193,-0.0012590071992725164,0.9862561084061191
3,7,0.4581489286485115,0.0010166536995762385,0.0013919850357674293,0.00041354972907550817,0.0009287418190453288,0.0013899169679781396,7.584960070367063e-05,0.9855635485510598
3,8,0.5235987755982988,0.0012127031512341637,0.002640068414091925,0.0010964275161996042,-0.0005181656441077872,0.0026318239506427244,-0.00020848003239920792,0.9717045900630742
3,9,0.5890486225480862,0.0010009859387968875,0.0015643797339081815,-0.00030277795111986907,-0.0009540955727728436,-0.0014175300801225028,0.0006617344057932336,0.9975403537218669
3,10,0.6544984694978736,0.00033452554248859155,0.004955339426961649,0.0001418976916543187,0.00030293957100461865,0.004871234129870238,0.0009091022430881724,0.9834556989872004
3,11,0.7199483164476609,0.001523654666404409,0.002184539468712459,-0.00033657887391842247,-0.0014860142005000282,0.0016150361121904928,-0.0014710102129771672,0.9710141420362616
3,12,0.7853981633974483,0.00033546052235204784,0.002390224176900586,2.288228271980085e-05,0.0003346791944448293,0.0013106973732117816,0.0019988106492851744,0.9589351340640819
3,13,0.8508480103472357,0.0008374078028961807,0.003762622527929776,-0.0005047148783040142,-0.0006682175693364944,0.0036865134940079237,0.0007529585288594241,0.9794625212326672
3,14,0.916297857297023,0.0008011568318926149,0.001871354328348141,-0.0005313361208029495,0.0005996117043706577,-0.0010518720961818406,0.001547750663221096,0.9623479709241273
3,15,0.9817477042468102,0.0003121307989549006,0.0020459228921883344,-0.0002601827273079135,-0.0001724255899419819,0.0009778597819410557,-0.0017971062093383545,0.9757613718063113
3,16,1.0471975511965976,0.0010610565153748618,0.0019183642844303002,-0.00048697916666666665,-0.0009427047364111859,0.0017916666666666665,-0.0006856034446626811,0.9522708333333334
3,17,1.1126473981463851,0.001029109980987919,0.003948161647946055,0.00032969037212176493,0.0009748700485188614,-0.0009376248460558785,0.0038352105608911225,1.0022908176703151
3,18,1.1780972450961724,0.0011220931555552067,0.0006223609810296603,0.00022026529303389707,-0.001100261900834766,0.00046113254158451487,-0.00041795929203692413,0.9452631827875794
3,19,1.2435470920459597,0.0014420121657982962,0.0020847183784363133,0.0006644809942562871,-0.0012797906448253438,0.0011891469456808408,-0.0017123026189806694,0.9548017828548515
3,20,1.3089969389957472,0.00033345160973375965,0.0021883022683291315,4.555433650804808e-05,0.0003303252616124705,0.0008994054433928763,0.0019949277345231546,0.9588887053245848
3,21,1.3744467859455345,0.0006067556668562497,0.0007868603646268654,0.0006030364631669676,-6.707803927700069e-05,-0.000710328913682109,-0.0003384997308830812,0.9560301674934117
3,22,1.4398966328953218,0.00035354767120958505,0.00039988063080157333,0.0003322022764900085,0.00012098596328738644,-0.00039525426415987116,-6.065134420359538e-05,0.9619814084863583
3,23,1.505346479845109,0.0008825742301218168,0.002784198819567058,-0.0006192051098837199,0.0006289056396384182,-0.002756258957862917,-0.0003934458337294044,0.9656763194404768
3,24,1.5707963267948966,0.0011141086411280145,0.0010387981336621667,0.0005937500000000001,-0.0009427083333333333,0.00075,-0.0007187500000000003,0.9603958333333332
3,25,1.636246173744684,0.0005973127077241691,0.0013644361884396247,-0.0005407535853164251,-0.0002537085547950846,3.781994070376025e-05,-0.0013639119342570528,0.9592132901932201
3,26,1.7016960206944713,0.0009820579268873405,0.0023401889618836222,0.0006603735105781055,-0.0007268731652007863,-0.002299334239213629,-0.00043536930725744514,0.9808846864219808
3,27,1.7671458676442586,0.00081945974189433,0.0018133686027251527,0.0007969803922109462,0.00019062141279722056,0.001429623438347443,0.001115563765043042,1.0019586818475479
3,28,1.832595714594046,0.0015835710999393979,0.002458088651914548,-0.0010105917692106415,0.0012191807513929097,-0.0001662596590894649,0.0024524594892537032,1.0004652964001595
3,29,1.8980455615438334,0.0008698476433183566,0.000672805098672266,0.0005565409866564512,0.0006685035921802984,-9.490340953187866e-05,-0.0006660781062747987,0.9782095388023483
3,30,1.9634954084936205,0.0006227490794791818,0.002843534002434357,-0.00043072968328644796,0.00044976477844327085,-0.0018872959608077589,0.0021269225607245487,0.952869002188546
3,31,2.028945255443408,0.0003412380009300501,0.003221886607565036,-0.00013347981957293284,-0.0003140485807092816,-0.0030377006518806796,0.0010737448773198545,0.9920458570220929
3,32,2.0943951023931953,7.672354095133463e-05,0.0017013321986020246,2.604166666666741e-06,7.667933262674725e-05,-0.0013124999999999999,-0.001082531754730548,0.9663541666666666
3,33,2.159844949342983,0.0011544181637646003,0.0017403759031793917,0.0002715574675755662,0.0011220239920044389,0.0017401577466733605,-2.7555417982228977e-05,0.978304196700278
3,34,2.2252947962927703,0.0011274470862299435,0.000270505599715871,0.00025035686173105834,0.001099299037583753,-0.00019934073421759612,-0.00018285664100390985,0.9966509244920584
3,35,2.2907446432425576,0.0008764510840671138,0.0010138279884329925,-0.0008447037648278992,-0.00023375639552318625,-0.0009607403146346734,0.00032376725894654105,0.9554635030878207
3,36,2.356194490192345,0.0008761394397037508,0.002431469802002238,0.00013336771728019906,0.0008659291944448294,-0.002269030706545115,0.0008738106492851748,0.9361898659359182
3,37,2.421644337142132,0.000884407784415793,0.0025342296662288002,-0.00040240720888515247,-0.0007875567074011325,0.000327871915338082,-0.002512930561779747,0.9595024839968654
3,38,2.4870941840919194,0.000585434251552983,0.0014221595847288106,-0.00012775826059042612,0.0005713239796668,-0.0009683122931634045,-0.0010415897404182954,0.964835400266598
3,39,2.5525440310417067,0.0005680447943506665,0.0028398239324715128,-0.0004685271933745964,0.00032118087965726506,-0.0012150602596713233,0.0025667544745856434,0.9387356121900742
3,40,2.6179938779914944,0.00037709188430533905,0.001341965760460185,0.00035669748380039585,0.00012233231077445387,0.0004306760493572758,0.001270980032399208,0.9428370766035926
3,41,2.6834437249412812,0.001200668874510765,0.0025502856064186664,-0.000768352750571543,-0.0009226265750064278,-0.0010710703269865532,-0.0023144686277750976,0.9479911470222032
3,42,2.748893571891069,0.0009028979477487582,0.001505973025452893,0.0006934941536536668,0.0005781786600153136,-2.3348799582830757e-05,-0.00150579201317771,0.9601950399510878
3,43,2.8143434188408563,0.0015778184572442571,0.0009529280952085605,0.00024690700976606994,0.0015583799320284593,0.00020070264433476892,0.000931552684068296,0.9710676381982143
3,44,2.8797932657906435,0.0010770461345028556,0.0011334281051328023,-0.0008897642935630926,0.0006069166975357605,-0.0011019960834739108,0.00026507338891917486,0.9541342143863734
3,45,2.9452431127404313,0.0007914879316335014,0.0021699522569435616,4.7226715355535805e-05,-0.0007900777071138036,-0.002154638789662077,-0.0002573411811156482,0.9444461010238907
3,46,3.010692959690218,0.001994015659217571,0.0023221283489477033,-0.00012392898638100103,0.001990160811477169,-0.0006467637378593908,0.0022302414076455345,0.9599413406699503
3,47,3.076142806640006,0.0012067851339263766,0.0013229023025153875,0.001096142119029168,0.0005047799662783262,0.00028191129652801593,0.0012925155793608086,0.9990990101736754
3,48,3.141592653589793,0.0004635416666666667,0.0033645833333333327,-0.0004635416666666667,0.0,-0.0033645833333333327,0.0,1.0271458333333332
4,0,0.0,0.0016979166666666666,0.006083333333333333,0.0016979166666666666,0.0,0.006083333333333333,0.0,7.935344952193915e-33
4,1,0.06544984694978735,0.0014673422200191068,0.005824308922165135,0.0012302004437424068,0.0007998125148224343,0.004549693425344331,0.0036363256394595584,1.7347052607327285
4,2,0.1308996938995747,0.0009703984624883505,0.0019692024275050905,0.0007404071978791499,-0.0006272721557095452,0.0010765596187226761,-0.001648871610474153,1.2454210253485707
4,3,0.19634954084936207,0.0008533628843403804,0.0023741317312281603,0.0007916165629422981,0.00031870272927158314,0.0014653096558663418,0.0018679853023108304,1.0074859656851924
4,4,0.2617993877991494,0.000748739811406263,0.0007055044021680594,-0.0005752900269027823,0.0004792209199637285,0.0006856929486663039,0.00016601699198521953,0.9283735367927132
4,5,0.3272492347489368,0.0012388486191238753,0.0013446816683787331,-0.00036297536737170665,-0.0011844808076902332,0.001319159260726518,-0.00026074438462463535,1.003082288056212
4,6,0.39269908169872414,0.0005452460486026054,0.0016760572014030306,0.00044454760940253044,0.00031570663042015755,0.0013495365821755312,0.0009939410222668873,1.004404850628069
4,7,0.4581489286485115,0.00019756481129603565,0.00225594690427042,-7.115172994725662e-05,-0.00018430758526970844,-0.002213300478454844,-0.0004365746522175213,0.9319997756610733
4,8,0.5235987755982988,0.0021465054610736905,0.0020755906085552747,-0.0018566572121117798,-0.0010771767223313401,-0.001141473080343312,-0.0017335269196566885,1.000210573127218
4,9,0.5890486225480862,0.0005500611078609641,0.0021677976222076963,-0.00043171187922818314,-0.0003408695875470586,0.0008819289529927029,0.001980289840584589,0.9929040649921667
4,10,0.6544984694978736,0.00041732706190223263,0.002320124865906108,0.00017412707731776124,0.0003792646009591777,0.0008596498795894576,0.0021549899020454053,0.9419436742964727
4,11,0.7199483164476609,0.0012728904420733508,0.0023955761490954955,-0.00015845954410450823,0.001262988776832115,-0.0016135404584681952,0.0017706700073705007,1.0078658846375794
4,12,0.7853981633974483,0.001228499756410279,0.0018967575406230314,0.0008508725644174328,0.0008861306509887896,0.0009662596942744679,0.0016321860712342027,0.9454172363585512
4,13,0.8508480103472357,0.0008794326299590363,0.003554120247656093,-6.6037484183311e-05,0.0008769497142478616,-0.0034269601345382782,0.000942186271967701,0.9543764792289191
4,14,0.916297857297023,0.0011544744050169425,0.0017237020605984838,-0.0008827078011457217,0.0007440686054630367,-0.0006796798636925255,0.001584040427704536,0.9670855353188216
4,15,0.9817477042468102,0.0007981816289093431,0.0009396087368107803,3.352444104091912e-08,0.0007981816282053129,-0.00016981557018958126,0.0009241359480143263,0.9884731538957131
4,16,1.0471975511965976,0.0004988049955755368,0.0028546798504580357,-0.0004947916666666668,-6.314768569261507e-05,-0.002854166666666667,-5.412658773652717e-05,0.9913124999999999
4,17,1.1126473981463851,0.0006513848096806828,0.0014606984583326614,-0.0006428639765242532,0.00010501465597793428,-0.0010608556696787212,-0.001004104194934931,0.9783482424347597
4,18,1.1780972450961724,0.0006349083098296639,0.002880746070259496,-0.00034568715529413347,-0.0005325494836683349,-0.0027696456347243333,-0.000792313687479887,0.9779791298485985
4,19,1.2435470920459597,0.000491782449209832,0.0033107962094170358,-0.0002916839503530086,-0.00039594248377420265,-0.002137914367541073,-0.0025279821394447524,0.9942856358302881
4,20,1.3089969389957472,0.0021010708285531237,0.006433779429561617,0.0008247107265966882,-0.0019324468541290524,0.000921654500262367,-0.006367422612831374,0.9474006767777122
4,21,1.3744467859455345,0.0015071889750541316,0.0022052090521909435,-0.0006529480256500131,-0.001358409909535584,-0.0002732754936744146,-0.0021882110200851022,0.9845998494707476
4,22,1.4398966328953218,0.0003624989914525947,0.0007380736925383134,-0.00025383256504037544,0.00025879441209031523,-0.0006275257763480209,-0.00038854108616200993,0.9622590846628812
4,23,1.505346479845109,0.0015320829732594781,0.0028584713146700487,0.0008356433805491461,-0.0012841255302718647,0.0005516759003651156,-0.0028047302825312554,0.9817862542786245
4,24,1.5707963267948966,0.0009519716382329886,0.0004332632154809464,-0.000375,-0.0008750000000000001,-0.0004270833333333334,7.291666666666673e-05,0.9882916666666667
4,25,1.636246173744684,0.0005841379099302608,0.001086451189881369,0.00022418750762115527,0.0005394043559745397,0.0008204786847911163,-0.0007121733748168928,0.9624466804895685
4,26,1.7016960206944713,0.0006516155283422069,0.0008475269526692326,-0.0003171792173819735,-0.0005692101025435619,0.0006961903518665023,0.00048334349014835345,0.9604302461890818
4,27,1.7671458676442586,0.0009068111843602681,0.0034549837158073253,-0.0009049517109401752,5.804244091457305e-05,-0.002950840895772316,0.0017970671897097868,0.9437925011841667
4,28,1.832595714594046,0.0014073240396544797,0.0014754942321415453,0.00019048663630950868,-0.0013943729034863281,0.0002265691811907312,-0.001457995073797415,0.9413110201016205
4,29,1.8980455615438334,0.00025760364037677675,0.0028810526845204822,-0.00025363735462383515,-4.503029951921944e-05,-0.0028549256481451768,-0.000387122867505292,0.9388384685393544
4,30,1.9634954084936205,0.0013643840549897876,0.0027224212008426373,0.0011217923287775698,-0.0007766117566752208,0.001897352766284983,-0.001952339538878468,0.9501923919646028
4,31,2.028945255443408,0.0009259564412017171,0.004562721410094909,0.0008983894078583786,-0.00022425833953461138,0.0036655983084838,-0.0027169497063764684,0.9373547979825677
4,32,2.0943951023931953,0.0008416898717923234,0.001851970843977962,-0.0006927083333333334,0.0004781181916726588,-0.0014479166666666668,0.0011547005383792518,0.9974791666666666
4,33,2.159844949342983,0.0006763488232961684,0.002422349742186001,-0.0006624344897759444,0.00013648544804995114,0.0010312952252102695,0.002191850458386038,0.9655317212956388
4,34,2.2252947962927703,0.00030159353835220256,0.002937150549137861,-0.0001313994330554502,-0.00027146427272941047,-0.002312958936455142,0.001810269125454317,0.9311789423182179
4,35,2.2907446432425576,0.0016214543951483256,0.0026184442435470997,0.00041087916547923617,0.0015685320101677582,0.0011635698665155697,0.0023457100038798235,0.953297811962465
4,36,2.356194490192345,0.00029757873822625465,0.0005750619521028466,5.537743558256716e-05,0.00029238065098878964,-0.00040375969427446795,-0.00040948059543246347,0.9560827636414491
4,37,2.421644337142132,0.0010195241579141383,0.0018827058599133154,0.0010048555240476766,-0.00017232203678404527,0.0003989636226279742,-0.0018399482011109713,0.9906991008016005
4,38,2.4870941840919194,0.0009314610250142865,0.0023571328637169895,0.000918278703741696,-0.00015615333289794307,0.002210339189747836,0.0008188259909648295,0.9461661503006765
4,39,2.5525440310417067,0.0009576288008711398,0.0026883330356179754,-0.0002979664294659683,0.0009100928123928895,-0.00038097174093693265,0.0026612018042610824,0.9846800689180681
4,40,2.6179938779914944,0.0011495872145749352,0.002039879323257855,-0.0010808427878882204,-0.00039157327766865986,-0.0015564435863233551,-0.0013185564136766453,0.9724977602061146
4,41,2.6834437249412812,0.001404661244306869,0.0004900999521558011,0.0005998191126585586,-0.001270153629820905,-0.0003962130897343457,-0.00028846689693322135,0.9237174828586671
4,42,2.748893571891069,0.001785086899246052,0.0018609664237704366,-9.565278288596688e-05,-0.0017825223092533947,-0.0011022437137361814,-0.0014994181624650273,0.9974236275587295
4,43,2.8143434188408563,0.0009345168923801173,0.0026658744999483617,0.00033064802746877943,0.0008740673338334965,-0.001781856820119272,0.0019828951364278856,0.9586971463926041
4,44,2.8797932657906435,0.001286048649747703,0.0014686466483994633,-0.0005024073360034143,-0.0011838530306789955,-0.0005839166301194016,-0.0013475772137154067,0.9469147663279546
4,45,2.9452431127404313,0.0008967848489618355,0.0025175194295778045,0.0007000291143436119,-0.0005605196735162831,0.0006463698665039306,0.0024331276320771677,0.938199341224971
4,46,3.010692959690218,0.0006306038960472627,0.0027994440805652423,-0.0005601939623150862,-0.00028955828134541537,-0.0022225744634307835,0.0017020722413332344,0.9840153415652796
4,47,3.076142806640006,0.0006089811993704338,0.0018689244712995156,-0.0006044798289841259,7.390695189205066e-05,0.0017664275978254806,-0.0006104197089402306,0.9558320234463261
4,48,3.141592653589793,0.0002604166666666666,0.0003958333333333325,-0.0002604166666666666,0.0,0.0003958333333333325,0.0,1.0142499999999999
5,0,0.0,0.00290625,0.009593749999999998,0.00290625,0.0,0.009593749999999998,0.0,9.663032507638892e-33
5,1,0.06544984694978735,0.0014944483853901707,0.004184248155951287,0.00011660883489686736,0.0014898920619357914,0.0018557161144931705,0.0037502333704707127,1.773625982605351
5,2,0.1308996938995747,0.0011829725526515103,0.0011983144566089627,0.0008964077389142092,-0.0007719308427194403,0.0010661122867948658,0.000547139953634402,1.2626870477059369
5,3,0.19634954084936207,0.0011433884828738904,0.0015734649038929827,0.0007431097939624606,0.0008689793190207268,0.0004318184891271746,0.0015130514188985375,0.9973103491146568
5,4,0.2617993877991494,0.0012557003824299356,0.0024573513332432993,-0.0005790111751935692,-0.0011142394309284016,-0.00017188256459441315,-0.0024513326903913037,0.9945730596761169
5,5,0.3272492347489368,0.0007603721574121667,0.0009361607860270423,0.0006252844505028428,0.0004326490190986116,0.0003970037345224142,0.0008478119202217117,0.9841023126871766
5,6,0.39269908169872414,0.0010668654568756597,0.0007084994350264421,-0.0007154780703411084,-0.0007913867789743987,-8.618518601084653e-05,-0.000703237913614634,0.9962290414628949
5,7,0.4581489286485115,0.001103979074201097,0.0018564464756420274,-0.0005439921703184738,0.0009606468211086256,0.0015576347830088995,0.0010100333656293356,0.9746065816108488
5,8,0.5235987755982988,0.0013071920860717307,0.0032481157278102055,0.0009928217617964099,-0.0008503270542515014,0.0032138887603832375,0.00047029226777645295,0.9702426496260274
5,9,0.5890486225480862,0.0003435968486132954,0.0014442638142966686,-0.00012047092863541882,-0.0003217849432939765,-0.0014399914165791421,-0.00011100759192576714,0.9926501722453877
5,10,0.6544984694978736,0.0005086914632372012,0.0024945606950801677,0.0004003962903842756,0.00031376713565463743,0.0007823492297692904,-0.0023687048664023653,1.007063945901918
5,11,0.7199483164476609,0.0010515427630252189,0.0032183047175206522,-0.0008508891043176234,-0.0006178429530424897,-0.003206393409966315,-0.0002766343350711768,0.9644903616413285
5,12,0.7853981633974483,0.0014378099574808277,0.0025724672540336944,0.0011916986070216655,-0.0008044575214724776,0.002295659343900366,-0.0011608341612127887,0.9642694579754573
5,13,0.8508480103472357,0.0011459400313281254,0.002501217219392963,-0.0009150340549149542,0.0006898487035185336,-0.0025007437717190686,4.866381403212354e-05,0.9872160651577223
5,14,0.916297857297023,0.0009604835326618904,0.002546962774703591,-0.0009463697326342008,0.00016405165548855706,-0.0024277493445428715,-0.0007700990168786554,0.9682247627081231
5,15,0.9817477042468102,0.0006745402143298163,0.0019994205182051047,-0.0006452617301994972,0.0001965751771919993,-0.0012562071497138156,0.0015555147076217121,0.9957288872379113
5,16,1.0471975511965976,0.0011919234134838996,0.003608394076663468,-0.0010572916666666667,0.0005502869753213621,-0.002078125,0.0029498990316407445,0.9442499999999999
5,17,1.1126473981463851,0.0021827722600028907,0.002150662114379093,0.00014019224456662582,0.002178265565444558,0.00021757643705023658,0.0021396280107219747,0.9671618703981769
5,18,1.1780972450961724,0.0014186086021161673,0.0016010357023060163,0.0002329460965488894,-0.0013993521651466515,-0.000584882909450656,0.0014903782413505152,0.943458675794972
5,19,1.2435470920459597,0.00032598833304401905,0.000572757255859726,-4.235036856089956e-05,0.00032322567899777745,6.0085641262768667e-05,-0.0005695968660851335,0.9636600954831813
5,20,1.3089969389957472,0.0009792922798366826,0.0024218955019500066,-0.0009775948875801652,5.7633368154667344e-05,-0.0024112381615652443,0.00022695451213213327,0.9652373883392044
5,21,1.3744467859455345,0.0009740905040100828,0.0012313199070696891,0.000497978636113567,0.0008371795434535467,0.0011733373860635008,0.0003734007123878841,0.9759053871540683
5,22,1.4398966328953218,0.0026057293116710763,0.004017039315426785,-0.002540112111294045,-0.0005810814983796426,-0.0035175831927133604,-0.0019399003438385644,0.9544347301068323
5,23,1.505346479845109,0.002049141337341443,0.003125060779988971,-0.0010379016263615565,-0.0017668447680533547,-0.0025538435090049047,-0.0018010797345311478,0.9289144904923431
5,24,1.5707963267948966,0.00130124973316253,0.003927304370437253,0.0003958333333333334,-0.0012395833333333334,4.166666666666612e-05,-0.003927083333333333,0.9270625
5,25,1.636246173744684,0.0005067985078842115,0.001978465967496149,-0.00013336157416633053,0.000488937028797719,-0.0005064599865328382,-0.001912544343690266,0.9523565239893347
5,26,1.7016960206944713,0.0009268088169037352,0.0017957859775776343,-0.0007193965922366224,0.0005843313496372038,0.0007050059922502809,0.0016516094659923867,0.9905129895130328
5,27,1.7671458676442586,0.0006361530438629182,0.0009250767272073197,-0.00040478709721697886,-0.0004907525864860093,-0.0006337140695778438,0.000673923904635897,0.9923966933475442
5,28,1.832595714594046,0.0011782972859167673,0.0025441334298896587,-0.00019397952044379022,0.0011622204780708423,-3.5329438131370336e-05,0.0025438881146550925,0.9535551374568169
5,29,1.8980455615438334,0.0016293578895499503,0.0024491173116543276,-0.00118206387380355,0.0011213974007849372,-0.001761146018588597,0.0017019225327418559,0.9673937165668169
5,30,1.9634954084936205,0.001585547254698145,0.0012728487519428138,0.0014158855970441326,-0.0007136021811652515,-0.0008911429739851249,-0.0009088499024807815,0.9437621696092333
5,31,2.028945255443408,0.0014700822333840072,0.002344553535406597,0.0013761125773895256,-0.0005171614324963412,0.00040892200586831455,-0.0023086173510359414,0.9659974099589568
5,32,2.0943951023931953,0.0006863152670845471,0.0014184654633911022,0.0006093750000000001,-0.0003157384284630764,-0.0004531249999999998,0.001344143595457098,0.9442916666666666
5,33,2.159844949342983,0.001808761688024362,0.002059123000311834,-0.0017988704038021301,-0.0001889023938162245,-0.0019797415072965426,-0.0005662253038326904,0.9593773271340584
5,34,2.2252947962927703,0.0014889437783247531,0.002155405566025148,0.0007679878518464973,0.0012755972069694234,0.001692298313815277,0.0013348781109562623,0.9779877245520949
5,35,2.2907446432425576,0.0015020357157241834,0.0027878762113050706,0.0007884996357677056,0.001278428572781935,0.0004250134457467524,0.002755288975859916,0.9723616004117984
5,36,2.356194490192345,0.000717298238029407,0.003354009945279748,-0.0004729486070216652,0.0005392924785275225,-0.0016081593439003653,0.0029433325054538783,0.9686888753578761
5,37,2.421644337142132,0.000883250344084049,0.0023124115900562572,-0.0002649362375277239,-0.0008425793495981518,-0.001533540508791479,-0.0017307515332138465,0.9481093958187818
5,38,2.4870941840919194,0.0006019608976266174,0.002775748026392639,-0.0002870121488859804,0.0005291322600855996,-0.0016302315323750288,-0.0022465801247391103,0.9498324664263299
5,39,2.5525440310417067,0.0008108620522580344,0.0006527478340048592,-0.0008092447880800886,5.118731051074842e-05,0.0003454190933560537,0.0005538640489715116,0.9648012252272172
5,40,2.6179938779914944,0.0003882426522883357,0.002482159492564842,0.00036134490487025684,0.00014199372091816808,0.0022756945729500958,-0.0009911256011097868,0.9316323503739731
5,41,2.6834437249412812,0.0006565452574998137,0.0013922398995786492,0.0006546718685418145,-4.956228087432838e-05,0.0013169264247519575,-0.0004517042503328853,0.9782270884108062
5,42,2.748893571891069,0.0003191875461264695,0.0009806654382881956,0.00031664637674808647,4.0196538340334556e-05,-0.0007711222638867056,0.0006058672758874016,0.9614667797995713
5,43,2.8143434188408563,0.00038742426047831224,0.0015903408134326999,-0.00035680815471308134,-0.00015094866126406337,-0.00012884211724121668,0.0015851131226807071,0.9592031590632208
5,44,2.8797932657906435,0.0017017704543428641,0.0013850525558434517,0.00021933558321752503,-0.0016875765408445765,-0.0005065498357089724,-0.0012890996262475958,0.9565510811945277
5,45,2.9452431127404313,0.00013062118055083745,0.001151254944783436,0.00012087985119141984,4.949701389411963e-05,-5.758749204605111e-05,-0.0011498137365017684,0.9653299585391584
5,46,3.010692959690218,0.0008217834133294811,0.0034586847394484387,-0.0006969012960941335,0.000435495765680643,0.0001631315803348802,0.0034548354829703485,0.9295896664190587
5,47,3.076142806640006,0.0010219154631680586,0.001333823596472858,-0.0002073657803145222,-0.001000655108924417,-0.0008812425981934286,-0.0010012476564951775,0.9445733457041506
5,48,3.141592653589793,0.0008645833333333331,0.004781249999999999,0.0008645833333333331,0.0,0.004781249999999999,0.0,0.9489375
6,0,0.0,0.00240625,0.0074583333333333324,0.00240625,0.0,0.0074583333333333324,0.0,1.033787836015218e-32
6,1,0.06544984694978735,0.0007577987915581523,0.0029474564943418324,3.739033742981101e-05,0.0007568757963852991,0.0020092806782553516,0.00215645332479689,1.8284067956104624
6,2,0.1308996938995747,0.0003367552900833326,0.000484372900002714,-0.0002789030108685427,-0.00018872529223072103,-0.00017234497907528542,-0.00045267462315064515,1.2607618858201217
6,3,0.19634954084936207,0.0013092853980158131,0.003068285780178944,-0.0004924728800690914,0.0012131359016424666,-0.000543819340167868,0.0030197082895716426,0.9768971100078502
6,4,0.2617993877991494,0.0009394198470715504,0.0019298307504823928,-0.0003968244557215958,0.0008514928070237554,-0.0019277485570606094,-8.962268830030591e-05,0.9107206194881052
6,5,0.3272492347489368,0.000955469316351888,0.0026016333328528615,0.0009161029518863319,-0.000271435067806452,0.0025903882945903997,0.00024162881007886605,0.996337292422414
6,6,0.39269908169872414,0.0004129753992030033,0.0017978547215953017,-0.0004069241171283233,-7.043751306097161e-05,-0.0012965874898319288,0.0012454487067614858,0.9915268745839373
6,7,0.4581489286485115,0.0008566875738786518,0.0016885888846145116,0.0008104121041925933,0.0002777513647423244,0.000749315160826504,0.0015132280763319292,0.9177062931350438
6,8,0.5235987755982988,0.0008437870162548711,0.0015702295208970796,-0.0008340006729740643,-0.00012813823113772842,-0.0005317169449900349,-0.0014774633121357487,0.9852550453189907
6,9,0.5890486225480862,0.0011083025436265806,0.002160537936243661,-0.000520856227446252,0.000978285908382415,-0.0009048093624609324,0.0019619490797548895,0.9457625797140943
6,10,0.6544984694978736,0.0012610355752981372,0.0022159906533255574,0.0011874598321608373,-0.0004244406544760531,0.001976865499283398,0.0010013078314730348,0.9635532665699844
6,11,0.7199483164476609,0.0012940321666936217,0.0006490661692615962,-0.0003496756243145649,-0.0012458917313306194,-0.0006067988993844423,-0.0002303952859451609,0.9364022837841541
6,12,0.7853981633974483,0.0010211811500985468,0.0006782275238198102,-0.0010178830705527566,8.200607293781738e-05,-0.0001750792900476545,0.0006552402736883323,0.9974736471820053
6,13,0.8508480103472357,0.0006765129598806896,0.0030742522293534906,-0.00012595191399245842,-0.000664684812710632,-0.0028425229712026297,0.0011709354926170271,0.945729835362525
6,14,0.916297857297023,0.0009617830369019762,0.0035719983856563214,0.0008227175717596975,0.0004981590179754002,-0.0034432302647314237,0.0009504408509575636,0.9699955647913882
6,15,0.9817477042468102,0.0007811358472286232,0.001119503947605636,0.0007799693300930739,-4.26738320254981e-05,-0.0002774318123849962,-0.0010845831817714025,0.9426365659202361
6,16,1.0471975511965976,0.0008147504890302306,0.0004286050127383537,-0.00021874999999999987,0.0007848355221796476,0.0002447916666666664,0.00035182282028742827,0.9659583333333334
6,17,1.1126473981463851,0.0029962181457041984,0.003947089362381262,-0.0005933373539284293,0.0029368816729790654,-0.001255833610076384,0.0037419776026087906,0.9753720955183253
6,18,1.1780972450961724,0.00033362755717426926,0.0019922393510460458,-0.00014487443793031305,0.00030053077070484177,0.0009627710772471961,-0.001744158675313873,0.9560757112480899
6,19,1.2435470920459597,0.002074179903171728,0.0032783412757136426,0.0011800969462778988,-0.0017057530501532333,0.0011465032131242547,-0.003071327384429005,0.9048557012170241
6,20,1.3089969389957472,0.0009561982971977933,0.0025924082361175544,0.0006435612610587064,-0.0007072086586209809,-0.0007116646905337837,-0.0024928124339664193,0.9805196338832772
6,21,1.3744467859455345,0.00017314189874657868,0.0021066810771469572,8.868787890897632e-05,0.00014870298327941258,0.00206731653703253,-0.00040534861110023734,0.9708344638496987
6,22,1.4398966328953218,0.0010476917194879975,0.001489894632319616,0.001022901510346116,0.00022656221930267146,0.001425466883899076,0.0004333937912820887,0.9719631281293725
6,23,1.505346479845109,0.0013395150068687088,0.002718132562773674,-0.000683158293919556,0.0011522131743194914,-0.002124962536532861,0.0016949273869822303,0.9755389636561191
6,24,1.5707963267948966,0.00233103029944796,0.003447932401776783,0.0022812500000000003,-0.0004791666666666665,0.003447916666666666,-1.0416666666666387e-05,0.96375
6,25,1.636246173744684,0.0023017299743320406,0.0016130984775786438,0.0015340264746948541,0.0017160197113302207,0.0014021983205437746,0.0007974500412130885,0.9754582744156148
6,26,1.7016960206944713,0.001385523703439197,0.0019715901391742134,0.00011240934344568351,-0.0013809562166477176,0.0005337488831099342,0.001897967282823361,0.9588571777905802
6,27,1.7671458676442586,0.0017534094461383433,0.0009819843747894128,0.00014150324237330103,-0.001747690338190669,0.0002521981530385116,0.0009490465762724807,0.9424702661875681
6,28,1.832595714594046,0.002909362616789058,0.0026182314040986477,-0.0009700169481644943,-0.00274289226114394,-0.001147336367957235,-0.0023534559575592393,0.9774361220619805
6,29,1.8980455615438334,0.0009751241090712355,0.0025516223447424645,-0.0005344020586263399,0.0008156478822555115,-0.0013857462613195578,0.002142541455708127,0.9703151913756396
6,30,1.9634954084936205,0.0006580251006069283,0.0036425618595560317,0.0003950912637654308,0.000526212814671966,-0.0023738438563894056,0.0027628105700852113,0.901734302638726
6,31,2.028945255443408,0.0013901830420169443,0.001657355246061951,0.0012054170900441395,-0.0006925160859799604,0.000691339837920684,-0.001506278739195662,0.9393045637032172
6,32,2.0943951023931953,0.0002796540366387249,0.0012510845989025326,-0.0001874999999999999,0.0002074852529900217,0.0002864583333333332,-0.0012178482240718666,0.9439166666666666
6,33,2.159844949342983,0.0005256211148442038,0.0011686292311590537,-0.00010349856800546619,0.0005153305762235359,0.0003746842624684087,0.0011069354016282548,0.9895221986961059
6,34,2.2252947962927703,0.0005758078731609125,0.0010144390454768614,-0.00019456117139561658,-0.0005419415626977313,-0.0009781028093649694,-0.00026907521494994735,0.9918805609596434
6,35,2.2907446432425576,0.0005485601227691227,0.0005971747191887329,-0.00036517959915023386,-0.00040934346050346213,-4.8752077278819625e-05,-0.0005951813842847758,1.0041603271892376
6,36,2.356194490192345,0.0010416382477803727,0.0010739127878618678,0.0008824664038860901,-0.0005534105937288493,-0.00036658737661901145,0.0010094069403549987,0.9911096861513281
6,37,2.421644337142132,0.0010312396653004245,0.0025900227344631834,-0.0010282246346002416,-7.879941681339454e-05,-0.00233612743823374,-0.0011183587784640528,0.9683603574800759
6,38,2.4870941840919194,0.0008194590010385998,0.0018874240389192502,-0.00028307086113968773,-0.0007690149166022825,0.00012350115906847002,-0.0018833791350652157,0.987178333674925
6,39,2.5525440310417067,0.0010409750464255598,0.0031617587812220412,1.1485783695546634e-05,0.0010409116792761985,0.0001382883356894401,0.0031587331205480042,0.9816329726375294
6,40,2.6179938779914944,0.0021938134168623495,0.0042595231232867405,0.0020527506729740644,0.0007739715644710616,0.002896300278323368,0.0031232966454690808,0.9651199546810093
6,41,2.6834437249412812,0.00021669338757241544,0.0026173193821283267,-0.0001808250518470866,-0.0001194082276985447,-0.002098398366090604,0.001564316158982221,0.9763423149173461
6,42,2.748893571891069,0.0008816657188063352,0.00404317748129693,0.0004067072912932056,-0.0007822554690938475,0.003332660268974138,-0.002289248714506096,0.9554964448625792
6,43,2.8143434188408563,0.0007257737919955457,0.002570908952352844,0.00045978248398494717,0.0005615582468170381,0.0016648878493161568,0.001959010283405225,0.9333290791059209
6,44,2.8797932657906435,0.00011393585917322016,0.0013202294786869662,-0.00011005319050595014,-2.9490257119952354e-05,0.00014091628221829462,0.00131268750195918,0.9502402912332992
6,45,2.9452431127404313,0.0005169359674009815,0.0027613931645547704,-7.148522621675503e-05,-0.0005119693905161987,0.0005602398934515725,-0.0027039643989955156,0.9519105096535826
6,46,3.010692959690218,0.0004270095053291823,0.0008033990091431454,0.00042354678569151295,-5.4270046728011685e-05,-0.0007159043721891988,-0.0003645968976452996,0.9669767489306528
6,47,3.076142806640006,0.002000925834607361,0.004911203966909223,-0.0012408071914649995,0.0015697457466761627,-0.0017214378611247535,0.004599627821342845,0.9887139644402142
6,48,3.141592653589793,0.00103125,0.0025208333333333333,-0.00103125,0.0,-0.0025208333333333333,0.0,0.9355833333333333
7,0,0.0,0.0011197916666666667,0.005958333333333334,0.0011197916666666667,0.0,0.005958333333333334,0.0,1.0612130784232922e-32
7,1,0.06544984694978735,0.0029042139535500324,0.002930521504706352,0.0027562090188689072,-0.0009152980565369975,0.0028652982627367604,-0.0006148350633333176,1.8490825789804193
7,2,0.1308996938995747,0.0010674341314416737,0.002516274848649585,0.0006846427313771273,-0.0008189505206904181,-0.001811585487289564,-0.0017463668389511762,1.2818908370729305
7,3,0.19634954084936207,0.002433656897490216,0.004718699162163625,-0.002433103268765454,5.190740047975526e-05,-0.004639317369825509,-0.0008618910169151395,0.9895853617371659
7,4,0.2617993877991494,0.0019060448379433128,0.0017910891677706063,-0.0011005535187696637,0.0015562097791024386,-0.0013767922931714725,0.0011456192161311022,0.9711446702547205
7,5,0.3272492347489368,0.0004068619036904941,0.00225960719309018,-0.00039168043075351634,-0.00011010471760734323,9.851285388270611e-05,-0.002257458722697885,0.9547422280093513
7,6,0.39269908169872414,0.0019512187782959095,0.00463626796206787,0.0016948068478253031,0.0009668942389625876,0.003050395144046859,0.003491428086223788,0.9682917377365302
7,7,0.4581489286485115,0.0006367572272789645,0.0009417264659744794,-0.0005976357948844871,-0.00021975264085963118,0.0004042194706893536,0.0008505617886035094,0.9760445056272348
7,8,0.5235987755982988,0.0015725570658442567,0.0009931038004205924,-0.0015559327727225564,0.0002280546691137793,-0.0009224761839520891,0.0003678217617964102,0.9522421989963115
7,9,0.5890486225480862,0.00013485759021567687,0.00015578911710047969,4.010913779657158e-05,0.0001287549094364757,-0.00015498958286609753,-1.5763191616549513e-05,0.9325254153301438
7,10,0.6544984694978736,0.0009232794852241388,0.00198031931028303,-0.0005505617638189435,-0.0007411658060490409,0.0019803002110280474,-8.697406632296015e-06,0.9499880287805539
7,11,0.7199483164476609,0.0005373436773345575,0.0019233680567708668,5.864352184970632e-05,-0.0005341340327263261,-0.0015360443079000807,-0.0011575459239158948,0.9724220245884911
7,12,0.7853981633974483,0.0012551016348708705,0.00178190919489207,-0.000713904106851304,0.0010322892230747998,-0.0009202783029997486,0.0015258729383106605,0.9540281490620245
7,13,0.8508480103472357,0.0009659139941312473,0.003961346382337695,0.00033176113656375756,0.0009071518022494929,0.001973146933332853,0.003434960893567654,0.915174558698129
7,14,0.916297857297023,0.0011624916181449728,0.002226278607917779,-0.0005552864951308385,0.001021295094760876,-0.001510843214425695,0.0016351358419092149,0.9623955561409266
7,15,0.9817477042468102,0.000594964302924847,0.0013139118716292864,-0.0005624725298172414,0.00019392569441887175,-0.0007641450926874583,0.0010688529757314849,0.9828811521383507
7,16,1.0471975511965976,0.000585074596086782,0.0016344211407338615,0.0005833333333333334,-4.510548978043945e-05,-0.0007135416666666668,-0.001470438966842328,0.9638333333333334
7,17,1.1126473981463851,0.0009457975679166841,0.001367803833632631,0.0006441132339761631,-0.0006925685390586864,-0.001262350702220996,-0.0005266479202486992,0.9643860787359783
7,18,1.1780972450961724,0.0023600307700187913,0.003518212764602996,0.0014119939474089758,0.0018910363105757403,0.0024811202444775327,0.002494366330244859,0.9742202283067353
7,19,1.2435470920459597,0.00030517808341393643,0.0008095980479359683,0.0001933990047711499,-0.00023607305553521407,-0.00014684906357849742,0.0007961685448118689,0.9648285867513787
7,20,1.3089969389957472,0.00015170286532525988,0.0018712257240020539,7.899874476446952e-05,-0.00012951045391601458,0.00027646812147378934,-0.0018506893548015466,0.9669772050707355
7,21,1.3744467859455345,0.002232877339295983,0.0023644861368565602,0.00028513800318198207,0.002214596471478021,0.001681937557122053,0.001661890714014962,0.9570365448023864
7,22,1.4398966328953218,0.00082489984735223,0.003016712670690561,0.0007681253408285314,0.0003007377910053619,0.002592640560581052,-0.0015423262499014104,0.9521961752051582
7,23,1.505346479845109,0.0011545648946836287,0.0011597700858898847,-0.0008856957161349364,0.000740650521133983,0.0005111166490768941,-0.0010410698454769679,0.95124197532331
7,24,1.5707963267948966,0.00020339191864340245,0.001671152816504556,-0.0001979166666666667,-4.687499999999997e-05,-0.0003437499999999997,0.0016354166666666665,0.9768333333333333
7,25,1.636246173744684,0.000818487673881629,0.0010455163037380827,-0.0004530945641492254,0.0006816358178929444,0.0010319205941581658,0.00016806019378306334,1.0105884939417666
7,26,1.7016960206944713,0.0015516322714615818,0.0014959388377182923,4.721910252896134e-05,0.001550913621771821,-4.7871279742839966e-05,0.0014951726812544891,0.9609465803600507
7,27,1.7671458676442586,0.0007802528739987855,0.0013497576504224607,0.0005254244218195606,0.0005768220907168388,0.00018212915241423147,0.0013374134314843842,0.9470114757682807
7,28,1.832595714594046,0.00019765968285966466,0.0012130347778988896,0.000118343585742519,0.00015831660033548681,0.0011910795106220332,0.00022974544994098617,0.9717862069831776
7,29,1.8980455615438334,0.0006053458413836656,0.0006239455037343639,-0.0004515800276427844,0.0004031365355740411,-2.8578906983095104e-05,-0.0006232906526701493,0.9231958669093442
7,30,1.9634954084936205,0.00042754579279979406,0.0003617066488146042,-0.00013650204999893228,0.00040516983511472497,0.0002960690581814928,0.00020778549656849302,0.9503424640831808
7,31,2.028945255443408,0.0007229246934507961,0.0014607184131927378,-0.0003193342824726156,-0.0006485720688085691,-0.0004898513472270994,-0.0013761336927276017,0.9689169870415935
7,32,2.0943951023931953,0.0007217066301964007,0.0019972583204510906,0.0007135416666666666,0.00010825317547305477,0.0009114583333333331,-0.0017771562973493168,0.9833333333333334
7,33,2.159844949342983,0.0005914368794889017,0.0023296379512632447,0.0005914079887221332,-5.845792949708047e-06,0.0023295053417361,2.4856524072851126e-05,0.9916319783690625
7,34,2.2252947962927703,0.000736347477646822,0.0014516314294500934,0.0001752311541358067,0.0007151934356921001,-0.0013705225944087385,-0.00047843664698940226,0.9542370100252145
7,35,2.2907446432425576,0.0009043611255562074,0.000351473291292606,0.0008052660147578359,-0.0004116013737748249,-0.00029071032675555665,-0.00019753728865643203,0.9535964697670237
7,36,2.356194490192345,0.0012357573338757906,0.0022119995439127483,0.001120154106851304,0.000521872556408133,0.00042027830299974883,0.0021717062716439944,0.9724718509379748
7,37,2.421644337142132,0.0005616642447050895,0.0013860889865727724,-0.0005556503825751035,-8.197180078709919e-05,0.0007926034931743614,-0.001137111419917211,0.9630797880252685
7,38,2.4870941840919194,0.0012744985577058103,0.0010604130902927477,0.0005009430287101806,0.0011719226320798066,-0.0009288754141537005,-0.0005115333684570407,0.9040428119867628
7,39,2.5525440310417067,0.000830249289215753,0.00104172759566017,0.0008081236616497146,0.00019039440570857316,0.0010296260222996327,0.000158324469881806,0.9756963146505221
7,40,2.6179938779914944,0.001799324247289944,0.002559887566960522,-0.0011680255606107768,-0.0013686796691137794,-0.0025462738160479106,-0.000263655095129743,0.9386744676703542
7,41,2.6834437249412812,0.000953226512748455,0.0008530995325423959,-0.0008671634472152568,0.00039581351722791497,0.0008247074601353185,-0.0002182576862820791,0.9136723280672587
7,42,2.748893571891069,0.001588598904420781,0.0022346727859855063,-0.0015536320785686797,-0.0003314722364984278,-0.0019525844467058848,-0.0010868194141192447,0.9404789032068899
7,43,2.8143434188408563,0.00118467369533694,0.0013583221070982234,9.90968140177445e-05,-0.0011805217430758373,-0.0011950547596997095,-0.000645664826323091,1.0005030764872471
7,44,2.8797932657906435,0.001092660680177934,0.0009421448399394151,0.000684461188262675,0.0008517160581842711,-0.0004032553389243502,-0.0008514822552780966,0.9963419176913715
7,45,2.9452431127404313,1.0010997578460085e-05,0.0019492340116668081,-4.627414587265952e-06,8.877336692583647e-06,-0.0019147460281929518,0.00036504914704460544,0.9556317572040854
7,46,3.010692959690218,0.0022860360193419356,0.0020688590178898586,-0.0014244797652974922,-0.0017879647871215823,-0.0009032427815885612,-0.0018612711015358156,0.9569696670950639
7,47,3.076142806640006,0.0014680535597424234,0.0023966296153171336,-0.001366654098977339,0.0005361322859340212,-0.001802086302821379,0.0015799741992193182,0.9835244530462189
7,48,3.141592653589793,0.0003697916666666667,0.00014583333333333288,-0.0003697916666666667,0.0,0.00014583333333333288,0.0,0.9579583333333334
8,0,0.0,0.0004479166666666666,0.00703125,0.0004479166666666666,0.0,0.00703125,0.0,1.0823212706137764e-32
8,1,0.06544984694978735,0.0015999232012115895,0.0033316739060737545,0.0015821950698269916,-0.00023751423281626977,0.003039265193211355,0.001364887578427869,1.7514641617222024
8,2,0.1308996938995747,0.0011247684797426642,0.0031947433991544685,0.0005963696304903849,-0.0009536495146810414,-0.001898734459677308,-0.0025692786610398977,1.269361677906797
8,3,0.19634954084936207,0.0019112577015495847,0.0017081292783911117,0.0014349520162364982,-0.0012624653313384135,0.0007872955578416424,-0.001515873126716005,1.0367115169341572
8,4,0.2617993877991494,0.0003710317367421575,0.003909133604567935,0.000369470835385586,3.399781565599283e-05,0.00025751445541692794,0.0039006424911306116,0.9946191250176074
8,5,0.3272492347489368,0.0011963542732274784,0.000818125120858034,-0.0002524230066041624,-0.0011694212982525,0.00022746191458946626,-0.0007858688127100269,0.9698553193720185
8,6,0.39269908169872414,0.0013038375076705883,0.003000836136299035,0.0008188957593242347,0.0010145944912966147,0.0011654656126639134,0.0027652680561956466,0.9905358528805822
8,7,0.4581489286485115,0.00013553287227403916,0.0004704128925725118,0.00013541544941305238,5.640525428722745e-06,0.00046373259202711864,7.899602895239402e-05,1.0188787056259254
8,8,0.5235987755982988,0.0017089097667375211,0.0017771344626415853,0.00010071441965668813,0.0017059393882914204,-0.0007305353875848349,0.0016200385630578895,0.9513338415138063
8,9,0.5890486225480862,0.0004515818334904044,0.0013855271706439546,0.0002705928677867762,0.00036153236679650633,-0.0012541438728378295,0.0005889046500206736,0.9632659029793867
8,10,0.6544984694978736,0.0011918647989875338,0.00172213590812797,-0.0007601021930460777,0.0009180339618947316,-0.0002831265671121942,0.0016987028677961935,0.9931706241171684
8,11,0.7199483164476609,0.0015158919501615986,0.004160065440686142,-0.001279617506578247,0.0008127160890638281,-0.003975947553743881,0.0012239221873424925,0.9445658777327418
8,12,0.7853981633974483,0.000633879185492838,0.0015834492092879026,-0.0005550072907291009,-0.0003062184335382291,0.0015568907031378852,0.00028879532004051785,0.9625874158227683
8,13,0.8508480103472357,0.0015664706195776962,0.002029544890811985,0.0014619341638824035,0.0005626532702060741,0.001574135889170936,0.00128107324780633,0.944954807697907
8,14,0.916297857297023,0.0014309864489331092,0.0015992790193367788,-0.001206236056844466,0.0007698810247034954,-0.0015677988524372393,0.00031575328974895014,0.9807259552318679
8,15,0.9817477042468102,0.0024080068882478185,0.0035109395833526746,0.001965628367601398,0.00139097170867333,0.0007486610209879176,0.0034301899996364606,0.9851251870160596
8,16,1.0471975511965976,0.0006956781575975581,0.0010208333333333334,-0.0004921874999999996,-0.0004916498386067907,-0.00014583333333333297,0.0010103629710818453,0.9437083333333334
8,17,1.1126473981463851,0.0008018194304549353,0.0017969371231889397,-0.0006326827785371025,0.0004925717214758156,-0.00032403269528288723,0.0017674800810991479,0.9429987559728628
8,18,1.1780972450961724,0.0012241507238731103,0.002595816790965894,-0.0008969746616453944,0.0008330554910239716,-0.002585512087594795,0.00023106721351519432,0.9532867251763929
8,19,1.2435470920459597,0.0006967828015135696,0.0015626579165042213,0.00022331828349273533,0.0006600266788115135,0.00069618827116436,0.0013990073820771974,0.9878551028278645
8,20,1.3089969389957472,0.00193441857149851,0.004115798027383541,0.0019096453099562466,0.00030859358373181865,0.0026937370794704847,0.003111844139557775,0.9874477634762949
8,21,1.3744467859455345,0.0017509006255793764,0.0011954912861915916,-0.0013890322353673997,0.0010659467387090671,0.00030111393013835635,0.0011569484934242573,0.9740840481365205
8,22,1.4398966328953218,0.0014099085516582686,0.0027442318511419683,0.0009951399532932188,0.0009987685404530355,-0.0001925428554043754,0.0027374688494400815,0.9300363721512107
8,23,1.505346479845109,0.0017785023566274285,0.0022899513506157293,0.0016942067167364683,0.0005410491969260773,0.0022812965511636724,-0.0001989050875054169,0.9675130901091836
8,24,1.5707963267948966,0.000690492225799023,0.0026862278966051996,0.0003854166666666667,0.0005729166666666667,-0.0013124999999999994,0.0023437499999999995,0.9303958333333333
8,25,1.636246173744684,0.00071757862981847,0.004593827673843974,-0.0006215573576760043,-0.0003585882612286361,-0.004336180660442176,-0.0015168355141484482,0.9297459359849297
8,26,1.7016960206944713,0.000845002404337738,0.0016206797191166261,0.00045319450982592364,-0.000713192680557084,-0.0013329947237751823,-0.0009218068226822101,0.9573051396772775
8,27,1.7671458676442586,0.0010777282125334488,0.0022982784552525444,-0.0006116591523538048,-0.0008873393834561653,-0.00226818120053434,0.00037072617849380387,0.9757022744312872
8,28,1.832595714594046,0.0013629721912587934,0.0025866508652835772,-0.0011592713684472646,0.0007167866408096645,-0.00257561472569803,0.00023868699931027236,0.9312545867928953
8,29,1.8980455615438334,0.001164872980258411,0.002047287954651463,0.0007859273429651867,-0.0008597949009594057,0.0005181797992963436,0.001980625574121008,0.9531430579625231
8,30,1.9634954084936205,0.0004811039063859777,0.0017499744695881128,3.52780842758681e-05,0.00047980873846739425,-0.0015120881666677074,0.0008809086334198842,0.9782624240778559
8,31,2.028945255443408,0.0011128521369982486,0.0010168897182493623,-0.0011122333043710373,-3.7107350612135295e-05,-0.0010004729816413347,-0.00018198492269131793,0.9500986651263005
8,32,2.0943951023931953,0.0006379092164272106,0.0016492580402512314,4.947916666666649e-05,0.0006359874059041972,0.0001562499999999995,-0.001641839828007998,0.9764166666666667
8,33,2.159844949342983,0.0014985191634112353,0.0027746077273874863,-0.0010360084083384197,-0.0010827032192446842,0.0015293112181992618,-0.002315092922275095,1.0086835649423755
8,34,2.2252947962927703,0.0006768346652965694,0.0016623815106124131,-0.0002488851851460358,0.0006294134799652313,-0.0005686480502292107,0.0015620984865867215,0.9399409126998517
8,35,2.2907446432425576,0.0010159959296949,0.0014790965667457134,0.00010785084602851682,0.001010255375718208,-0.0007657072402187056,0.0012654718788007932,0.9646047759696761
8,36,2.356194490192345,0.0017015868179532509,0.005610345669578754,-0.0014241593759375657,-0.0009312184335382291,-0.005411057369804552,-0.0014820380132928158,0.9592875841772316
8,37,2.421644337142132,0.0014166887539697939,0.0030785989845958134,0.000994473493757004,0.0010089744772982245,0.00210721269490566,0.002244421165107565,0.9554411116072964
8,38,2.4870941840919194,0.00017785833852333174,0.0017183646418052452,-0.00012338438731872978,0.00012810105990296002,0.00013936475092835677,0.0017127038589333375,0.9471067735948039
8,39,2.5525440310417067,0.000145598603048114,0.0005316064997401097,-1.4732279673090995e-05,-0.0001448513484410694,8.738194858032172e-05,0.0005243756913017967,0.964004613959236
8,40,2.6179938779914944,0.0009221748689973178,0.0004874694195792569,-0.00031425608632335483,0.0008669772783752458,0.00026178538758483483,0.0004112114369421106,0.9564578251528609
8,41,2.6834437249412812,0.00018731619053560385,0.0015538824330877182,3.99797486101014e-05,-0.0001829999315241504,0.0001953884299529907,0.0015415492133886328,0.9500069687745626
8,42,2.748893571891069,0.0007161893166716909,0.0028197193908752476,0.0006469674847119585,0.00030718107207337067,0.0013071346415985887,0.0024984428094336694,0.9776649978651698
8,43,2.8143434188408563,0.0031728229425348206,0.0020962193034236606,-0.003148411818034675,0.0003928211408960971,-0.0013954622659623503,0.001564231578865866,0.9470004860744318
8,44,2.8797932657906435,0.00045747309184289566,0.0003801867589255074,0.0004530718897720989,6.330475857814724e-05,4.102985747728417e-05,0.00037796629804478024,0.9229285247132025
8,45,2.9452431127404313,0.0016549265144858156,0.0016111586605669483,-0.0015780745092252905,-0.0004984602408232067,-0.0015981052690419969,-0.0002046748117871128,0.9619228916009716
8,46,3.010692959690218,0.0001273233948951583,0.00196667810753579,0.00012723706207911473,4.687954895679274e-06,-0.0016705192422928465,-0.0010378767941282294,0.9588525446210299
8,47,3.076142806640006,0.0005478085761446725,0.00198959776014072,-0.0003950420095778989,-0.0003795208120331594,0.0006116087284760965,0.001893260153916736,0.9618731774395769
8,48,3.141592653589793,0.0002812500000000001,0.00011458333333333286,0.0002812500000000001,0.0,-0.00011458333333333286,0.0,0.9381458333333333
9,0,0.0,0.0008802083333333333,0.004416666666666667,0.0008802083333333333,0.0,0.004416666666666667,0.0,9.491753137918053e-33
9,1,0.06544984694978735,0.0019928510719961594,0.0030293851289040848,0.001912531893545066,0.0005600688808790983,0.002963496623828773,0.0006283804737423691,1.7982723317053004
9,2,0.1308996938995747,0.003347842794236677,0.0035010463398628833,0.0030557569037212243,-0.0013676260893542933,0.0011065609697273626,-0.0033215731655562445,1.2808742403106057
9,3,0.19634954084936207,0.0006892172091489645,0.0015550595731759524,0.0001300540022046192,0.0006768355176094473,-0.0012259345922310827,0.000956710327997657,0.9913216154570134
9,4,0.2617993877991494,0.0009561198626105668,0.0011477013117043113,-0.0009483057597527889,0.000121989252387802,-0.0010642343557828566,0.0004296784109764475,0.9679708219039492
9,5,0.3272492347489368,0.00021219246746188676,0.0014092190606927472,9.828083299973407e-05,0.00018805988703719424,-0.00025667525348745487,0.0013856464827894954,1.0002944765558575
9,6,0.39269908169872414,0.0007167894086927708,0.0015929931375613948,-0.0007113899222320448,8.781477643777952e-05,-0.001024005801937692,0.0012202619611852371,0.9761703586300294
9,7,0.4581489286485115,0.0020151309861195384,0.0016760329952456657,-0.0019906677433895415,-0.000313041253906721,-0.0011733685766545157,-0.0011967843516991327,0.9733759994861392
9,8,0.5235987755982988,0.0007171796197406248,0.0015354603888319991,0.0005360709679281463,0.0004764184340638883,0.0002722557498363232,0.0015111305080479237,0.986343395195944
9,9,0.5890486225480862,0.0012795981657775812,0.0018903345461652417,-0.0012748552626280448,-0.00011007054651871678,-0.0011046530351091377,0.0015339838227471372,0.9370470453955312
9,10,0.6544984694978736,0.0010876790353696885,0.0006995167727028869,-0.0009087755405465982,0.0005976392732133444,-0.0005820420391158647,0.0003880087370079552,0.979747005071223
9,11,0.7199483164476609,0.0005064757150575818,0.0012686666952722834,0.0004954181928535982,-0.00010525428320388563,0.001253374121001349,-0.00019638863637490056,0.9421200902231096
9,12,0.7853981633974483,0.0020696063274171527,0.002680324252392271,0.001960800525052379,-0.0006622172237562451,0.002627422285618256,0.0005298964342196753,0.9686315791779164
9,13,0.8508480103472357,0.0007821050970215565,0.0026202351594232136,-0.0005470120552891675,0.0005589867566905491,-0.0014519339267232752,0.0021811740332003597,0.9585924594523322
9,14,0.916297857297023,0.0003226636129402097,0.0032142632519895436,0.00029089535196304513,-0.0001396126832416223,-0.0006457219657876186,0.003148734888171719,0.9511420583200775
9,15,0.9817477042468102,0.001925320573870256,0.003437083207356548,0.0017924029591261693,0.0007029587073817657,0.0029523211006169886,-0.0017599264453789162,0.9506769655039196
9,16,1.0471975511965976,0.0013950460310754784,0.0032741656326883916,-0.0008151041666666667,0.0011321477934890319,-0.0013229166666666667,0.0029950045214211835,0.9390208333333333
9,17,1.1126473981463851,0.002708673688310842,0.001292411822816997,0.0026206387180907884,-0.0006849568300199135,0.0012923189110870966,-1.5496832057356143e-05,0.9784846748774115
9,18,1.1780972450961724,0.0008189880675554042,0.0008058136889202135,-0.00011331201945726634,0.0008111114849665558,-1.8085111767838407e-05,0.0008056107186374493,0.9782683435342455
9,19,1.2435470920459597,0.0008938711070966312,0.001663350744842661,-0.0005257815249742585,0.0007228826627454143,-0.0013899949924681934,0.0009135916053040228,0.9428964665062237
9,20,1.3089969389957472,0.00210249711741645,0.0013101455750607993,-0.0006384448542021764,0.0020032179853643594,-0.00044841709970730106,0.0012310172754845827,0.9615844183204595
9,21,1.3744467859455345,0.0009936605699455722,0.0012667632116592324,0.00024127614538792366,0.0009639227925157207,-0.0008149272425479256,0.0009698363902053004,1.0052621160759525
9,22,1.4398966328953218,0.0018172802263300464,0.0016216959609902425,-0.0015318438755919487,-0.000977732970611927,-0.0008131030083562255,-0.0014031255423853286,0.9396894434922025
9,23,1.505346479845109,0.0003602489779493567,0.0014084475586370636,0.000272931948471347,0.0002351328935244707,0.001406532651147683,7.34195252380138e-05,0.9934934248561592
9,24,1.5707963267948966,0.0007907924174961748,0.0024224069756247717,-0.00019791666666666677,0.0007656249999999999,-0.00016666666666666666,0.0024166666666666664,0.9515416666666666
9,25,1.636246173744684,0.002009767606957834,0.0011495290896906642,0.0016862990345708696,0.0010934173036779558,0.0007416666933578709,-0.0008782639944849435,0.9481493836706153
9,26,1.7016960206944713,0.0017197160966803304,0.002674978018897454,-0.0015519810651880236,0.0007407956712071689,-0.002667240164499983,0.00020331578016143255,0.9768015908711973
9,27,1.7671458676442586,0.0015813995977665505,0.0026368183096179302,-0.0015400712509938124,-0.0003591729801621521,-0.001926997371504922,0.0017998588633972058,0.9757280211539389
9,28,1.832595714594046,0.0015773600448693809,0.0012662894124823446,0.0003924311656832163,0.0015277638859950995,-0.0007576725845721417,0.0010146039280195264,0.9556387154416504
9,29,1.8980455615438334,0.0006983251303580502,0.0008592788027042223,-0.00038090114372776033,0.0005852967677994403,-0.0002772117035527535,-0.0008133349446508382,0.929402828840502
9,30,1.9634954084936205,0.002132924242497485,0.003938715472302965,0.0001693136271603778,-0.0021261934812926283,-0.0006393388296093292,-0.003886479825331985,0.9793054749933692
9,31,2.028945255443408,0.000877871801206779,0.0020231084878211377,-8.332016895887251e-05,0.000873908833230732,-0.001535026157503436,0.0013178249691344322,0.9262964363559872
9,32,2.0943951023931953,0.002077446108824353,0.0022703315577123186,0.0007786458333333332,-0.001926004413624767,0.0013541666666666667,-0.0018222617871297558,0.9703958333333333
9,33,2.159844949342983,0.001998904530304162,0.0019519415441415263,0.0019699253553422187,0.00033913627887670154,0.0001378529591201056,0.001947067629387186,0.985353062435563
9,34,2.2252947962927703,0.0014266368759475567,0.003326502242487875,0.0012053631761962393,0.0007631463747430884,0.0032208674356691775,0.0008316430310672477,0.9577997128203891
9,35,2.2907446432425576,0.0013208407961441656,0.0034217439453761646,0.0013063702717592334,-0.00019497979849835697,0.0028387575679615987,0.0019104415976572515,0.9565425699500567
9,36,2.356194490192345,0.001962121791281174,0.001586037414380755,-0.0019503838583857125,-0.00021430055708957863,-0.0015857556189515895,2.9896434219675474e-05,0.9582017541554171
9,37,2.421644337142132,0.0007716631467396736,0.0021749557352113203,-4.494274471705047e-05,0.0007703532707358832,0.0010574281917449953,0.0019005993974090187,0.9722428006470398
9,38,2.4870941840919194,0.000365538392501902,0.0007349185193674182,7.334731397614731e-05,0.00035810401830384286,-3.268753513293604e-05,0.0007341912251969042,0.938817038332148
9,39,2.5525440310417067,0.0009483843769493226,0.00029196307606689894,-0.0009126947648591948,-0.00025772309295089146,0.00023097728757593265,0.00017858311905247573,0.9415372064577164
9,40,2.6179938779914944,0.0031954350725293904,0.0033855288861228653,-4.127930126147974e-05,-0.0031951684340638877,0.001300660916830344,-0.0031257138413812577,0.9309899381373895
9,41,2.6834437249412812,0.000903714977977447,0.0018845624257414328,0.0007470391138594816,0.0005085600493401129,-0.0018025960714208227,0.0005497480694051139,0.9328408973646902
9,42,2.748893571891069,0.0017177531769885512,0.0012953879005512437,-0.00021961168547106677,-0.0017036568564880719,0.0010147630766481927,-0.0008051619161175303,0.9584224895090191
9,43,2.8143434188408563,0.0015784216694829643,0.0029443555834784934,-0.001563625938654087,0.00021561282582794827,-0.002904666322131723,0.0004818125766672666,0.980065391102046
9,44,2.8797932657906435,0.0006772255720003328,0.0028687218176947993,0.000215152781605082,-0.0006421399815762711,0.0002911573733956328,-0.0028539082415584963,0.9742227110006083
9,45,2.9452431127404313,0.0011174446168784576,0.002755811413509574,-0.00011437051691321161,0.0011115762936711308,-0.00041530577258662525,0.0027243380227287995,0.9820739675203655
9,46,3.010692959690218,0.0020389530097367687,0.0014776713926528931,-0.0019452622645300855,-0.0006109698013076516,-0.0012949670258372453,-0.0007117395216362373,0.9609622441154867
9,47,3.076142806640006,0.0008303814198431112,0.0020382982226553326,-0.00016992535310604717,-0.0008128091269126144,-0.0018454350895205267,-0.0008654646005737344,0.9689297684065243
9,48,3.141592653589793,0.0008385416666666667,0.0001666666666666668,-0.0008385416666666667,0.0,-0.0001666666666666668,0.0,0.9973333333333333
10,0,0.0,0.0013697916666666672,0.0055625,0.0013697916666666672,0.0,0.0055625,0.0,9.493293881873563e-33
10,1,0.06544984694978735,0.00021860333116335983,0.0007389322866432442,-0.00021822501428060432,-1.2855331109994947e-05,0.00025985877985597436,0.0006917328521731333,1.8318740357201042
10,2,0.1308996938995747,0.002915735417697152,0.0031243051317212866,0.0019648959458158292,-0.0021542276918028198,-0.00037980964002906116,-0.0031011332111731287,1.2505119937384679
10,3,0.19634954084936207,0.0009512538336903517,0.0011738420619273563,0.0009302711903646056,0.0001986941581632713,-0.001166290461604028,-0.00013293511771285437,1.0267782704855706
10,4,0.2617993877991494,0.0012781083491349504,0.0010550760176511434,0.0004329922981971052,-0.0012025300918606808,-0.000734045492718419,-0.0007578671503913924,0.9730817464771578
10,5,0.3272492347489368,0.0006465313106638701,0.0016880610781996104,0.0002387838499811901,-0.0006008202798315834,0.0009044944099847225,0.0014252859593915953,0.9708203646334702
10,6,0.39269908169872414,0.0008504088296538635,0.0015588263557873563,0.0002659164727999303,0.0008077645740232099,0.001413486707813646,0.0006572632154102566,0.9671277993982385
10,7,0.4581489286485115,0.00042303796570752737,0.001570139708753447,-0.00014385013913378338,0.00039782943317602114,0.0001980035476984398,-0.0015576049884688963,0.9775809303579667
10,8,0.5235987755982988,0.0005182740978413031,0.0020527279944885456,-1.954778892216071e-05,-0.0005179053238203593,0.0019059225602315443,0.0007623328759521014,0.9588011494433532
10,9,0.5890486225480862,0.0005347077085284036,0.00029860114979068133,0.0003457348930642198,-0.00040789669927270646,0.00029857333588027547,4.075507040986546e-06,0.9703311820127151
10,10,0.6544984694978736,0.0009250373092543925,0.001629321115207915,0.0004862730784057608,0.0007869132841237282,0.0012192556173680087,-0.0010807881549956587,0.9627224977033073
10,11,0.7199483164476609,0.0026594747444915476,0.0028009193099161993,0.0014878424335794335,-0.0022043436232649415,0.002773210111547561,-0.00039300719824425886,0.9424118645374394
10,12,0.7853981633974483,0.0006230735872790333,0.0011688658325082033,0.0005360246816630976,-0.0003176448265165639,0.0008433535497617252,-0.0008093220153371539,0.9251451584199074
10,13,0.8508480103472357,0.000719052858522939,0.000708220519134253,-0.0006586764735102632,-0.00028841344731841696,-0.0003692557113717454,0.000604339741653763,0.9915802560328286
10,14,0.916297857297023,0.0014250273469115272,0.0030897902619486774,0.0007103764147232126,0.0012353413653119127,-0.0010683743864509185,0.0028992033445773514,0.9394198700340554
10,15,0.9817477042468102,0.0016258415492701362,0.0022507481452645767,-0.0002456137466332498,0.0016071822021158319,-0.0016104362198379454,0.0015723747629766897,0.9804149288742411
10,16,1.0471975511965976,0.00028139463873416866,0.0022109850431676625,-0.0002812499999999999,9.02109795608791e-06,-0.0011979166666666666,0.001858346178954108,0.9609583333333332
10,17,1.1126473981463851,0.0006137820413815493,0.0026606869341273937,-0.0005837225657916631,-0.00018972706846441127,-0.002104147480174179,-0.0016284404634842762,0.9574120543665287
10,18,1.1780972450961724,0.001727470128664542,0.0044277853924879216,0.0015817279139299333,0.0006944709149583956,0.003537584539989553,0.002662851686511347,0.9131663588911988
10,19,1.2435470920459597,0.00019876698798834805,0.0005492616429355188,-4.7781700044028166e-05,0.0001929383960098731,0.00022405844552722144,0.0005014839632412492,0.9714801526148095
10,20,1.3089969389957472,0.0005724531337224644,0.001606052432047712,-0.0005644243295290217,-9.553934553043595e-05,0.0009056786249372758,-0.0013263297639795678,0.9783040846650161
10,21,1.3744467859455345,0.0014217144650068329,0.0003921017358273448,0.0012415206393646,-0.0006927470837480152,0.00037238212226566394,-0.00012278162018696851,0.9942394174498163
10,22,1.4398966328953218,0.0005194218870726224,0.001229347626175565,0.0002976430506437584,0.0004256849905429615,0.0012083874215986516,-0.00022604297225452247,0.9448878801255546
10,23,1.505346479845109,0.0021849752806739407,0.0027077602002603075,-0.0009736114902749693,0.0019560668810551236,-0.001984865736294348,0.0018418125070154227,0.933742918689726
10,24,1.5707963267948966,0.0014911213650629586,0.0008118319903499465,-0.0014010416666666663,0.0005104166666666666,-0.0006770833333333334,0.0004479166666666668,0.9864166666666666
10,25,1.636246173744684,0.0014551798100595167,0.002990422931150365,0.0014437856761533399,-0.00018174487871545154,0.0029082084312310992,0.000696385688872401,0.9574912579047924
10,26,1.7016960206944713,0.00021814537293887075,0.0023602820848128763,-0.00016301573041867522,0.0001449595646058059,-0.0021702357710870644,0.0009279052849201537,0.9735958601867489
10,27,1.7671458676442586,0.0020528477631370687,0.001719563806835666,0.001924731442288911,0.0007138576984815077,0.0008990773199538114,-0.0014657965952081617,0.974569436244197
10,28,1.832595714594046,0.001607474310862427,0.004377612472973482,-0.0010967799135687933,-0.0011751797655144786,-0.003722612227460235,-0.0023033994806582188,0.9768547809979645
10,29,1.8980455615438334,0.0015708412439967643,0.0005823995343303566,0.0015667300666085304,0.00011357425864222788,-6.537882024435751e-05,0.0005787182625869622,0.9640388495661676
10,30,1.9634954084936205,0.0018822770158467557,0.0010431010142752475,-0.000142007044809137,-0.0018769125615247886,-0.0003771994397846571,-0.0009725123693857013,0.9198909042798672
10,31,2.028945255443408,0.0004596733258341725,0.002602635448308032,8.22954180351674e-05,-0.0004522466480294424,0.0009064157736511018,-0.0024396970553874154,0.9767995342961364
10,32,2.0943951023931953,0.0005711383385276383,0.0016844107525580956,0.00018229166666666665,0.0005412658773652743,-0.0005624999999999998,-0.00158771324027147,0.9976666666666666
10,33,2.159844949342983,0.0006894317632576279,0.001553449976839218,0.0004306224144974666,0.0005384055091851252,0.0015018366606350515,0.0003971063778313365,0.9607976641444115
10,34,2.2252947962927703,8.60291100746039e-05,0.0011169582587807559,-2.4123355604844495e-06,-8.59952813668979e-05,0.0010751525972688871,-0.0003027253614160933,0.9708395476080841
10,35,2.2907446432425576,0.0015384129924908949,0.0027991294171622145,0.001342222157662455,-0.0007517673941750426,0.0024460329278098813,-0.0013608998530724803,0.9569526423208998
10,36,2.356194490192345,0.0012766966037511345,0.0016529600633864274,0.001036891985003569,0.0007448551734834361,-0.0001141868830950583,0.0016490113179961797,0.9103548415800929
10,37,2.421644337142132,0.0026268601566099125,0.0016502679840738306,-0.0025187544585801615,-0.0007458352765639427,-0.0016243994685911129,-0.00029105117367915804,0.9465114978285447
10,38,2.4870941840919194,0.0022843506063579522,0.0019658140525171137,-0.0022841940468938497,-2.6744137724751583e-05,-0.0016981224539744024,-0.000990356006889296,0.9816911947914022
10,39,2.5525440310417067,0.0010368056573216372,0.0007007019631112404,0.0008317985276872581,-0.000618932290635625,0.0007006993208017297,-1.9243014162862455e-06,0.9376644200715364
10,40,2.6179938779914944,0.0012511933669306385,0.0006324737610532221,0.001108089455588827,-0.0005810530095129744,8.366077310178891e-05,-0.0006269162092854349,0.9656571838899805
10,41,2.6834437249412812,0.0007623778986472999,0.0015853791312407629,-0.0006879047685880539,-0.00032864432096065297,0.0004543805238394377,-0.0015188697539055527,0.9518001242489746
10,42,2.748893571891069,0.0017697943360176502,0.0022876817999723156,0.0007318626580792737,0.0016113810975400252,0.0005094615253147917,0.0022302324928465418,0.9639816040973614
10,43,2.8143434188408563,0.0027790298050228246,0.000874155635367848,0.0026341567282580016,-0.0008855647848567029,0.0008721312600768819,5.945704367084099e-05,0.9842727953149358
10,44,2.8797932657906435,0.000504761823902239,0.0009450138429686988,0.0004677952782340435,0.0001896103281233616,-0.0009281875714252888,0.00017753589962059193,0.9685093878598656
10,45,2.9452431127404313,0.0012536858637698192,0.0031829311757181665,-0.001084065360633811,0.0006297067086272491,-0.0031625087447612254,0.0003599851506206991,0.9415380140508466
10,46,3.010692959690218,0.0004507320637679797,0.0013401878740685498,-0.0004470663767155514,5.736765742969446e-05,0.0012304132819725656,-0.0005312124747649278,0.9281644891457156
10,47,3.076142806640006,0.0007943158228032181,0.0030760603119593982,0.00041171027992540867,0.0006792880624295521,-0.000132080327879912,0.0030732233615210734,0.9568973882333408
10,48,3.141592653589793,0.002171875,0.003166666666666667,-0.002171875,0.0,-0.003166666666666667,0.0,0.9962083333333333
11,0,0.0,0.0019062500000000002,0.003208333333333333,0.0019062500000000002,0.0,0.003208333333333333,0.0,1.1233307388962617e-32
11,1,0.06544984694978735,0.0010317124299231884,0.002576084194884622,0.00010805912728601517,0.001026037895532224,0.0009130039299299186,0.002408865625780499,1.8391067261321803
11,2,0.1308996938995747,0.0012786599078668266,0.0036395540514296736,0.0003716962035923317,-0.0012234431299496717,0.0016785227947921201,-0.003229383055730831,1.2832892624336087
11,3,0.19634954084936207,0.001893729074144305,0.0035451952195200047,0.0018279989571189452,0.0004946004640429442,0.0035231810612145996,0.0003944671778567402,1.0173755350537934
11,4,0.2617993877991494,0.0011691972917204055,0.0036635148085830626,-0.00023403097141018692,0.00114553560022687,-0.0007714466138093452,0.0035813699717774884,0.9776095706500425
11,5,0.3272492347489368,0.0019845774134810974,0.0024719672825164714,0.0017655878197570315,0.0009062268815395707,0.0022273247230850998,0.001072215847563237,0.982374307283243
11,6,0.39269908169872414,0.002115486902386999,0.002172694441699707,-0.0020708262269105403,-0.00043239284465679696,-0.0021534084514296024,0.0002888480193879864,0.9409159307389809
11,7,0.4581489286485115,0.0007661446764600134,0.0017486020447751742,6.363250585903271e-05,0.0007634975896924094,0.001051700576245117,0.0013969735176149935,0.9498126407540086
11,8,0.5235987755982988,0.0022854638408504407,0.004005675443020701,0.0010705325485988121,0.002019233773049911,0.0037962469682555006,0.0012782584679281467,0.9383504311067461
11,9,0.5890486225480862,0.001177073781572448,0.002816267744690531,0.001086122793449191,-0.0004536958946424234,0.0018139737497357947,0.0021542662892627155,0.9733054120279804
11,10,0.6544984694978736,0.0004990272340931291,0.0005841409836367111,0.00018297277631398285,-0.0004642727038008932,0.00018772752271950478,-0.0005531537453345699,0.9838147013379269
11,11,0.7199483164476609,0.0004058868399374863,0.0008885204383185692,-3.356555668986804e-05,0.0004044965763001436,-0.0008768919365665227,0.00014327979932438517,1.013564396508561
11,12,0.7853981633974483,0.00017561833448239962,0.0006078816063977492,-0.00013147208691207947,0.00011643405760066345,-0.00033952508759352567,0.0005042249124064744,0.9229089586802766
11,13,0.8508480103472357,0.0011767240912663,0.0020745658952329646,0.0009637390334362376,-0.0006751937961784645,0.00043538274136768133,-0.002028365233921868,0.9772053917288236
11,14,0.916297857297023,0.0004207028906636097,0.00014760892769886375,-0.00022961683541045143,-0.00035251529202122114,0.00014341337474696897,-3.4942802979924637e-05,0.9656143844759804
11,15,0.9817477042468102,0.0014318118156798334,0.003105863575634843,0.0003297986571228835,0.0013933118535634167,-0.0012548079242520054,0.002841099368851717,0.9393680778560737
11,16,1.0471975511965976,0.0013252829067735353,0.0035224355328853547,0.0012630208333333332,0.00040143885904591155,0.00053125,0.0034821438110499304,0.9727291666666668
11,17,1.1126473981463851,0.0007919039567262968,0.001398815986931501,0.0006699653968323745,0.0004222063994375304,-0.0012875051631973972,0.000546824121665452,0.9624991871319777
11,18,1.1780972450961724,0.0006915459784603911,0.0020628127986933517,-0.0006874861658791667,7.482387352645268e-05,-0.0012131552911420172,-0.001668367729856708,0.9768771488197455
11,19,1.2435470920459597,0.0011634970897814241,0.001849064465668078,-0.0006113519649887896,0.0009899364892932217,-0.0005139931054957973,0.0017761898788415502,0.9339227222545765
11,20,1.3089969389957472,0.0008815410673348325,0.0009058628284318084,0.0005349025523379129,0.0007007095781422016,-0.0009016879209681668,8.686977100568895e-05,0.9377613683359702
11,21,1.3744467859455345,0.0008239725922684525,0.0005797686773312964,-0.0008170345233407137,0.00010670248581455934,-0.0005712909698885335,9.878434561356197e-05,0.9782274419365661
11,22,1.4398966328953218,0.00020480894166810477,0.000869999160864185,5.9207457438363295e-05,0.00019606422307727011,0.0007388950445278479,-0.00045927405007966185,0.9881582588126387
11,23,1.505346479845109,0.0011926366341105305,0.0002983343071468902,9.314170938696164e-05,0.0011889940130189766,0.00021974877022409753,-0.00020177670035415835,0.9627257428921489
11,24,1.5707963267948966,0.0015051993223490368,0.0023695569938750618,0.0011249999999999997,-0.001,0.002197916666666666,0.0008854166666666668,0.992625
11,25,1.636246173744684,0.0011561934841274855,0.0025317546821243815,-0.0006555645876285755,0.0009523751593706283,-0.0021872132319903283,0.001275100015004765,0.938785739906765
11,26,1.7016960206944713,0.0029222899337196175,0.004660716604849325,0.0029109464213451773,-0.000257234112778052,0.004607410172639515,0.0007028874531360865,0.9814933314246228
11,27,1.7671458676442586,0.0024348038362295714,0.006082328696843127,-0.001756890321534618,0.0016857064154283286,-0.003990546140245715,0.00459023571061568,0.9608951802649783
11,28,1.832595714594046,0.000835049165442188,0.001861373777240099,-0.0008340212013918035,4.1421544329821196e-05,0.0018195962634352425,-0.00039215019659510285,0.9188131055026566
11,29,1.8980455615438334,0.0026765726209934757,0.0036061132627078487,-0.0011838634689410204,0.0024005225019480274,0.0008939217041337749,0.0034935593383190176,0.9813553691211981
11,30,1.9634954084936205,0.0006889613532222277,0.0009816488505655834,0.0004461528165272334,-0.0005249908671002002,0.0009529400409728114,-0.00023566871690461458,0.9798745135742867
11,31,2.028945255443408,0.0019368448877549328,0.0017776259766436248,0.0005800818501042648,0.0018479375439667952,0.0011162388394474114,0.0013834612268319257,0.9625865669842119
11,32,2.0943951023931953,0.0008694485351119602,0.00037557825786083224,0.0008046875000000001,-0.00032927007539720844,0.0003645833333333334,-9.021097956087888e-05,0.9225625000000001
11,33,2.159844949342983,0.0017177500927640578,0.0027393624396580053,0.001717699045730371,-1.324271452165651e-05,0.0027202715843952664,-0.0003228452925794735,0.9379578458828703
11,34,2.2252947962927703,0.0008098051325481348,0.0031193638341192914,0.0006080492274063124,-0.000534846230006241,0.0007240303125044964,-0.0030341738309111505,0.9805655332359554
11,35,2.2907446432425576,0.0013554671070603722,0.0010213106023769065,0.00038126340513800605,0.0013007418245851816,0.0008522768879723457,0.000562760564321678,0.9521203786205031
11,36,2.356194490192345,0.0002665449707403263,0.0009815188526762217,-8.727791308792042e-05,0.00025185072426733027,-0.000972974912406474,0.00012922491240647442,0.994091041319724
11,37,2.421644337142132,0.0016752562598898997,0.0026326966551362403,0.0009187170820151183,0.0014008720353815053,0.0024853077115940974,0.0008685259101814174,0.9333828547983565
11,38,2.4870941840919194,0.0015960410939136163,0.0026143011833906805,0.001488234121318903,0.0005766336563218675,0.0026067147604561655,-0.0001990196852019149,0.9551419637757791
11,39,2.5525440310417067,0.0017718050873489293,0.0010815489071255855,0.0017625412671618869,-0.00018094626027336753,-0.0009973727173082023,0.000418324875274948,0.9693585031423906
11,40,2.6179938779914944,0.0012249288163325325,0.0013570987521026932,-0.0011486575485988118,-0.0004254837730499106,0.0011620863650778327,0.0007009081987385206,0.965774568893254
11,41,2.6834437249412812,0.0011824635439025442,0.0012621569543328425,-0.0008895342247871243,-0.0007790692495477752,-0.001246099346714408,-0.00020069029744529924,0.9952847994139007
11,42,2.748893571891069,0.0016844692277600427,0.0019177474428968412,0.0003121595762624737,0.0016552924147165502,-0.001878042965067858,0.0003882136990067467,0.917665740200322
11,43,2.8143434188408563,0.0005264775239531216,0.00273775913969224,0.00010847361823608428,0.0005151815770915939,0.0022687747435780445,0.00153231402456245,0.9294228606715058
11,44,2.8797932657906435,0.0017321526508740903,0.0017247559409586516,-0.0004981003795359225,0.001658990300705917,-0.0005839617286577303,0.0016228899393782806,0.9375659555113288
11,45,2.9452431127404313,0.001316218871377207,0.0024109482059866236,0.00101643079095872,0.0008362419294441767,0.0002565913563487967,0.0023972551236356144,0.9318453371686742
11,46,3.010692959690218,0.002303724776016619,0.0015445130315764422,-0.0022664893720046185,0.0004125212360872253,-0.0012700473157199526,-0.0008789199739122982,0.9560892311701538
11,47,3.076142806640006,0.0011988538847574146,0.0013428700594185297,-0.0006954484116824154,0.000976525546868258,0.0006480221563868644,0.0011761663493377302,0.9585169824647012
11,48,3.141592653589793,0.00011458333333333314,0.0010625000000000003,0.00011458333333333314,0.0,-0.0010625000000000003,0.0,0.9350416666666667
12,0,0.0,0.0021354166666666665,0.0024375000000000004,0.0021354166666666665,0.0,0.0024375000000000004,0.0,1.2550129889604984e-32
12,1,0.06544984694978735,0.0010872539481628213,0.0010223283826696543,0.0009970963693705006,0.00043349737944283937,0.0005470523853724264,0.0008636486610134294,1.8820070909099538
12,2,0.1308996938995747,0.0007575828500285568,0.001981564026687002,-5.770777321934602e-05,0.0007553817495594233,0.0019136088964399986,-0.0005144871070548767,1.2962476649546144
12,3,0.19634954084936207,0.0014896570405974437,0.00221531157445226,-0.0011628292798274414,0.0009310779583780984,-0.0019515267265503363,0.0010484029795178372,1.0117509828406464
12,4,0.2617993877991494,0.0015394323100950092,0.004113429669250357,0.0015374456564838726,7.818369857796902e-05,0.0034358526613042545,0.0022616852419551172,0.9907962077559826
12,5,0.3272492347489368,0.002363953934114325,0.0006695880489796352,0.002323653129864059,0.00043464276674938415,0.0004990510011303444,-0.0004464260897474018,0.9505962165668135
12,6,0.39269908169872414,0.0010562653051382534,0.001994304725048939,0.0010133335681411797,-0.00029807964458693437,0.000565336892202092,-0.0019124971986039102,0.9219902392179243
12,7,0.4581489286485115,0.0006275042609534719,0.0012706959045484835,-0.00012387546669727036,-0.0006151556439351723,-0.001003642950266062,0.0007793387647342609,0.973469729737272
12,8,0.5235987755982988,0.0019338395459294307,0.0021028786231084037,0.001169417532399208,-0.0015401941515010029,0.0014404646842794432,-0.0015320443847584898,0.9671068648006083
12,9,0.5890486225480862,0.00144072073359989,0.0023486651427764627,0.001203231481330237,0.0007924078713392798,0.0009235958374099464,0.0021594440678128716,0.9477614115220679
12,10,0.6544984694978736,0.0012969047364219265,0.002117541780372497,-0.0010346837592087432,-0.0007819152216086409,-0.00017349206080377645,-0.002110422634559529,0.9642995249103393
12,11,0.7199483164476609,0.0007294528003259396,0.003683796848431918,-0.0005463190606374157,0.00048335998167784523,-0.0034780157116022126,0.0012139876154084461,0.9445911383974436
12,12,0.7853981633974483,0.0010443854805821237,0.00128218136703584,-0.0007157811365034432,-0.0007605250795842255,-0.0011491383316297185,-0.0005687443650298106,0.9675317054437663
12,13,0.8508480103472357,0.0009721490508581857,0.0018676661149202164,0.00017906292429101142,0.000955515696484795,0.0010588537292387052,0.0015385075550345736,0.9876340348883993
12,14,0.916297857297023,0.001473498897614841,0.002908096359983064,-3.5192680692903667e-06,0.0014734946949427432,4.6424565824343456e-05,0.0029077257777573814,0.9413441755179909
12,15,0.9817477042468102,0.0015079467642114765,0.0017798509470188793,-0.0013769590148463347,-0.0006147253981488591,-0.0012691498061175553,-0.0012478494152884686,0.9541813851611575
12,16,1.0471975511965976,0.0012879756571468179,0.0031795413988411044,0.000377604166666667,0.0012313798710059986,-0.0005572916666666668,0.0031303209907625022,0.9461875000000001
12,17,1.1126473981463851,0.0013790775709466988,0.0021631469641749555,0.0010892708314731532,-0.000845780114681134,0.0018981694661816249,-0.00103738009730045,0.9900446289538452
12,18,1.1780972450961724,0.0007641533627482581,0.0016011250562057448,-8.876980633898375e-06,0.0007641018001642819,5.168365569060613e-05,0.0016002906752663106,0.9815837399336124
12,19,1.2435470920459597,0.0007685220144334408,0.0009949786136554933,-0.0006384790279779296,-0.00042775064874432634,-0.0004053443254550069,0.0009086684871025476,0.9490394685357099
12,20,1.3089969389957472,0.0016382785710749841,0.0018967222531017772,7.77169771555552e-05,0.0016364341563000007,-0.0011799055722845706,0.0014850515633819932,0.9101409840720994
12,21,1.3744467859455345,0.0012533181456038324,0.0011873267577502049,0.001038605100218659,-0.0007015025444712358,-8.364903470710179e-05,-0.001184376489407901,0.9380412886521161
12,22,1.4398966328953218,0.0019623691615755904,0.0019188972357883662,-0.0017870007132537147,-0.0008108767952861892,-0.0013973997263805546,-0.0013150819769990705,0.9583291669600876
12,23,1.505346479845109,0.0008856402161198382,0.001281700967970505,-0.0008516562831581833,0.00024298182599935732,-0.0005561024705913744,-0.0011547759148417924,0.93415968485965
12,24,1.5707963267948966,0.0019154349529618012,0.0027731428345030397,0.0013281249999999999,0.0013802083333333333,0.002239583333333333,0.0016354166666666665,0.9390000000000001
12,25,1.636246173744684,0.000989488834162512,0.000841534741710459,0.0008532578987479568,0.0005010380336426656,0.0006833856972974429,-0.000491085237239908,0.9752624720799296
12,26,1.7016960206944713,0.00083634453785113,0.0004041499142449295,-0.00016248853552218993,-0.0008204082287600937,0.0003360185504886125,0.00022456332494803256,0.9436888076216111
12,27,1.7671458676442586,0.00022684448510029202,0.0013364457492444372,-0.0001768248638201388,0.00014209640373846896,-0.0008354534937963882,0.0010431225720771906,0.9724247331402682
12,28,1.832595714594046,0.0020554418932704583,0.0031739464125966686,0.001971475021431272,-0.0005814874173048037,0.002930360057170784,-0.0012193956557956485,0.9772133475364889
12,29,1.8980455615438334,0.0017633824271649598,0.0033642894406598605,-0.0015623230771154902,0.0008177188924970312,-0.002532105515426497,0.0022151490015983465,0.9756824204727427
12,30,1.9634954084936205,0.00039282326371386297,0.0014608911200174547,0.00038763103993817683,6.365762634012251e-05,0.0003474700852767699,0.0014189670201888442,0.9600000653479323
12,31,2.028945255443408,0.001116669302816296,0.0004889586508217107,0.00011210246544826434,-0.001111028068544019,0.000310519195632437,-0.00037770145797596806,0.9817069894150752
12,32,2.0943951023931953,0.0012256858376310973,0.003032108984821181,-0.00034114583333333333,-0.0011772532832694713,-0.0014531249999999998,-0.0026612238970459313,0.9633124999999999
12,33,2.159844949342983,0.0023098092507125314,0.0026247107706056086,-0.0015121182148052363,-0.0017460576391206018,-0.0013679824099079845,-0.002240029186308837,0.9513404633138323
12,34,2.2252947962927703,0.000588361815234353,0.003725460973925559,-0.0004786745889079104,0.00034211147826360047,-0.0036042503868714583,0.0009425702185934569,0.9197798821215768
12,35,2.2907446432425576,0.0017476329637339154,0.0021505171934157624,0.0016143412847613747,-0.0006694200417110194,0.0013687685304031622,-0.001658673237667617,0.9591704900391442
12,36,2.356194490192345,0.0007816478604022845,0.0033097636241250917,0.00045536446983677624,0.0006353082537491079,0.0005449716649630518,0.003264588968303523,0.9620516278895677
12,37,2.421644337142132,0.001219788749676819,0.0011229083972622827,-0.0002573170331615175,0.001192339103729762,-0.0009404541793163266,0.0006135708640805908,0.969011032510691
12,38,2.4870941840919194,0.002448127516781047,0.0014906390499426015,0.0022900476020542206,0.000865453822422808,-0.0006070895458537211,0.0013614136258055097,0.9294412158425572
12,39,2.5525440310417067,0.0011632998199021516,0.0023971660531795368,-0.00013893253865981432,0.0011549736883089232,-5.4949071963404445e-05,0.0023965361849984067,0.9758877176552886
12,40,2.6179938779914944,0.0004877068039013548,0.0010101449479743732,-0.00031004253239920785,-0.0003764725151656635,0.0010074519823872238,7.371105142515698e-05,0.9706431351993922
12,41,2.6834437249412812,2.1621088374131985e-05,0.000619657785849259,-1.1765331522634401e-05,-1.81396922974049e-05,-0.0002436623969811414,0.0005697406496477241,0.9916817437989881
12,42,2.748893571891069,0.0007592112146916541,0.0020233738101779405,0.0006912457058878752,0.0003139761815889064,0.0016605093668305322,0.001156179146318624,0.9680926221671987
12,43,2.8143434188408563,0.0007462462719612349,0.002758727866197421,-0.000699347283855389,0.0002603783304734311,-0.0012699929427438452,-0.0024490196743013324,0.9715124647482444
12,44,2.8797932657906435,0.0010557877548029798,0.001857850370310247,0.0002050290115959666,0.0010356886055161068,0.0014178595204761973,-0.0012005342055339072,0.9307661273020926
12,45,2.9452431127404313,0.0013697571121944585,0.00208721522232303,0.0013341606637434027,0.00031024163119585616,-0.00019421862770050953,-0.0020781594041245025,0.9359453510479612
12,46,3.010692959690218,0.0006022723240977676,0.001345347658361209,-0.0002868062972063586,0.000529598055374927,-0.00013882029284344278,0.0013381663753632615,0.9567028954045567
12,47,3.076142806640006,0.0008208053208153348,0.0011488624560855064,-0.0005610356731638228,0.000599132997018509,-0.0008531461795403437,-0.0007694326087049715,0.9730970607527647
12,48,3.141592653589793,0.0009791666666666668,0.0027083333333333334,0.0009791666666666668,0.0,0.0027083333333333334,0.0,0.960125
13,0,0.0,0.0008541666666666667,0.0013124999999999999,0.0008541666666666667,0.0,0.0013124999999999999,0.0,9.48327904616275e-33
13,1,0.06544984694978735,0.0005572893411156637,0.0018744064648033869,-0.0005501060875632784,8.91891369335594e-05,0.0011096135868275815,0.001510681066017695,1.8485384750179195
13,2,0.1308996938995747,0.0006623589907747648,0.002729332429751592,0.0005346286778622496,-0.0003910135668585271,0.0026033376077315073,-0.0008196882408968188,1.2574666143275643
13,3,0.19634954084936207,0.0012047644633749709,0.002348239247555203,0.001154080401783784,0.0003457684751821098,0.0023467463337201225,8.372101844691875e-05,1.0202027396101918
13,4,0.2617993877991494,0.0020711534832122507,0.001845967647619317,0.002069716488776069,7.713888196427842e-05,0.0007352082282390091,-0.0016932410983633878,0.9393195570098789
13,5,0.3272492347489368,0.0016987698843023496,0.0020848388443988237,-0.0007101501876750989,0.001543212827434259,0.000827992638354101,0.0019133690699772584,0.9687810587180267
13,6,0.39269908169872414,0.0013849462470613791,0.001597646106041308,-0.0013774012994710208,-0.0001443667810299249,0.000994875522776581,-0.0012500783072787796,0.9451888330520086
13,7,0.4581489286485115,0.0012918865033100361,0.0019301031776010715,-0.0005740168949904474,0.0011573570502226862,-0.000729525988588149,0.001786921964765176,0.9560073397165058
13,8,0.5235987755982988,0.0003366556503731103,0.001732679523431022,0.00019445099576048295,0.0002748196448143737,0.0017273703086546955,0.00013553651794013063,0.9580412448123244
13,9,0.5890486225480862,0.0023392448389012686,0.003129197996575614,0.002003545130963357,0.001207424252083437,0.003035560758966629,0.0007597703471410133,0.9863992360559258
13,10,0.6544984694978736,0.0011712986720292635,0.0007538437792903502,0.0004463957616650924,-0.00108289953507468,0.000689455766054476,-0.00030484617469962423,1.0086226387822006
13,11,0.7199483164476609,0.0006096734700120152,0.0012159725329100582,-6.1025762658214786e-05,0.0006066115695636499,-0.0005513184842205161,0.001083806776943425,0.9393737996923486
13,12,0.7853981633974483,0.0008005975264157231,0.0009949992233329685,0.0007434721109399792,0.00029699430896471007,0.0009035210763450472,0.00041674106953058755,0.9476096861513273
13,13,0.8508480103472357,0.00025978840874116673,0.0015695042048738052,-2.9575071688887826e-06,-0.0002597715736327081,-0.001381649185826224,-0.0007445730161792652,0.9367402306228363
13,14,0.916297857297023,0.0012986633483911168,0.0016692088475259593,-0.00011319931693157286,-0.001293720374385691,0.00043951999096066626,-0.001610304429045911,0.9539973538761722
13,15,0.9817477042468102,0.0014051983243667072,0.0019643412073983304,0.0012934079244492542,-0.0005492524663348124,0.001964305973735118,-1.1765229775096543e-05,0.9773384508983475
13,16,1.0471975511965976,0.0011772100779845259,0.002697353544834888,-0.0008437500000000001,-0.0008209199140039993,-0.0026718750000000006,0.00036986501619960365,0.9396458333333334
13,17,1.1126473981463851,0.0003574722456086413,0.0021530122448007237,0.00035571993621526357,3.535156799200804e-05,0.0010252537652569807,0.0018932291047541593,0.9719086586834919
13,18,1.1780972450961724,0.000905904654768024,0.0004136882455339346,0.0008676128199327909,-0.00026059784768613,0.0003620394737879668,-0.0002001633930374809,0.9956087009916592
13,19,1.2435470920459597,0.002737726741334803,0.00196425886332859,0.0010199974532836983,0.002540620574882139,-0.0004646365251908133,0.0019085140244765116,0.9689062699840104
13,20,1.3089969389957472,0.0003353666490784131,0.0016411419746373678,0.0002472291976849608,-0.00022660210309291933,0.0011520765341187303,-0.001168788535385941,0.9306691340242311
13,21,1.3744467859455345,0.0015434563270064008,0.003760399720244846,-0.0011858310876030971,-0.0009879585340742522,-0.0023797679270915095,-0.002911582159102521,0.9742644430623565
13,22,1.4398966328953218,0.0005868812607937776,0.001786608108207353,0.00017441995550782058,0.0005603635368147573,-0.0014689334931266146,0.0010169576810679485,0.9403017554210026
13,23,1.505346479845109,0.0010410343146340093,0.002588557148311763,0.0010245971021256713,0.00018426400234765913,0.002384232067629658,0.0010080007726992741,0.9921338255024232
13,24,1.5707963267948966,0.0012376341467695532,0.0009016285420159336,0.0008906249999999999,-0.0008593750000000001,0.0005833333333333337,-0.0006875,0.9417916666666667
13,25,1.636246173744684,0.0011988493792734348,0.0024417696748303248,-2.6717946624665043e-05,0.0011985516198781184,-0.0015991330266492544,0.0018452676521308732,0.9785915622731376
13,26,1.7016960206944713,0.0021500100024042772,0.0011176092219119258,0.002004199012741668,-0.0007782861477398682,0.0009025646679766111,-0.0006591110627374192,0.9413877019184981
13,27,1.7671458676442586,0.0026786334906655817,0.0028363728961060845,0.000499923281018984,0.00263156875084245,-0.0013737272511852704,0.0024815085422210774,0.9757433687696825
13,28,1.832595714594046,0.001450108577358468,0.0013326781416783437,0.0014192907699158313,0.0002973694613781422,0.0010964276998453423,0.0007575469149294288,0.9516158055504449
13,29,1.8980455615438334,0.001812710860391508,0.003292882396021503,-0.0011659903549365526,-0.0013879434986973545,-0.0019095390891901284,-0.002682673096164206,0.9724636224445881
13,30,1.9634954084936205,0.0006840494448715589,0.0009356018207023539,0.000562506075092192,0.0003892435722185599,-0.0005709860831946929,0.0007411650691307185,0.9731055185530044
13,31,2.028945255443408,0.0012855312930637247,0.0026495120508957387,-0.000973141213205444,-0.0008399921931822511,-0.0013152872177030494,-0.002299985574474048,0.9552963847366455
13,32,2.0943951023931953,0.00041676431147525636,0.0016515262827154762,0.00041666666666666675,-9.021097956087801e-06,0.000984375,-0.0013261013995449213,0.9597291666666666
13,33,2.159844949342983,0.001670002593793269,0.00047459902210393373,0.0015939486962379163,-0.0004982330950847132,-3.651929722903527e-05,-0.0004731918984005406,0.9507607855540625
13,34,2.2252947962927703,0.0012763752858738636,0.0030808626054753324,4.963667873467435e-05,-0.001275409765727775,-0.0013776685258295503,-0.0027556748405345084,0.9576423172689328
13,35,2.2907446432425576,0.00040592705550758073,0.0025290091634662505,-0.0003820300860266964,-0.0001372216738109891,0.0007609270826169356,-0.002411820334070584,0.9707474409277027
13,36,2.356194490192345,0.0037715518684661303,0.005379398473291943,0.0029752778890600206,0.0023178276422980435,0.00476314559032162,0.0025000744028639203,0.9539736471820058
13,37,2.421644337142132,0.0016284895102945012,0.003329549903881893,0.0008623813159988729,-0.0013814038334083473,0.0029210625554919253,-0.0015979036608453295,0.9438749626577417
13,38,2.4870941840919194,0.00043054358635594993,0.0027458178918132892,4.1165674312232045e-05,-0.00042857107579800875,0.001159082973205617,-0.002489185118914783,0.9535371885844063
13,39,2.5525440310417067,0.0006710620431368459,0.0012371593774409082,-0.00035623514905826155,0.0005687009621184373,0.0002683159196761314,0.0012077126696521518,0.9296265635979898
13,40,2.6179938779914944,0.0007561227194191814,0.0024362960991988914,-0.000725700995760483,-0.0002123196448143732,0.0006267963580119714,-0.00235428651794013,0.9981670885210092
13,41,2.6834437249412812,0.0024008706243193174,0.003060483396360089,-0.002389752250325991,-0.0002307898108264114,-0.003059532665698346,-7.627900707638099e-05,0.9481133115521834
13,42,2.748893571891069,0.0008105876164665471,0.002003035022052199,-0.0006985509288872946,-0.0004111920277919014,-0.0019109289133698551,-0.0006004165117772472,0.9742636140699932
13,43,2.8143434188408563,8.351800667409123e-05,0.0015662379063591,2.675730028125625e-05,7.911576530927468e-05,-0.0013097127902625956,0.0008589258328509533,0.9964435498727046
13,44,2.8797932657906435,0.0011175615524592264,0.00122783306879642,0.0010762635436231387,-0.00030099934917344996,0.001224620871130251,8.875678465457614e-05,0.9698121700821124
13,45,2.9452431127404313,0.0021443635071864506,0.0011417326126781637,-0.0020028391977919375,-0.000766113567782952,-0.0004915811772588539,-0.0010304859557595655,0.9219977457847776
13,46,3.010692959690218,0.0008261317902281792,0.0006776427740299877,0.0006335868894411692,0.0005301522313014254,0.0006776410130272868,1.5448813577088449e-06,0.9733777631545565
13,47,3.076142806640006,0.000604105197900959,0.0017904065908607486,-7.856481672948476e-05,0.0005989746736742876,-4.20800561814375e-05,-0.0017899120172425724,0.9327461742643909
13,48,3.141592653589793,0.0002187500000000002,0.0035624999999999997,0.0002187500000000002,0.0,-0.0035624999999999997,0.0,0.9917083333333333
14,0,0.0,0.002213541666666666,0.005322916666666665,0.002213541666666666,0.0,0.005322916666666665,0.0,1.1151391168661347e-32
14,1,0.06544984694978735,0.0012512919609197696,0.004443775376726888,0.0011251610435172065,0.0005474889931438927,0.003780071249810372,0.0023362792951959425,1.839721497765215
14,2,0.1308996938995747,0.00015285034845521168,0.00023040338386314652,-0.00012979028215290034,8.073234594355695e-05,0.00015117321253840444,-0.00017387460742272531,1.246269396820055
14,3,0.19634954084936207,0.0013284042072116836,0.0014352396032815838,0.0011567050458260505,-0.0006532160245265389,0.0014286255370873436,-0.00013762918880011306,1.0025965933587107
14,4,0.2617993877991494,0.0002023989437320053,0.001327797676391957,-0.000202333913520102,5.130288829230895e-06,0.0012441619317995504,-0.00046379710746477347,0.9705154981299842
14,5,0.3272492347489368,0.0006475344249527841,1.6259746520268553e-05,-0.0006253720747326941,0.00016796011325150516,-4.836321284996253e-06,-1.5523831786375343e-05,0.9633230850569081
14,6,0.39269908169872414,0.000883983038673377,0.001647875799508724,-0.0006237641052666419,0.0006263739726737716,0.0001968653809001273,0.0016360741647032887,0.9745908847098502
14,7,0.4581489286485115,0.001107404288280145,0.0019920079080157772,0.0007401706291419341,-0.0008237060746752375,0.0005405706497911759,-0.001917258166805331,0.977053246852427
14,8,0.5235987755982988,0.001025291852622718,0.0017910031682910313,-0.0003463309157964032,-0.0009650276057285358,0.0014135480894770535,-0.0010998064136766453,0.9629273518112559
14,9,0.5890486225480862,0.0012250473756803583,0.003103943870303919,2.679799303525976e-05,0.0012247542366657137,0.0004988844055552925,0.003063589708151373,0.9753664115692487
14,10,0.6544984694978736,0.0010060811376953465,0.0013034291468917156,0.0008078669414818075,0.0005996250999476194,-0.0007299610205180357,-0.0010798539019196687,0.9760739209303823
14,11,0.7199483164476609,0.0012393772151234475,0.0019849977746051167,0.0006173657541313794,-0.0010746699060609009,-0.001970044115770123,-0.00024319199638717334,0.9669011680441614
14,12,0.7853981633974483,0.0008814027685489018,0.0008784471995854685,0.000469860434560398,0.0007457224768239073,3.605098704790651e-05,-0.0008777071315606497,0.9662260567021111
14,13,0.8508480103472357,0.0017750601018337306,0.0016101536615026962,0.0013196701373405888,-0.001187143249036714,0.0015282587170410034,-0.000506971505549104,0.9686910078812118
14,14,0.916297857297023,0.0010215400884911882,0.002657390591588232,9.689556418837817e-05,0.0010169343154969256,-0.0010439231273542088,0.002443757201613258,0.9440717997806094
14,15,0.9817477042468102,0.0026816005825893293,0.0038174749137464756,-0.00047520347304801395,-0.0026391595904277057,-0.0032106954291637726,-0.002065078588875135,0.9682334190935066
14,16,1.0471975511965976,0.0009610468828892331,0.0036606988603043182,-0.0009583333333333334,7.216878364870298e-05,-0.00365625,-0.00018042195912175798,0.9656458333333333
14,17,1.1126473981463851,0.0025833239775987925,0.0025082484083540756,0.0016970586358734474,0.0019477049981052573,0.002448309625895086,-0.0005450596790813071,0.9597168678017084
14,18,1.1780972450961724,0.001832597490045275,0.0016725436579569726,0.0016045407268815135,0.0008853601619108384,-0.0009744657408955696,-0.0013593449921167693,0.9452743091076221
14,19,1.2435470920459597,0.0009768523862426133,0.0015560188048432645,0.0009720486313407736,9.675764991160394e-05,0.0005138292623158445,-0.0014687321097510656,0.9644284308742456
14,20,1.3089969389957472,0.0010008146832397719,0.0007878418178300482,0.0009803619250576552,-0.00020129710898463904,0.0007251434773205907,0.00030799621299807696,0.9546100752584793
14,21,1.3744467859455345,0.0009693850104929151,0.0011482823166307794,0.0008429662368718764,0.00047865981872559214,0.0007866484551789919,-0.000836502532364042,0.9734791821856116
14,22,1.4398966328953218,0.0019273417902898294,0.00319113351998172,-0.0002608014988988281,-0.0019096148707971796,0.000322850869295269,-0.0031747599056536875,0.9243755169761325
14,23,1.505346479845109,0.0017330068320119195,0.0023575285648256136,-0.0016599214480870709,0.0004979693424102645,-0.0022948834278639415,0.0005398620068908001,0.9587917230124613
14,24,1.5707963267948966,0.0022379899855332736,0.001966544178742101,0.001723958333333333,-0.0014270833333333334,0.0017812499999999998,-0.000833333333333334,0.9888541666666667
14,25,1.636246173744684,0.0014846825114102336,0.0022844155865173873,-0.0005979127877061743,-0.0013589637441759916,-0.001903221205403201,0.0012634490948301657,0.9703562020490374
14,26,1.7016960206944713,0.0015030358698856577,0.003565346944592811,0.0011917040277451584,0.0009159466886336247,0.003157265415501485,0.0016563133554359601,0.9631135745738737
14,27,1.7671458676442586,0.002320284734749927,0.0026962249433691975,0.002195075983860164,0.0007519060282999946,0.0022746356976196657,0.0014476399374017453,0.9719108068639005
14,28,1.832595714594046,0.0011984578550546187,0.003166588435147332,0.0002007077197567184,-0.0011815319045934292,0.001397319475493769,-0.0028416158433213043,0.9359037088093537
14,29,1.8980455615438334,0.0006590507579029422,0.003018814514655074,-0.0005615091779890885,-0.00034504397477200027,0.0002613977870166216,-0.0030074760632189516,0.9110790575915172
14,30,1.9634954084936205,0.0006007023915058448,0.002070523153896914,6.901823220933825e-06,0.0006006627406432566,-0.0014343335583562264,0.0014932358735967976,0.9653417202475154
14,31,2.028945255443408,0.0016148234473052766,0.0014976477062622975,-0.0013551817814449934,0.000878144125532063,-0.000590049015103992,0.001376514007138151,0.94235898451947
14,32,2.0943951023931953,0.0012398459105648753,0.0013804736380234784,-9.895833333333328e-05,-0.0012358904199840427,0.0006666666666666666,-0.0012088271261157788,0.9459791666666666
14,33,2.159844949342983,0.0022074328925625057,0.002526792863003352,-0.0022007794043319533,-0.00017126000302219885,-0.0025206735783797115,-0.00017574664657709791,0.9548458853830657
14,34,2.2252947962927703,0.0016264826248190314,0.0006805751311663914,-0.0006124202217530207,-0.0015067804089601733,-0.0004717586491307846,-0.0004905367327045428,0.9690837973954785
14,35,2.2907446432425576,0.000947463147858132,0.0010111253441433426,0.0009412020915633793,0.00010874299695134771,-0.0007629154756544945,-0.000663577002747887,0.9497048424321046
14,36,2.356194490192345,0.0007271443932411969,0.002539323844448536,0.00024888956543960206,0.0006832224768239072,0.00156811567961876,0.00199729286843935,0.9726489432978888
14,37,2.421644337142132,0.0016280101159034913,0.0037201843111816005,0.001449999746805018,-0.0007402146119535083,0.0036855561832338825,-0.000506405893911413,0.9762343644270213
14,38,2.4870941840919194,0.0008032321519920633,0.001880148042763408,-0.0007513698046836405,-0.0002839459571881049,0.0017996763812585036,-0.0005441705481256508,0.9457039550014548
14,39,2.5525440310417067,0.00041900867924453666,0.0011405922671239742,-0.00010540565962472604,0.0004055341171853823,-0.0008628421723838958,-0.0007459585145159526,0.9610667960250506
14,40,2.6179938779914944,0.0029033349572327887,0.0015787319141409167,-0.00122137741753693,-0.0026339307276047976,-0.00044479808947705423,-0.0015147769196566885,0.9730309815220771
14,41,2.6834437249412812,0.000925358919915011,0.0022658869271034356,-0.0008379000646782766,-0.0003926991370991483,-0.000739221024812795,-0.002141914060575954,0.9714056410425972
14,42,2.748893571891069,0.0024819379219430367,0.0035905864752646924,0.0016164882218308607,0.0018833432180728562,0.0024619339183516676,0.002613655030416855,0.9577097526016772
14,43,2.8143434188408563,0.0015731718521285775,0.004357424085526401,0.0010894087402134405,0.001134926549639325,0.004336931867672107,0.00042209789894730187,0.9646867395834685
14,44,2.8797932657906435,0.0012209510484050053,0.0036048290188661863,0.0008962642687057283,0.0008291150844380217,0.003404208448719422,0.001185814948854609,0.9347207178021834
14,45,2.9452431127404313,0.0004063684008027334,0.0026156267695927734,-0.000231823389255323,-0.00033375618850464174,-0.0023945829155139135,-0.0010523668839996889,0.9820009055209037
14,46,3.010692959690218,0.0007530556547436599,0.001821610398809131,0.0006162486074063788,0.00043281690471965286,-0.0006853230815906325,-0.0016877786344448968,0.9416413718553484
14,47,3.076142806640006,0.0010647509283159729,0.002159293644127329,-0.0002726214086222028,0.0010292580370881597,-0.0020797547568825493,0.0005806627186182076,0.9745471410664462
14,48,3.141592653589793,0.0022760416666666662,0.0025937500000000006,0.0022760416666666662,0.0,-0.0025937500000000006,0.0,0.9503958333333333
15,0,0.0,0.0032760416666666667,0.0057083333333333335,0.0032760416666666667,0.0,0.0057083333333333335,0.0,1.2451008695133854e-32
15,1,0.06544984694978735,0.0020456952777334696,0.004283291653794057,0.0006750946318188879,0.0019310920245887656,0.0018463405940903953,0.0038649209308957095,1.8174031405221072
15,2,0.1308996938995747,0.0009925261254389052,0.0014974456136105172,-0.0009561968915767136,-0.000266074452395934,-0.0014327677390570497,0.00043533891583308825,1.2021856469426233
15,3,0.19634954084936207,0.0007734231612560319,0.0024675105239603057,0.00033652471022749676,-0.000696372390157431,0.0023232071459411714,0.0008314545946128027,0.9705703340819428
15,4,0.2617993877991494,0.0016456310757810555,0.003791821901311463,0.0009778816039086,-0.0013235744052804352,0.0014942023530642647,-0.0034850068377784414,0.9600114157681024
15,5,0.3272492347489368,0.0013296092889282882,0.0020863672685049297,0.0007447562430717509,-0.0011014531309184424,0.0007180102289045182,0.001958925646949675,1.0068249429620275
15,6,0.39269908169872414,0.0016184061211614981,0.00268773839028454,-0.00021855469591312363,-0.0016035810605976013,-0.0014499235484218965,-0.002263108339947734,0.9898288747545122
15,7,0.4581489286485115,0.0017197065652168149,0.0007783664933911337,-8.776152499358742e-05,0.0017174657449802646,-0.00012609633707420052,0.0007680847035389256,0.9760973000476093
15,8,0.5235987755982988,0.0006685644588165634,0.0014568051964234292,-0.0004705159132974132,-0.00047496653663872516,-0.0006565165503393388,0.001300487369972058,0.9653524561182927
15,9,0.5890486225480862,0.000690319529655012,0.0005634340347777546,-0.00020818740840053266,-0.0006581785897509785,0.0005034744145128158,0.00025292573114833007,0.9839423279562155
15,10,0.6544984694978736,0.0006531042183704577,0.0017229118837767997,0.000653099382808342,-2.5132108246828646e-06,0.0004971282412701626,-0.0016496329503834953,0.926689090492959
15,11,0.7199483164476609,0.0009451644990566154,0.0010713001001325779,0.00031789815316257176,-0.000890099261033717,0.00023249801943653234,-0.0010457669795428432,0.937076242306273
15,12,0.7853981633974483,0.002103325580040986,0.004226954470621606,0.0006372147801643783,0.002004478939673553,-0.0012148317256302221,0.004048620502728093,0.9653985659959208
15,13,0.8508480103472357,0.0011132715162531987,0.002612432932724848,0.0010635776472904881,-0.0003289012877516994,0.002314250652202217,-0.0012120436241187702,0.9575848556875793
15,14,0.916297857297023,0.0012027890134629878,0.0013628483264519727,-0.001039515828210501,0.0006050688008872242,0.0007053502323501223,-0.0011661203242532784,0.9556235213407814
15,15,0.9817477042468102,0.0017351126919570642,0.0036637993667025083,0.0017350211283468746,1.7825206322178556e-05,0.0012239114258671485,0.003453326891720728,0.9872018369490947
15,16,1.0471975511965976,0.0014228476526699308,0.003099286572252466,-0.0014140624999999997,0.0001578692142315383,-0.003098958333333333,-4.510548978043958e-05,0.9938750000000001
15,17,1.1126473981463851,0.0016842210675282934,0.0035360214179020804,-0.0016115355892996515,-0.0004894421811887174,-0.00343504943425281,-0.0008389772655451938,0.9539270942328334
15,18,1.1780972450961724,0.0013450481437452225,0.003450456721189238,0.00019090395190199725,-0.0013314316317936377,0.00027376275966180805,-0.003439579267326505,0.947410453890177
15,19,1.2435470920459597,0.0027480220267195707,0.0026373034228172098,-0.0004595705386552757,0.0027093209443209264,-0.0001625858882507626,0.0026322870612729686,0.9725952494736024
15,20,1.3089969389957472,0.0011165348760602553,0.001306153918092582,0.0009173551141041492,0.0006364823046132965,-0.0012933414024952222,-0.00018249951873989907,0.9658552088110687
15,21,1.3744467859455345,0.000986034207124127,0.0014952474239229615,0.0009268064209845153,-0.0003365907242346101,-0.0002795482958024703,-0.001468883116201622,0.9589717599932209
15,22,1.4398966328953218,0.000703371667752306,0.0016076564764936935,0.0006560631080382657,-0.00025359988420311087,0.0009629764418222052,0.0012873366765953507,0.977077282565523
15,23,1.505346479845109,0.0010747254057807533,0.002769187719961018,0.0003010247766731445,0.0010317067323903088,0.0020766740868001995,0.0018318911991697159,0.9149199505464466
15,24,1.5707963267948966,0.0003810635359133403,0.0007846453993861032,6.770833333333338e-05,-0.00037499999999999974,-0.0007812499999999998,7.291666666666673e-05,0.9936666666666666
15,25,1.636246173744684,0.00045908285752992314,0.00043803262226106487,1.782343787549736e-05,0.00045873673838067296,-0.00018131594718010636,-0.0003987444111998131,0.9694205907563546
15,26,1.7016960206944713,0.0013590373747569629,0.00423312583780781,0.0005080774889639895,0.0012604919084208135,0.0036115248876388566,0.002208221534330561,0.9452669851766325
15,27,1.7671458676442586,0.0010283209969034655,0.0013487710185257043,-0.0010155966164579564,-0.00016126867430374533,-0.0011920061689644755,0.0006311137405931679,0.9709746853650151
15,28,1.832595714594046,0.0015946092464606486,0.0013601512941839801,-0.0006476704530901721,0.0014571553222260726,0.0006086325399163796,0.001216379042250109,0.9593155232993681
15,29,1.8980455615438334,0.0018709704635947997,0.0017233287664958964,0.0007555584172401295,0.0017116255296593733,0.0009440797654299961,0.001441726546172301,0.9808062003947325
15,30,1.9634954084936205,0.0012143614361119803,0.0004400669447097959,-0.0002904492559239146,-0.0011791153155010733,9.600260162004914e-05,0.0004294675963427237,0.9357063300689026
15,31,2.028945255443408,0.0006963116146670105,0.001137324977212116,-0.00021948050495607221,0.0006608162926747546,-6.517541582356777e-05,0.0011354559740310345,0.9463861916692805
15,32,2.0943951023931953,0.0002783901669769326,0.00035186136987613604,-0.00010677083333333328,-0.00025710129174850516,-0.00030729166666666665,-0.00017140086116566996,0.946125
15,33,2.159844949342983,0.0015893957862108323,0.0024392051744630294,0.000917105111606864,-0.0012981129301756883,0.002436692171437574,0.0001106939238714495,0.9499105991994528
15,34,2.2252947962927703,0.0012160546454491096,0.0029930690545472457,0.0010473511653735692,-0.0006179356253761276,0.0029424112835542576,-0.0005483413204391307,0.9783746026178081
15,35,2.2907446432425576,0.0019323518196540251,0.0020886044074413493,0.001771315459490522,0.0007722856323214247,0.0017623895536534296,0.0011208262273683172,0.9573915712394002
15,36,2.356194490192345,0.0018250022053367884,0.0022462449376589983,-0.0017934647801643785,0.00033781227300688646,-0.002201834941036444,0.00044445383606142726,0.9325181006707458
15,37,2.421644337142132,0.0016126114349115826,0.003093421237777766,0.001599341861948829,-0.00020644914295207562,0.0028310254499901754,-0.0012468158869065036,0.9098626765814051
15,38,2.4870941840919194,0.000576056668217526,0.0014099150527634942,-0.00025977320203128003,0.0005141586997263516,-0.0009120373710028802,0.0010751968609995295,0.9654895315643883
15,39,2.5525440310417067,0.002009170057424328,0.001618174580540988,-2.9545644776953433e-05,0.0020089528054499416,0.0009950805362405717,0.0012760500380095516,0.9689296754971618
15,40,2.6179938779914944,0.0013273648452715898,0.0033946677255507524,0.0013246825799640796,8.434153663872484e-05,0.0033127665503393387,0.0007411792966946085,0.9569808772150403
15,41,2.6834437249412812,0.0006818289890713918,0.001123868433519532,0.00010577609468834516,0.0006735741890323577,-0.0011154793464003894,-0.00013706233478168425,0.9282997598609448
15,42,2.748893571891069,0.0008952480163375688,0.0008331344164512586,0.0004430999999350408,0.0007779019223616296,0.0007884915204733724,-0.00026906147627850504,0.9678876746197423
15,43,2.8143434188408563,0.0010274699146199243,0.001257921636725683,0.0009398330393434562,0.0004152207649040642,-0.0010927972946566124,0.0006230256149901146,0.9699928458073486
15,44,2.8797932657906435,0.002149515441367684,0.0022031335603141322,-0.0019350662649225772,-0.0009359140895598786,-0.0021428268238187554,0.0005119479345648822,1.0061511854547986
15,45,2.9452431127404313,0.0005462180679578097,0.0018329891237402786,0.0005462056318030257,3.6858581388881625e-06,0.0016558554374343313,-0.0007861246072152392,0.9394987809578946
15,46,3.010692959690218,0.0023530924206705186,0.00120791959303436,-0.002296605223365672,-0.0005124923299197295,-0.0012079193099090086,-8.270340005784775e-07,0.9689600059659579
15,47,3.076142806640006,0.0014900760470815501,0.004096899378081863,0.0006280150619676304,-0.0013512674450411257,0.0025365646464643203,-0.0032172075326958463,0.9814113879120465
15,48,3.141592653589793,0.0007656249999999998,0.004395833333333333,-0.0007656249999999998,0.0,-0.004395833333333333,0.0,1.00025
16,0,0.0,0.0026562499999999998,0.008375,0.0026562499999999998,0.0,0.008375,0.0,1.082269912481926e-32
16,1,0.06544984694978735,0.0022192548385082385,0.004218344696901072,0.0010788170362753503,0.0019393931629466722,-0.00031226229374629964,0.004206771237157745,1.8737183727695899
16,2,0.1308996938995747,0.000489168838026124,0.0025748837735880023,-3.758441979881703e-06,-0.000489154399151957,-0.0008896952180350011,-0.00241629238017514,1.2893154987778275
16,3,0.19634954084936207,0.0008149538567511674,0.002509159165484779,-0.0005423080347287015,-0.0006083188178104438,-0.002309838969241273,-0.0009800630866993645,1.0055093107690871
16,4,0.2617993877991494,0.0010422320411468194,0.0005558834819514894,4.907202924957691e-05,0.0010410761564546534,-0.0004672851656367474,-0.00030108307737624414,0.9668408990549682
16,5,0.3272492347489368,0.0020017106085236267,0.0017460145788424904,0.0019074254338551822,-0.0006071026062852953,0.0015422886245380033,0.0008184819534670226,0.9753167017621823
16,6,0.39269908169872414,0.0004429894427042176,0.0006459701706294944,0.00037474285354365715,-0.0002362359838495195,-0.0006054317163964173,0.00022523298631502966,0.9942890662535077
16,7,0.4581489286485115,0.0013584139454028098,0.0010786680228650172,-0.00048372507039326653,0.0012693693329121581,-0.00044508615427504145,0.0009825594225410387,0.9473612634668885
16,8,0.5235987755982988,0.0009086924610801623,0.0017514291748780286,0.00037363750913374223,0.0008283217977285489,0.0006382274580359394,0.0016310027180918233,0.9521260662013571
16,9,0.5890486225480862,0.0006409125961610526,0.001635950672961516,-0.0003663135108245575,-0.0005259119391165096,-0.0016335183626452036,-8.917602404329526e-05,0.9490581314482535
16,10,0.6544984694978736,0.00046232166298534666,0.0009669911923545216,0.00045958749944455723,5.020607951070832e-05,-0.0002490212798298756,-0.0009343769947313076,0.941493417903255
16,11,0.7199483164476609,0.0005408388691281699,0.0008313118648262553,0.00039126832674543605,-0.00037338422415209824,-0.0005724770267043211,0.0006027847629931318,0.9634275638503803
16,12,0.7853981633974483,0.0009547941162948551,0.0007471778528241518,-0.0007519514325160599,-0.0005883883476483186,-0.0007186973892303819,-0.00020432524676197708,0.9305132199931844
16,13,0.8508480103472357,0.0006356403694877812,0.0006952137654702793,-0.0004991631417404869,-0.0003935414047471111,-0.00020841654561699582,0.0006632380592309546,0.963097301011036
16,14,0.916297857297023,0.00219149277573531,0.002573135517142848,0.0020686551848355795,-0.0007233991376501136,0.0023962472187653455,-0.0009375636811125625,0.977371551574478
16,15,0.9817477042468102,0.0009026239819918011,0.0005139294956270906,-0.0008624661166879606,0.000266237207076555,7.537179503301381e-05,-0.0005083725198995487,0.9725069398804277
16,16,1.0471975511965976,0.001746469963975746,0.0009523704891538328,-0.0016119791666666665,0.0006720717977285488,-0.0003541666666666668,0.0008840675996966142,0.9387291666666666
16,17,1.1126473981463851,0.0009790053368544606,0.0023272795499894115,-0.0008641219170981368,-0.0004601573230756592,-0.0019761731813604686,-0.0012292150589179108,0.9307303374079307
16,18,1.1780972450961724,0.0011226354109372739,0.0014868772346863744,0.0011140792924579862,-0.00013833870032140086,0.001475914636169357,0.00018022180159368755,0.9769694727921054
16,19,1.2435470920459597,0.0004385388661640791,0.002509513889155968,0.0001939528299086313,0.00039331747597444694,0.00213488993296984,0.0013190545606496895,0.9509584683298488
16,20,1.3089969389957472,0.0005466201190414352,0.0012664656325978066,-0.0004684996332524098,-0.0002816054832264995,-0.0008568139928280601,0.0009326333578879751,0.9919117574498576
16,21,1.3744467859455345,0.0011577450751068085,0.0018477513229157902,0.0011399462073998572,-0.0002022283441279966,0.0017819994852620404,0.000488531253721679,0.9380726917924789
16,22,1.4398966328953218,0.0016870819906917283,0.004157974128146841,0.0016216324325488505,0.0004653535183299495,0.0030066817792581886,0.0028720399594391616,0.968686251910091
16,23,1.505346479845109,0.0011087192708762112,0.0020455068107066267,-0.0007876322445249499,-0.0007803165184698237,-0.0015368631232246383,-0.0013498703097406823,0.9869584434290924
16,24,1.5707963267948966,0.00024161278134881666,0.001060864754706168,-0.0002395833333333333,3.124999999999988e-05,0.00035416666666666637,-0.0010000000000000002,0.9594999999999999
16,25,1.636246173744684,0.0010784689352455014,0.0027241282605223204,0.00032653626243893294,-0.0010278469310174437,-0.002571137963456137,-0.0009000690821548032,0.9654400434566304
16,26,1.7016960206944713,0.0006472599980672424,0.0015856444045168983,-5.5886039520469864e-05,-0.0006448428147112466,0.0012088934758954612,0.0010260822294110442,0.8991585265543484
16,27,1.7671458676442586,0.0013760271750818493,0.002412261220882172,0.001131123909799804,0.0007835875747119394,-0.0007545649070112366,0.0022912084145444017,0.9148812413631658
16,28,1.832595714594046,0.0018583566327411833,0.0013175396725581628,0.001178101490178563,-0.0014372077975338842,0.001315641118943839,-7.070526790044955e-05,0.9461148940056935
16,29,1.8980455615438334,0.0014521673038971812,0.00187176007620853,0.001424164713783255,-0.0002838040636119707,-0.00011577484919243343,-0.0018681761071115944,0.9846080331556516
16,30,1.9634954084936205,0.0009028683353250018,0.0016984059000298044,-0.0008794239598060988,-0.00020441313522252195,-0.0014432366675251112,-0.000895349385864011,0.978909925361949
16,31,2.028945255443408,0.0006338831523845503,0.001405381202924164,-0.0005583267267233516,-0.0003001318328724278,0.0010511430906838218,0.0009328421776700672,0.9618723377231609
16,32,2.0943951023931953,0.0003931170507940354,0.0017717215909485704,2.3437499999999875e-05,0.000392417761089824,0.00134375,0.0011547005383792516,0.9082291666666666
16,33,2.159844949342983,0.0017684617691996567,0.002024113563158428,-0.0016968759755132973,0.0004980652094320338,-0.002018101901472449,-0.00015588595778706795,0.9558826982238414
16,34,2.2252947962927703,0.0025938428112770445,0.0024491233367170805,0.0009651306863539529,-0.0024076011480042847,0.0014533506815947715,-0.001971288135905104,0.9730186865795569
16,35,2.2907446432425576,0.0010080263400819368,0.0011360610344472964,-0.000777397973865928,-0.0006416926776332532,-0.0002903856148368533,-0.001098321842032327,0.9445931240453769
16,36,2.356194490192345,0.0015573317751811032,0.0014664558013660696,0.0015019514325160601,0.00041161165235168134,0.001343697389230382,0.0005873414199046897,0.9237367800068158
16,37,2.421644337142132,0.0012899496498250775,0.001645881824412027,-0.0008960898863979565,-0.0009278970926666045,-0.001004782180842885,-0.0013035872617475513,0.9637004053210066
16,38,2.4870941840919194,0.0018100103727791618,0.0006795899176747681,0.0003582955567431685,-0.001774193293749659,-0.0006738403809134796,-8.821336211467566e-05,0.9791646688618935
16,39,2.5525440310417067,0.000800578644573116,0.0009198789188142769,-0.0006965320438742991,-0.00039467616852657713,0.0005164556006452888,0.0007612166825819289,0.9741804892177629
16,40,2.6179938779914944,0.0019684646549993304,0.002086296895045131,-0.001899679175800409,-0.0005158217977285485,-0.002086144124702606,2.524728190817672e-05,0.9362489337986428
16,41,2.6834437249412812,0.0020167060437117834,0.00401074269118634,-0.0017036903237827947,0.001079139725611336,-0.0039729018196821096,0.0005496435809424367,0.9458526276044439
16,42,2.748893571891069,0.0008194029643227288,0.001755796724419818,-0.000817731519528878,-5.231041875064064e-05,-0.0017189129189144955,0.00035799513219066434,0.9706648689257721
16,43,2.8143434188408563,0.0007750778231723193,0.0027280119799470573,0.0007248655170732485,-0.0002744369037350355,0.002616922860781503,-0.0007705609018460625,0.9676920298343962
16,44,2.8797932657906435,0.0006487754215285743,0.0017649465873125856,-0.0006024238861757298,-0.00024082152923796197,-0.0014915419604790315,-0.000943577784921153,0.9381324494894786
16,45,2.9452431127404313,0.0003756722945969833,0.000988002504735709,-0.000106574435570846,0.00036023820259727894,-0.0006578027405701798,0.0007371868853027672,0.9809084973049802
16,46,3.010692959690218,0.0007888822121825314,0.0006919262844821298,-0.0007053235450924236,0.0003533466307130441,0.0005390503899312563,-0.00043380486427909695,0.9644580645052184
16,47,3.076142806640006,0.0012349822466378169,0.003255743320726237,-0.0012268828355531656,-0.00014120785153671017,-0.0023389837560349857,-0.0022647338827018896,0.9716729468323932
16,48,3.141592653589793,0.0012604166666666666,0.0014166666666666668,-0.0012604166666666666,0.0,-0.0014166666666666668,0.0,1.0022916666666666
17,0,0.0,0.0013802083333333333,0.0015520833333333335,0.0013802083333333333,0.0,0.0015520833333333335,0.0,1.3757559569406156e-32
17,1,0.06544984694978735,0.0023627531471029093,0.005540044800047172,0.0007491358364933459,0.0022408475924582906,-0.0008923555382813943,0.0054677050011708046,1.828849685506082
17,2,0.1308996938995747,0.00031403696992230107,0.0006490261338355855,-0.00023780378181113208,-0.00020510626473685227,0.0006407179003848737,-0.00010351567286148707,1.2646604891897404
17,3,0.19634954084936207,0.0004226658271151659,0.0017819019687531881,0.0003200252063582602,-0.0002760982953701458,-0.0002469052533667851,0.00176471312742507,0.9959800504687387
17,4,0.2617993877991494,0.0008102140622917053,0.002479002285436569,0.0004351442707409346,0.0006834444310816845,-0.0017635757052282697,0.0017421977680872926,0.9722957478487045
17,5,0.3272492347489368,0.0015269565187826372,0.0022253210369899755,-0.0007565736962148918,0.001326345525286879,0.001963579813767151,0.0010470950447004801,0.9772692673322556
17,6,0.39269908169872414,0.001196935773222875,0.003183702218908372,-1.4940008064942715e-05,0.0011968425299009311,0.0001773844269833927,0.0031787567669996184,0.9739360998815406
17,7,0.4581489286485115,0.0014542531064537414,0.0036812864473111852,-5.954705117823356e-05,0.0014530334635948113,0.003389083878317885,0.001437351861195724,0.9544510150932187
17,8,0.5235987755982988,0.0019000074451220297,0.0020013901238842,-0.0018997927970219625,2.85590599041906e-05,-0.0005941704432495082,0.001911157741357289,0.9609552631854695
17,9,0.5890486225480862,0.0004471300771916886,0.000956049993384372,0.00027920802540874355,0.0003492394371728311,0.0009535656617922413,6.887756166548465e-05,0.9911444765677264
17,10,0.6544984694978736,0.0012226529807761834,0.0026482221023898904,-0.0007359415832607656,-0.0009763556203702235,-0.00094246941312399,-0.0024748397339852237,0.9515208049640974
17,11,0.7199483164476609,0.0011133185726588959,0.00022740747390187027,-0.0008616469774158234,0.0007050125747370871,-0.00022702790164932495,1.3133585159210825e-05,0.9413427502359092
17,12,0.7853981633974483,0.0007679342567463036,0.0016711632356361222,-0.00016815814212768214,0.0007492969117250277,0.0002690987266523906,0.0016493551574648362,0.9432579109516047
17,13,0.8508480103472357,0.0008032057258990919,0.0004370205666847343,-0.0006742524117139968,-0.0004364895455963934,0.0003543674364944305,-0.00025575514786180167,0.9120964711928385
17,14,0.916297857297023,0.0010115628934215047,0.0012071000089090803,-0.0007391800156726237,0.0006905594773641923,-0.0008516162797819732,0.000855476559304002,0.9453027350804617
17,15,0.9817477042468102,0.0007190267504727915,0.0019764169378891747,-0.0007138993235109785,8.571594825952344e-05,-0.0018278496954905572,-0.0007517907974099575,0.9697211564176272
17,16,1.0471975511965976,0.0016439780550500395,0.003585013535345594,-0.0006979166666666666,-0.0014884811627545037,-0.0030208333333333337,-0.0019305149626028112,0.9823333333333334
17,17,1.1126473981463851,0.0011352718672104924,0.0016247069533697031,-0.0005553113933573039,-0.0009901875927758172,-0.0011366119862899174,-0.0011609418060135276,0.9519690398636249
17,18,1.1780972450961724,0.0004893210642473648,0.0023049688520303587,7.188955731055758e-05,0.00048401135881905277,0.002303243772721592,-8.916014944669346e-05,0.9725384152001745
17,19,1.2435470920459597,0.0004051987685358034,0.0021296904245683055,0.000398281510445774,-7.455119355157525e-05,0.0016430315692805984,-0.0013550013161784246,0.9317095760792852
17,20,1.3089969389957472,0.001503542054244441,0.00320451221162241,8.960860054075367e-05,0.0015008694172347977,-0.0007685378758093572,0.00311098827511188,0.9760929738831535
17,21,1.3744467859455345,0.0018058839696987103,0.0011362436009490571,0.0010303255611048665,0.0014831204098618273,0.00030755241856343066,0.0010938286111331448,0.954465660164682
17,22,1.4398966328953218,0.0005520026763266904,0.0014482437642683364,-0.0004355201711926188,-0.0003391594538800016,9.537197447312565e-05,0.001445100061320052,1.015027480071677
17,23,1.505346479845109,0.0008372503709578235,0.0011296645764137263,0.0005029206624609162,0.0006693720870628579,0.00030801203020971427,0.0010868627532720466,0.9515182171153301
17,24,1.5707963267948966,0.0018893045204996877,0.003346215342451163,-0.0018697916666666665,-0.0002708333333333331,-0.003302083333333333,0.0005416666666666666,0.9706875
17,25,1.636246173744684,0.00026480273354821074,0.0016486515470077801,-0.00013400668869308763,-0.00022839153898539802,-0.001505392811175412,0.0006721937276652747,0.984810622716267
17,26,1.7016960206944713,0.0008447921838245257,0.0017593839421746024,-0.0006406655094737105,0.0005506555537010431,-0.001754210536404702,-0.00013482303196624829,0.9635014258592894
17,27,1.7671458676442586,0.0015669358689389132,0.0010978084114543218,0.001566899657324558,1.0652757555228211e-05,0.001042992958653329,0.00034256239790647885,0.9364096612987494
17,28,1.832595714594046,0.0009416643765323677,0.001302961699270981,2.0814874453254257e-05,0.0009414342988395887,0.0006662140688951882,0.0011197624766767459,0.9669005559372681
17,29,1.8980455615438334,0.0012141534972555917,0.0017049962400826927,-0.0005534691721743932,0.0010806667341741283,-0.0010153397494472097,0.0013697070387088607,0.950897516131134
17,30,1.9634954084936205,0.0001651585025026752,0.0025356138004330978,-2.3380658878345275e-05,0.0001634951856763392,-0.0007861644986925369,0.002410660226150149,1.003838072857106
17,31,2.028945255443408,0.0011827700621775794,0.004703091088175386,-0.00018814132325072763,0.0011677105216914936,0.0009808764187979953,0.004599668165718126,0.9463975642142953
17,32,2.0943951023931953,0.0010111010354160678,0.0032454060747890666,0.0009895833333333332,0.00020748525299002187,-0.000822916666666666,-0.00313934208871859,0.9449583333333332
17,33,2.159844949342983,0.0014632278352040618,0.0011269624858766265,-0.0005709948726989688,-0.0013472195637933163,-0.0003501587062262031,-0.0010711831426171799,0.9274147665758236
17,34,2.2252947962927703,0.0003935898268951451,0.0005918418577026089,0.0003107659239191804,0.00024153155563198879,-0.0005890774225043632,5.713645792741317e-05,0.9924188078502931
17,35,2.2907446432425576,0.0016310872582274939,0.0025696582444848367,0.0013046930610409635,-0.0009788879713346385,0.0013518520933749154,-0.002185323639895645,0.94901067622835
17,36,2.356194490192345,0.002675717319754119,0.002291659068683741,0.0026160748087943487,0.0005617969117250279,0.002272567940014276,0.0002951884907981695,0.9383670890483952
17,37,2.421644337142132,0.002349668994792643,0.003772345631882988,-0.0022787002666082613,0.0005731225698306664,-0.0035375709353402153,0.0013100318484001883,0.971465798354631
17,38,2.4870941840919194,0.0015481140484166025,0.0009659154311093419,0.0015294864967148093,-0.00023943300372317517,0.0009516461795540338,0.00016541514137272174,0.9620721236978987
17,39,2.5525440310417067,0.0003225758876565253,0.0008815579581285994,0.0001905842607797898,0.0002602553416174514,-0.0006644957508736508,-0.0005793011570942427,0.9647561504538219
17,40,2.6179938779914944,0.0004806904288021219,0.001543662020369064,-0.0004022905363113706,0.0002631076067624759,0.0010837537765828419,0.0010992589253093778,0.9714197368145304
17,41,2.6834437249412812,0.0007498907699172405,0.0024833319770878443,-0.0005193161526096665,0.0005409684837823414,-0.0006080472084306916,0.002407740912296559,0.9472714997198167
17,42,2.748893571891069,0.0007532933666926499,0.0018869614492284465,-5.440222370060291e-05,0.0007513263567582178,1.3869632320885731e-05,0.0018869104759297942,0.9441040787278498
17,43,2.8143434188408563,0.00262471255341186,0.004381504912718611,7.937673996019106e-05,0.0026235120204014884,0.0009052209495930474,0.004286975662701526,0.9509094301494581
17,44,2.8797932657906435,0.0006326801947691162,0.001382211781544506,0.0006315155875983907,-3.8370450523106404e-05,0.001011732845475772,0.0009417568998557613,0.9232107223308746
17,45,2.9452431127404313,0.0009946879786768407,0.002168717516058142,-0.0007271485147662708,0.0006787188021540479,-0.0010480349663851386,-0.0018986727926874338,0.9522747447194924
17,46,3.010692959690218,0.0013551791843228423,0.00121393118195767,0.0012821919741101942,-0.0004387417955350589,0.0007413042640696625,0.0009612995904510111,0.9623294666198791
17,47,3.076142806640006,0.001591368596137009,0.0024592078376568533,0.0015465573228151946,-0.00037498594109349376,0.0016096552741117595,-0.0018592237862390566,0.9643642034008374
17,48,3.141592653589793,0.0017447916666666658,0.00011458333333333329,-0.0017447916666666658,0.0,-0.00011458333333333329,0.0,0.9246458333333334
18,0,0.0,0.002427083333333333,0.00315625,0.002427083333333333,0.0,0.00315625,0.0,1.1522710461939206e-32
18,1,0.06544984694978735,0.0023132736577798256,0.002349982335313228,0.002112451378246927,0.0009427535151463039,0.0016391062781284384,0.001683967810049869,1.8289721064488822
18,2,0.1308996938995747,0.002276659341940547,0.0030544969984481725,0.00182057665227201,0.0013669961274441142,0.00108210571939346,0.002856396177981069,1.2217174209395085
18,3,0.19634954084936207,0.0011790529500408256,0.0015789846556377657,-0.001128670217188096,-0.00034098299053259186,-0.0013249719978986468,0.0008588607264999268,1.0235048130346267
18,4,0.2617993877991494,0.0003759069712532871,0.0014920436969233228,0.000267796831893883,-0.0002638008867771657,0.0004057245826351844,0.0014358210043644442,0.9579853946722542
18,5,0.3272492347489368,0.0007469035775391805,0.0020844156586584486,-0.0001334530953960563,0.0007348844980471677,-0.001462916283680909,0.0014848112960917867,1.0073357551067674
18,6,0.39269908169872414,0.00018167112243079679,0.0019454730659384256,0.0001182948143124022,0.00013787941699927456,0.0007448401225842545,-0.0017972419542400322,0.9801575636757076
18,7,0.4581489286485115,0.0010293206440003281,0.001698142196212446,0.000741866669732889,0.0007135368473349382,0.001601915451248575,-0.0005635191262133911,0.9493551957571343
18,8,0.5235987755982988,0.001934578454522368,0.0016611642460080717,0.0003993956046427178,0.0018929017268982115,0.0016097954432495083,0.000409908871712585,0.9522535783283371
18,9,0.5890486225480862,0.0007285557565274793,0.002147467770340061,0.0005664338156415121,-0.0004581988900762694,0.002130824238326868,-0.0002668443179234574,0.9532409743713965
18,10,0.6544984694978736,0.0022674726190595887,0.0030466569008349063,0.0014902004330297717,-0.001709015724790978,0.0025056094891550305,-0.0017332164778991756,0.9687031686286734
18,11,0.7199483164476609,0.0016397972481624354,0.00110390940281315,0.0015999156856005771,-0.00035945071157299333,0.0008663815392894715,-0.0006841045227139573,0.965521244701303
18,12,0.7853981633974483,0.0013620852613316595,0.0025942417020405483,-0.000768993505113155,0.0011242443009554103,-0.0013979117794829332,0.0021853907351750855,0.9807785518950186
18,13,0.8508480103472357,0.00019548611104800635,0.0012943160834009437,0.00014027151089049508,0.0001361569786869964,-9.483702831178854e-05,0.0012908369617466598,0.9396168378517928
18,14,0.916297857297023,0.0029261922584733137,0.002223837730381751,0.002701067232147832,0.001125538511542987,0.0009155718824963924,0.0020266184591707114,0.9557853170382894
18,15,0.9817477042468102,0.0003628619890959216,0.0032011219308853874,-7.097437642067522e-05,0.00035585314530343134,-0.0019863683690699617,0.0025102833144395736,0.9679316867421126
18,16,1.0471975511965976,0.002049444422090073,0.004214555528001869,-0.00015885416666666695,0.0020432786870539102,-0.0013385416666666663,0.003996346394546941,0.990625
18,17,1.1126473981463851,0.0022212575066977045,0.0027804371596117836,0.00018264202097921495,0.0022137359380092134,0.0008346677246086828,0.0026521991984099925,0.9800821607860537
18,18,1.1780972450961724,0.0006872347317670029,0.0014508169440622504,0.00033723358209881033,0.0005988030457935809,0.0013979005953483523,-0.0003882572996130902,0.9498521384422393
18,19,1.2435470920459597,0.0007701225320340735,0.00063096034215418,-0.0004940062766826682,0.0005908015850898674,0.00021587380700469638,0.0005928823262845832,0.9833182631634557
18,20,1.3089969389957472,0.00045988862164464547,0.0018198917801657967,0.00030600073082490137,0.00034330904015600594,0.0016967280742991525,-0.0006581184797588666,0.968306463123901
18,21,1.3744467859455345,0.0010839887832258001,0.0014172733245478046,-0.000863525534129404,0.0006552521148885201,-8.449157474790983e-05,0.0014147525756369574,0.9900320127257993
18,22,1.4398966328953218,0.0008071928788458536,0.0025667540228749334,0.00020602940081789045,0.0007804564239328664,-0.002285966582990318,0.001167297303773218,0.9530970702860967
18,23,1.505346479845109,0.0011338823283562399,0.0010126529141971626,-0.000900760340742565,0.0006887088957635916,-0.0008145870553505973,-0.000601592764157988,0.9565513047422406
18,24,1.5707963267948966,0.0008261408357874313,0.003085461680968056,-0.0007604166666666666,0.00032291666666666666,-0.0026666666666666666,-0.0015520833333333335,0.9557708333333333
18,25,1.636246173744684,0.00038781583328591267,0.001276893504383671,-2.21403536044663e-05,0.00038718332258700917,-0.0002314249858250178,0.0012557465896720973,0.939930972569893
18,26,1.7016960206944713,0.0016063614607680625,0.0013092602732863957,-0.0005240186801737778,-0.001518486603651753,9.243417134069312e-05,-0.0013059932569406808,0.958083115327864
18,27,1.7671458676442586,0.0012289087652189645,0.0004885823971271241,-0.0011719658682694824,-0.0003697468821279746,0.00048046664918547077,-8.868234211483466e-05,0.9286699939844576
18,28,1.832595714594046,0.0017717767587894717,0.0026138786575714648,0.000590179696225003,-0.0016705929513649604,-0.0005974494950416586,-0.002544683818744889,0.9406024600898321
18,29,1.8980455615438334,0.000845650044330875,0.002528288915488044,-0.0006480276110706198,-0.0005433085796919797,-0.0023700074374855954,-0.0008805166588104225,0.9199009475898756
18,30,1.9634954084936205,0.0017284035227110067,0.005315438408424557,-0.0015890207995493707,-0.0006799938499128478,-0.005063161085465076,-0.001618111645217071,0.9541890562762166
18,31,2.028945255443408,0.0015940461906453192,0.0023592946053283656,-0.001238207194398687,0.001003905474459715,-0.0008272463787948698,0.002209510005295813,0.9712006316514153
18,32,2.0943951023931953,0.0011058237369277154,0.0020374904140878793,0.0010755208333333328,0.0002571012917485057,0.0015468749999999992,0.0013261013995449216,0.9469583333333333
18,33,2.159844949342983,0.0004386852054588859,0.0013093177274376812,0.00017359264693752962,-0.00040287752781425666,0.0011620504115093387,-0.0006032841391032508,0.9307345706585649
18,34,2.2252947962927703,0.0017524606639961443,0.001642413968328625,0.0015326427204362097,0.0008497791891707527,0.0013672994727211827,0.0009099537324816893,0.9640804398052611
18,35,2.2907446432425576,0.0012007281365581832,0.001696565580344471,-0.0010477789311929002,0.0005864361595866604,-0.00032181158035682556,0.001665764711823916,0.9489521539965052
18,36,2.356194490192345,0.00262447857742506,0.0024455327594421787,0.0013523268384464885,0.00224924430095541,0.0017104117794829335,0.0017478907351750855,0.9916797814383146
18,37,2.421644337142132,0.0009143720048562787,0.003853760939958716,0.0009103430292207182,-8.574224404654459e-05,0.0035946985402387603,-0.0013891061108341617,0.9399635198568564
18,38,2.4870941840919194,0.001671554140001514,0.003409727789498743,9.44652873602515e-05,-0.001668882725789966,0.0013654181154038607,-0.0031244002574265274,0.9318522670442492
18,39,2.5525440310417067,0.000977143129618385,0.0024741856812727854,-0.000277945337009019,-0.0009367791017072034,-0.0007345095282096679,-0.0023626448184999134,0.9393935138584241
18,40,2.6179938779914944,0.00030356239376602267,0.0019007135942137312,-0.0002952289379760508,7.063993976845512e-05,-6.812877658284163e-05,-0.0018994922050459186,0.9469130883383291
18,41,2.6834437249412812,0.002239378026252009,0.0030203423385883506,-0.0013880642759590593,0.0017572966483398857,-0.002396200320413905,0.0018386657843984717,0.9499708504223676
18,42,2.748893571891069,0.0020087565972974003,0.0033028618850757517,-0.0014290075968618416,-0.0014117508120404872,-0.001787912965800864,-0.0027770962998440126,0.9753845749391704
18,43,2.8143434188408563,0.0011828728759946197,0.0015477622846058136,0.00034976641119416904,0.001129978627392631,0.0011004954248985289,0.0010883372222917002,0.9560234812941659
18,44,2.8797932657906435,0.0005360041013447978,0.0020950943934194555,-0.00030981059227712057,-0.00043739889525619966,-0.0012550031618926778,-0.001677613656649533,0.9675223487806802
18,45,2.9452431127404313,0.001089059476068841,0.0019242517292428212,-0.0008936117962290314,0.0006225018072710008,0.0004403335042378425,0.0018731927617145036,0.9716591012912845
18,46,3.010692959690218,0.0017696672996543486,0.003125749942103601,0.0014290369541098131,0.001043827445152915,0.0027908610658130316,0.0014076246701054988,0.969847867596724
18,47,3.076142806640006,0.002509428525784456,0.0035177307152075496,-0.0008731519601513007,-0.002352623467643025,-0.0021674410285309796,-0.002770672981886384,0.9736379073946174
18,48,3.141592653589793,0.002947916666666667,0.003197916666666667,-0.002947916666666667,0.0,-0.003197916666666667,0.0,0.9350625
19,0,0.0,0.0011510416666666665,0.0021354166666666665,0.0011510416666666665,0.0,0.0021354166666666665,0.0,1.2642060945617068e-32
19,1,0.06544984694978735,0.0018091918296338548,0.003168978931978852,0.0017450741274024147,-0.00047737968775870285,0.0031113141745287218,0.0006017903112401231,1.782461405061067
19,2,0.1308996938995747,0.0015582171922758632,0.0007835675806185978,0.0015581331025865631,1.6188048926457742e-05,0.0007784149083980081,-8.971278493171088e-05,1.2460430191593432
19,3,0.19634954084936207,0.0005147127121549318,0.0006687221479412633,-0.0003554416940064701,-0.0003722772867308675,0.00022123492862710176,-0.0006310660959856249,0.9559484184958184
19,4,0.2617993877991494,0.0013226333840145436,0.0019659955093075205,0.0005656445840447005,0.001195577380620201,0.0007158422516071862,0.0018310401998403233,0.9671407660711604
19,5,0.3272492347489368,0.0007188380849152176,0.0017209402803662957,-0.00017883415114000503,-0.0006962374154773725,0.0009250418128946469,-0.0014511833423051029,0.9742031863525137
19,6,0.39269908169872414,0.001501515701110024,0.0021476436431523073,0.0006755036933909326,-0.0013409862642455126,0.0018276904898849018,0.001127794613906629,0.9742275133667615
19,7,0.4581489286485115,0.0007554147520579857,0.0010816277308356834,0.00025007214819174533,0.0007128221154857596,0.0010138576009409248,0.000376843884290381,0.9724265332448557
19,8,0.5235987755982988,0.0015093325469031158,0.0018251038436945509,-0.0006515354594491124,0.0013614647561437205,-0.0009492316920000131,0.0015588339344431196,0.9865208045579545
19,9,0.5890486225480862,0.0016893288270063828,0.004101301320407399,0.000601897708271946,-0.0015784647713939456,0.004038530671386828,-0.0007148024461649063,0.937600419475233
19,10,0.6544984694978736,0.0023900561479335753,0.0036310317935267177,-0.00041784169736868045,-0.00235324811828569,-0.0006357800781583475,-0.0035749371431982994,0.9995716715745576
19,11,0.7199483164476609,0.0012571284536574236,0.003037759888625346,-0.0005730913829046259,-0.0011189004494750947,-0.0028952176108753697,-0.000919619555369606,0.9534805255730526
19,12,0.7853981633974483,0.0013826035598189556,0.0013208019473294132,0.0012154744984667466,-0.0006589494268918205,0.00043448623040265365,0.00124729286843935,0.9712034707089355
19,13,0.8508480103472357,0.0006580916769059974,0.0023736609776976725,9.742873975188069e-05,0.0006508396852400043,-7.188633532612208e-06,0.002373650092282475,0.9724658161173866
19,14,0.916297857297023,0.0012916145058559753,0.0011825465355057149,-0.0007597069115429017,0.0010445637559725691,-0.0009660534392473138,0.0006820242379527326,0.985720863259694
19,15,0.9817477042468102,0.0009753889418826993,0.0016219351852338742,0.0005416833137839485,-0.0008111490464243253,-0.0011798847328669602,-0.0011128997089797012,0.9475339709753124
19,16,1.0471975511965976,0.0011985618733449314,0.004161937420274093,0.00038020833333333315,0.0011366583424670758,-0.0021354166666666665,0.0035723547906108097,0.93
19,17,1.1126473981463851,0.0014222146582345285,0.00098753526073764,0.000577045654261622,-0.0012998895518446685,0.0008378765688330884,-0.0005226746087200426,0.9711642222041349
19,18,1.1780972450961724,0.0014512033746737815,0.00220638286402119,-0.0013647311111307152,0.000493457423671481,2.7760897514982844e-05,0.002206208212117685,0.9856561398223604
19,19,1.2435470920459597,0.001772253807279376,0.0012799440005326636,0.00046182543232034556,-0.001711023327566977,0.0003206201475775312,-0.0012391365402839678,0.9659544930237439
19,20,1.3089969389957472,0.0019070092021147478,0.001661646333640164,-0.0018454463332794654,0.000480637002253991,-0.0015050615222766861,-0.0007041721041492507,0.9183238069572671
19,21,1.3744467859455345,0.0014410373487531328,0.0012481493055336906,0.0012781969908985842,0.0006654330116242073,0.0012477643261811935,3.0997987254438196e-05,0.9504709405441863
19,22,1.4398966328953218,0.0004156177985261708,0.0016805828491823426,0.00013780504152331876,0.0003921070325593474,0.0003016531055028299,-0.0016532888788431195,0.9724948529524315
19,23,1.505346479845109,0.0012717007010342848,0.002217780291803022,0.001271693844985269,-4.1758397567693995e-06,0.0022089410348861893,-0.00019781033114028512,0.9753570318153258
19,24,1.5707963267948966,0.0011344247387320245,0.0004522561113769252,-0.0010208333333333332,-0.0004947916666666666,0.0004479166666666666,-6.250000000000027e-05,0.9532291666666667
19,25,1.636246173744684,0.0007248943934054373,0.00033304408543151457,0.0001634117174773984,0.0007062354367926632,-2.9912927488465073e-05,-0.00033169802473030164,0.9854071949799784
19,26,1.7016960206944713,0.0010873473077212194,0.0015808369284301166,0.0007801286251322942,0.000757445374834239,-0.001243291545714485,0.0009763562498613157,0.9465782389713944
19,27,1.7671458676442586,0.001141752771283154,0.0025845546462688637,-0.001002000723560395,0.0005473517522738072,-0.002483656865980607,0.000715102294512722,0.9607835929501428
19,28,1.832595714594046,0.002137329780092336,0.0017655375066248466,4.947310920759851e-05,-0.0021367571224486155,0.0001489052967916469,-0.0017592469695544375,0.961236081234924
19,29,1.8980455615438334,0.0013757849875859934,0.002082888237623251,0.0013483279802797995,0.00027348855490054474,0.0019988983776307325,-0.0005855157438827056,0.9820008594562307
19,30,1.9634954084936205,0.0021503304662492412,0.004229868803924773,-0.00109741527503316,0.0018492162740478932,0.002009823279716406,0.0037218813095967977,0.9662435655573312
19,31,2.028945255443408,0.0009375710538390294,0.0010052580088944438,-0.0005161330059893251,0.0007827171910244794,0.0002241384848254249,-0.0009799518376260052,0.975117351766789
19,32,2.0943951023931953,0.0009258096353477736,0.0028728668112667135,-0.0005052083333333334,-0.0007758144242235594,0.0011041666666666665,-0.0026522027990898427,0.9970416666666666
19,33,2.159844949342983,0.0012818159290798189,0.0015579646721928053,-0.0004455366888018525,0.0012018939782585819,-0.0015479014806970572,0.00017679062717433107,0.9373051787884369
19,34,2.2252947962927703,0.0011290471032917027,0.002111412410238591,0.00019628271350042117,0.0011118545128892972,0.00044299698160162884,0.002064416634403381,0.9247061973299706
19,35,2.2907446432425576,0.0007285625214936404,0.0021047800627482178,0.0005417441487901135,0.0004871515421066082,0.0020740529295903767,-0.00035833442173473576,0.952005398204946
19,36,2.356194490192345,0.00030975575703260234,0.001046474534827265,-0.00030922449846674675,1.813390644151209e-05,-0.0010386528970693202,-0.00012770713156064957,0.9555881959577315
19,37,2.421644337142132,0.0012156833176349875,0.0005289158189480537,0.001056119622395351,-0.0006020774634276811,8.078240690154487e-05,0.0005227103846956588,0.9254020295512263
19,38,2.4870941840919194,0.0008534927363961892,0.0011071450431325556,0.0005224387692953821,0.0006749130191500098,0.0006484735647221876,0.0008973584469928877,0.9708840996808239
19,39,2.5525440310417067,0.0013510155958463296,0.003308856398938528,-0.0012105022446383474,-0.0005999395435754636,-0.0032821489786138422,0.00041955780409921536,0.9408852143356508
19,40,2.6179938779914944,0.001834684370281002,0.002066112859603818,0.0017661187927824455,-0.0004968814228103871,0.0020638150253333466,9.741606555687985e-05,0.9714375287753788
19,41,2.6834437249412812,0.0011539208891443611,0.0022382995557447237,0.000839491613341691,-0.0007916989639583204,-0.0012881018525463842,-0.0018305131845232914,0.9746406412149414
19,42,2.748893571891069,0.0027911263570203335,0.0049992728173281625,0.0019741426927729427,0.0019731059194642324,0.0035097253328837084,0.0035601343780524075,0.9661227812535493
19,43,2.8143434188408563,0.0005346929113421548,0.00299198879225438,-0.000528002560591235,8.431966228969739e-05,-0.002620044380427435,0.001444771392839172,0.9553688791725556
19,44,2.8797932657906435,0.0013046596309439487,0.00020662704938933393,7.407864002716637e-05,0.001302554838656141,5.6980640544519064e-05,0.0001986150652455109,0.9541326790699833
19,45,2.9452431127404313,0.0012551942988029015,0.0008524058327486953,0.0012167033380525863,0.00030845699038764107,-1.3937868036656857e-05,-0.0008522918746172519,0.9343055977685598
19,46,3.010692959690218,0.0009665359265504446,0.0018846892108136154,-0.0005172396431263976,0.0008164893440157093,0.0016735865028954914,0.0008666958166988509,0.9545010570717869
19,47,3.076142806640006,0.002946555562444041,0.003150123895413062,0.0006938260714275596,0.0028637030336920964,4.494186626108545e-05,0.003149803293081861,0.9402110989279127
19,48,3.141592653589793,0.0017864583333333337,0.003427083333333333,0.0017864583333333337,0.0,0.003427083333333333,0.0,0.9736875
20,0,0.0,0.0008541666666666663,0.0008437500000000001,-0.0008541666666666663,0.0,-0.0008437500000000001,0.0,1.2093556097455582e-32
20,1,0.06544984694978735,0.0013617371987585357,0.004593263774041338,0.0012337120212850712,-0.0005764398034655897,0.0023152495554952437,0.0039670759500795485,1.7908304312871346
20,2,0.1308996938995747,0.0011877181325667687,0.001101377199682317,0.00035531578295717217,-0.0011333247799326653,-0.0010214218384330877,-0.0004119819946939836,1.2374173277381062
20,3,0.19634954084936207,0.0010263535784736098,0.0014799667522013766,-0.0008652749868903013,0.0005519971604162227,-0.001451183154564124,0.00029046349087416936,1.009102115011534
20,4,0.2617993877991494,0.0005886569473573237,0.0011046222259310985,-0.0004930150726561248,-0.0003216413216704578,-0.0009546130398552182,0.0005557915132127823,0.9695081618300277
20,5,0.3272492347489368,0.002161115757287539,0.0018638493654760824,0.0018737844590944735,-0.001076732611771616,0.0015914457805633168,-0.000970172554091699,0.9795930062267794
20,6,0.39269908169872414,0.001804844628855536,0.0036044265259540815,-0.0014447647787246677,0.0010817203282111967,-4.439104017317558e-05,0.003604153162194103,0.9770983397850049
20,7,0.4581489286485115,0.0013072449085290473,0.0026490767737473372,-0.0011977515415097155,-0.0005237179543286802,-0.001200651339903084,-0.002361364883535903,0.9789884106346668
20,8,0.5235987755982988,0.002238581985649328,0.001449684500635652,-0.0005757042071656772,0.002163287769189626,0.0003828259238962053,0.0013982236814530987,0.8826592243222032
20,9,0.5890486225480862,0.0014669281316347276,0.0018768717337882713,-0.0012098580780557846,0.0008295309363396376,-0.0018661753785582191,0.00020009238255485452,0.9741708059132529
20,10,0.6544984694978736,0.0016799410022485363,0.0019913044143314053,-0.001576785036205582,0.0005796125607972779,-0.001966806704960427,-0.00031139148327860404,0.9708645761408133
20,11,0.7199483164476609,0.0012338866219240448,0.0007574450289200617,-0.0004069279071428579,0.0011648544433324982,-4.104959320381092e-05,0.0007563318734084361,0.947008727037396
20,12,0.7853981633974483,0.0008589871216785188,0.0013944584058073444,-0.000850782752215854,-0.00011843810088634178,-0.00044730339059327357,-0.0013207702004097918,0.9864736291288442
20,13,0.8508480103472357,0.0008752007391391488,0.0020809733784108732,-0.0002710801551288933,0.000832160971978984,0.002006474131559154,0.0005518258430326564,0.9574230484814533
20,14,0.916297857297023,0.0009643532753299142,0.0013534554009352272,0.00013327901248574322,-0.000955098918683483,-0.0012486842228728676,-0.0005221390943696126,0.9539991463737235
20,15,0.9817477042468102,0.0009830406991588319,0.0013121049894818995,-0.0005308492183476605,-0.0008273863206401004,-0.0006036312174739096,-0.0011650102388881657,0.9732041847783117
20,16,1.0471975511965976,0.0009558249554631385,0.0005940240595576359,0.00046614583333333344,-0.0008344515609381307,0.00028125000000000025,0.0005232236814530987,0.9317291666666666
20,17,1.1126473981463851,0.0004300509309341817,0.002236578215517814,0.00026535102731804815,-0.0003384267062431876,0.0010284447298309304,-0.001986097568552923,0.9544169785925973
20,18,1.1780972450961724,0.00013340510202130358,0.0006999891600451737,8.657401636278189e-05,0.00010149808341112254,0.00035335044633009435,-0.0006042584598158895,1.0126179148558878
20,19,1.2435470920459597,0.001247556233857308,0.0002830242350582411,-8.718034116840905e-05,-0.0012445063859820044,3.8488636055289894e-05,-0.0002803949759266488,0.974964098562145
20,20,1.3089969389957472,0.0007222101621462054,0.001435340091920244,0.0004335537145523621,-0.0005775973466915314,-0.0008028008216941392,-0.0011898369720935846,0.9456034127863413
20,21,1.3744467859455345,0.0008471292117782533,0.0028838706339246243,0.000685926733496752,-0.000497124147193154,0.0022645334489486873,0.00178566460787164,0.9613067154755108
20,22,1.4398966328953218,0.00119808132601807,0.0009846811416308623,0.0011177904769397956,0.0004312114486141588,0.0007674996839599635,0.0006168802037712139,0.9407640599243501
20,23,1.505346479845109,0.0015373718602052018,0.003525542624443799,-0.0015361985991215934,-6.005081687751521e-05,-0.0006467050477190204,0.0034657211916172383,0.9630588066144141
20,24,1.5707963267948966,0.0016617766805774809,0.0029074444976550187,-0.0008854166666666665,-0.00140625,-0.0016770833333333334,-0.002375,0.9638125
20,25,1.636246173744684,0.0004615356451062462,0.0010522095380595489,-0.0004526941021412287,-8.990662706489239e-05,0.0008490902698175512,-0.0006214423751922998,0.959426377065271
20,26,1.7016960206944713,0.0005463966134826279,0.0017466365103672602,-0.0002944023323153038,0.0004603004735524326,-0.0001443147191028517,0.0017406643447828146,0.9597303066192207
20,27,1.7671458676442586,0.0018699916121742207,0.0015431759885877886,0.0018218704679332895,0.00042149333052194065,0.001466484683625041,0.0004804318936613822,0.9411915500824781
20,28,1.832595714594046,0.0010329929479966215,0.002354528878977892,0.0007729564129765889,0.0006852830176278377,0.002348299906931676,-0.0001711542843330879,0.947713144947087
20,29,1.8980455615438334,0.0015857594150130744,0.0018906596939627402,6.772088911427661e-05,0.0015843127227539958,0.0015709390188174716,0.0010520193332501462,0.9568662979829976
20,30,1.9634954084936205,0.00033194938865519234,0.002637522604444136,-0.00032359264110666205,-7.401485830676817e-05,-0.0018720899241761704,0.0018579033356856429,0.988479556836024
20,31,2.028945255443408,0.0025878757288922516,0.00421299009111929,0.0020954580030762863,0.0015186034852894108,0.003996088048574337,0.0013343784380417227,0.9900929653423121
20,32,2.0943951023931953,0.002330873191546345,0.0024756627900422946,0.002325520833333333,0.00015786921423153831,0.00159375,0.0018944305707784593,0.9421875000000001
20,33,2.159844949342983,0.0008476369330881612,0.0009073333785293334,0.0008335942396763127,-0.00015365224994634514,0.0008742594330447581,0.00024274328729279564,0.9193065473862073
20,34,2.2252947962927703,0.0016614490900778139,0.0032825043779662047,-0.0007540444144369582,0.001480483063049632,-0.0011001438244424406,0.003092655583298674,0.9426537270948819
20,35,2.2907446432425576,0.0012893893534433524,0.0014543976230615115,-0.00037434226944028915,-0.0012338528154052088,0.00015524164831585784,-0.0014460886821336893,0.990498561283132
20,36,2.356194490192345,0.0007041768834062832,0.0011829846864444735,0.0005486994188825208,-0.0004413547675530084,0.000259803390593274,-0.0011541035337431249,0.9560680375378228
20,37,2.421644337142132,0.0001762295741140735,0.0014626867827458602,2.6433205678772376e-06,-0.00017620974901747964,-0.0003380730915913107,-0.0014230808863734093,0.9704844162209919
20,38,2.4870941840919194,0.0023749024720485425,0.003450748952557017,-0.0017738296125098957,-0.0015791422537331057,-0.0017496419974568308,-0.0029742933974826057,0.9669284191914712
20,39,2.5525440310417067,0.0012148551646398791,0.003157916985795509,0.0006065629135772817,-0.0010525941776985215,-0.003147093524131914,-0.0002612317736087283,1.0116138082453388
20,40,2.6179938779914944,0.0016246102093779911,0.0009551459247181292,0.0012736208738323436,0.0010085872308103737,0.0008880074094371282,0.0003517763185469009,0.9525907756777969
20,41,2.6834437249412812,0.0007623305170845904,0.0017769844814905665,-0.0004888234744597123,-0.0005849781432631428,-0.00023379173480645132,-0.0017615377578111937,0.9828162803600337
20,42,2.748893571891069,0.001006687675297175,0.0029320224003005287,-0.00033904992986478534,0.0009478740531599725,-0.0010618694819807483,0.0027329816243623025,0.9482208551897497
20,43,2.8143434188408563,0.00317452970021184,0.004158343425078706,-0.0009062571554053524,0.0030424228479624055,-0.0023244567881857007,0.003448002418901808,0.989055224965577
20,44,2.8797932657906435,0.0009397767949944064,0.002375095807402787,-0.00041141172153949296,-0.0008449383526564936,-0.0002783860453823191,-0.0023587245078810475,0.9085086137698754
20,45,2.9452431127404313,0.00041222230375232945,0.0025044274242347676,-0.00017530540472322282,0.0003730887867327358,0.0014628057091096817,0.0020328197609860337,0.9709376064407022
20,46,3.010692959690218,0.000903034271485751,0.002833581055165251,0.0008760094564183617,0.00021926770793577328,0.001838513623308543,0.0021561654048565726,0.9554757702507639
20,47,3.076142806640006,0.0003841720308625929,0.0004079523248679668,-0.0001090808416046485,0.00036836058324949837,-0.0002667342236197744,0.00030867127063453003,0.9601430360097626
20,48,3.141592653589793,0.0002708333333333332,0.0011562499999999997,0.0002708333333333332,0.0,0.0011562499999999997,0.0,0.9439791666666667
21,0,0.0,0.0017447916666666666,0.00014583333333333337,-0.0017447916666666666,0.0,-0.00014583333333333337,0.0,1.1564567339397221e-32
21,1,0.06544984694978735,0.0022648875284908884,0.00495622917387515,0.002213732769195971,0.0004786467834442251,0.0026616952473684876,0.004180859485094801,1.8435806133772765
21,2,0.1308996938995747,0.0023081277876913107,0.0016865267626761504,-0.0017306669186425542,-0.001527169244396007,-0.001351614472195528,0.001008717423154027,1.2303169093350335
21,3,0.19634954084936207,0.0010676626901849346,0.0013269836704737554,0.0010664999115079146,4.981524632621951e-05,0.0013218378403800145,0.00011674924172558787,1.046338915282836
21,4,0.2617993877991494,0.001478222477303316,0.0022618119261779744,0.0006262068276124286,0.0013390320016550502,0.0008225397515863022,0.0021069460236231166,0.9835773393023461
21,5,0.3272492347489368,0.0017223505364996514,0.0016466895690758826,-0.000205536719905585,0.0017100426975228105,-0.0014800257692667526,0.0007218796708660475,0.9571890414477453
21,6,0.39269908169872414,0.0015438231805559464,0.0014622791195852936,-0.0006456822089129699,0.0014023139797902419,0.0007994306974482255,0.0012244062983963228,0.9646372195370096
21,7,0.4581489286485115,0.0006680988421758619,0.003503635266874951,8.903568298205289e-07,0.0006680982488986503,0.0022822121086414834,0.0026583769436368697,0.9710588012650999
21,8,0.5235987755982988,0.0006830948277703685,0.0011177988213404134,0.00041580516242714974,0.0005419636617205632,0.0010949183262674712,0.00022500680832734091,0.9641263308241123
21,9,0.5890486225480862,0.001337013928450308,0.002243916355223966,0.0011552223008555122,0.0006731030236718756,0.0011846766229029453,0.0019057024711084576,0.9613883446878352
21,10,0.6544984694978736,0.0017726081457841074,0.001043964658669156,0.001543018327006229,-0.0008724872956227326,0.00037428728308089006,-0.0009745620751261219,0.9931195491625194
21,11,0.7199483164476609,0.0017167096170670932,0.00130356879291787,0.0017143757338147069,-8.948604716899225e-05,0.0004767541051181619,0.0012132588846253437,0.9708385123211509
21,12,0.7853981633974483,0.0018200692397697526,0.0036138590083390053,-9.24599410364444e-05,-0.0018177192293804844,-0.003197108356852458,-0.0016847774591016928,0.9865477016837244
21,13,0.8508480103472357,0.0016989835886297698,0.002371427068469377,0.0002966234541673626,0.0016728896439607466,0.00023699590370998672,0.0023595548907990992,0.948323554244098
21,14,0.916297857297023,0.0006346819601125085,0.0004889501571635362,0.0004135927287537986,0.0004814169141339372,0.00045595744019225087,-0.00017656463100965822,0.9302445722003183
21,15,0.9817477042468102,0.0015633105795997432,0.0015987649793760394,0.0010739982986417882,-0.0011359875099678824,0.0005071426127630261,-0.0015161978200746626,0.9528224414365702
21,16,1.0471975511965976,0.0010289193992768983,0.0040749808281757595,-0.00010156250000000001,0.001023894618015977,-0.0025312499999999996,0.0031934686764551173,0.9546666666666667
21,17,1.1126473981463851,0.001572243653795553,0.0019239068616835726,0.0015079613397991423,0.00044497494825165856,0.0011249710782489629,-0.0015607234494094393,0.9198032142993516
21,18,1.1780972450961724,0.0007201048659226743,0.002422413962569827,0.0002675074103682491,0.000668573708220407,0.002133925341828302,0.0011464955479879614,0.9678361780201716
21,19,1.2435470920459597,0.0006504112190895765,0.0004359184063066109,-0.0006197540289231242,-0.00019733144085812672,-0.00011684370237622301,-0.0004199671489199032,0.9780541824911988
21,20,1.3089969389957472,0.0013982326174934703,0.002762354236334335,-0.0013982226527439027,-5.27882339587978e-06,-0.0024828687449149137,-0.0012107698883433177,0.9439794203039664
21,21,1.3744467859455345,0.0018943251544042334,0.00019987095550660322,0.0006297007296921369,0.001786601461332049,0.00012188953476688885,0.0001584024626368983,0.9564927737527905
21,22,1.4398966328953218,0.0017532758975271916,0.0019500250782316167,-0.0009105281618404143,-0.0014983039876291112,-0.0006452147573276725,-0.0018401890453588771,0.9239647913262976
21,23,1.505346479845109,0.002733764769936614,0.00264432058013927,0.002173625205459298,0.0016579575638533735,0.0021791630206225454,0.0014978918052046715,0.9434570354895669
21,24,1.5707963267948966,0.0015292734550587156,0.0032849681315044745,0.0014947916666666664,0.0003229166666666669,0.00140625,-0.00296875,0.9611666666666667
21,25,1.636246173744684,0.00017018947991796388,0.001590814568174349,5.903156292190126e-05,-0.00015962372522198773,0.001457853199282794,-0.0006366749874595847,0.9890864414445515
21,26,1.7016960206944713,0.0009609038820594291,0.0014593440633479482,0.0003393504410121109,-0.0008989869569363991,-0.000563946852911775,0.001345975126932071,0.9993308925695926
21,27,1.7671458676442586,0.0012977859224429717,0.0016388617124405928,0.0012938072615239712,0.00010154344153610797,0.001226156041057446,0.0010873863506049922,1.0015869724185233
21,28,1.832595714594046,0.0005938693548685375,0.0023647620290602658,0.0001628797211271273,0.0005710963203326756,-0.0015222590450411871,0.0018096482680000328,0.9274417413711452
21,29,1.8980455615438334,0.001306118974082004,0.003288961941261774,-0.0005528456779752406,-0.0011833462852441476,-0.003062926161199872,-0.0011982295197940295,0.9690582934835432
21,30,1.9634954084936205,0.001487757710001057,0.002797662320113742,-0.0008200243953718179,0.0012413633612535346,0.0006341264570804609,0.002724848269870231,0.996131510737858
21,31,2.028945255443408,0.0005100022429478231,0.0005700844075871499,0.00034591660783057075,0.00037475857326924684,-0.0005155744148069735,-0.00024326786588129242,0.9375716396667544
21,32,2.0943951023931953,0.0008839908863516513,0.0017216200784274226,-0.0008307291666666668,-0.00030220678152894487,-0.0016458333333333336,-0.0005051814855409221,0.9653333333333333
21,33,2.159844949342983,0.001736138472694039,0.0033115709377193156,0.001734622818633817,-7.2529121346273e-05,0.0030768824741549683,0.0012244575598138097,0.9156805266960847
21,34,2.2252947962927703,0.0014478904180318178,0.0015723131772653852,0.00016308297556088527,0.0014386766856074925,0.0012063823218406158,0.0010083701805154767,0.9658384463061771
21,35,2.2907446432425576,0.0012833410269664717,0.0016146984854745537,-0.001236854452973202,0.0003422794963998275,0.0007715284104442271,0.0014184481347131524,0.9358704868917699
21,36,2.356194490192345,0.0011187664309529881,0.003707795674291055,0.0008945432743697777,-0.0006718858960471515,0.0022387750235191247,-0.0029556107924350265,0.9314522983162749
21,37,2.421644337142132,0.0008237000691873932,0.001301295022009032,0.00040869263727554396,0.0007151588160793916,0.0007572665319187399,0.0010582609006956891,1.0142357637584472
21,38,2.4870941840919194,0.0006094063575265499,0.0032852908494341087,0.00022728720329786875,0.0005654349085534164,0.0005120102712615083,0.0032451473691495437,0.9788448981208128
21,39,2.5525440310417067,0.000466412121184096,0.001660416195184152,-0.00034834017068769465,-0.0003101602686881664,0.0012907319098120966,-0.001044506140825718,0.9462518090008504
21,40,2.6179938779914944,0.0007327400166278722,0.0012600656246177472,-0.0005043468290938163,-0.0005315469950538967,-0.0004386683262674716,0.0011812431916726582,0.9302070025092212
21,41,2.6834437249412812,0.0018348739092715898,0.003634913136216814,-0.0018164321719327304,-0.0002594926351427917,-0.003589223861945034,0.0005745133389973907,0.970842765309916
21,42,2.748893571891069,0.0005945540114484669,0.004458146391306675,0.0005940325272498721,-2.4896367176630768e-05,0.0037658508369763444,0.0023860923536119247,0.9460617583716306
21,43,2.8143434188408563,4.675943211970513e-05,0.0008124329661393332,4.426190114337821e-05,1.5077420181553816e-05,-0.0005893284962657231,0.0005592309433133474,0.9676901345942511
21,44,2.8797932657906435,0.0009592752377814374,0.003931328431341645,0.0002133027706710135,-0.0009352598087401716,-0.001796578628296868,-0.003496805466053567,0.9450014990225425
21,45,2.9452431127404313,0.001702411687647705,0.0014027477905388074,0.0016861555164992212,0.00023470221221529294,-0.00014598370250405252,-0.0013951308621289668,0.9687715500578419
21,46,3.010692959690218,0.00029309378923515246,0.0014348494416828777,0.00024653007151874276,-0.0001585146464058875,0.0014288054327263764,-0.0001315597039722212,0.93267327431258
21,47,3.076142806640006,0.0014432131121071032,0.0018233252103325842,0.0013746448166055201,0.0004395630957410389,0.0018221494671718536,6.546863309778565e-05,0.9300061865819464
21,48,3.141592653589793,0.000390625,0.0007499999999999998,-0.000390625,0.0,0.0007499999999999998,0.0,0.9922916666666667
22,0,0.0,0.0006354166666666667,0.0026458333333333334,-0.0006354166666666667,0.0,0.0026458333333333334,0.0,1.0799587965486612e-32
22,1,0.06544984694978735,0.0018072649302408703,0.0018490683208277857,0.001725730665680059,0.0005367123974811819,0.0018483603911617617,-5.1161699280086466e-05,1.8460322822745272
22,2,0.1308996938995747,0.0007330080443595376,0.0035952271323346696,-0.000731151183206246,5.214154190182887e-05,-0.002936847103993061,0.002073785722017331,1.2597774649534832
22,3,0.19634954084936207,0.001408785392865844,0.0025844694303099026,0.0014045015429906887,-0.00010978022995487473,0.002576564916857122,0.00020197887371565848,1.0040804139844588
22,4,0.2617993877991494,0.0022040750331585404,0.001928364782878669,0.00020991326948160326,-0.0021940563281484743,-0.0007641309357971912,-0.0017705068903577882,0.9277090458937519
22,5,0.3272492347489368,0.0011952606191750388,0.0006181665252766347,0.00033841279468787254,-0.0011463527939261286,0.0004691873686394934,-0.00040248362212857346,0.9905296111102354
22,6,0.39269908169872414,0.000284017612503321,0.001006355424154198,0.00026549189227656787,0.00010089628014696038,0.00042535031511382773,0.0009120462428830807,0.9709937336488944
22,7,0.4581489286485115,0.00021763611858378087,0.0013209658366501115,0.00017726079321844272,0.0001262699144681029,-0.0008030443558409927,-0.001048842459165653,0.9866056461847835
22,8,0.5235987755982988,0.0017666860481247047,0.004172320075877117,0.0016363980221796477,-0.0006658686849860291,0.0018811566110019924,-0.0037241783819321455,0.9065745524544199
22,9,0.5890486225480862,0.002945962699556724,0.0022893710299401277,-0.00015906025306085475,-0.00294166552535732,0.002271758335988824,-0.00028343213578282164,0.9674147173196067
22,10,0.6544984694978736,0.0012013190058520395,0.0010320370540521685,0.0010388651088832504,0.000603263325063214,-0.0002076801117037957,0.0010109250477356754,0.9582993665666603
22,11,0.7199483164476609,0.0018194764845678923,0.0018001331512118573,0.0018075259100617544,-0.00020819404974917527,0.0017309500571889432,0.000494258294426634,0.9379222877502262
22,12,0.7853981633974483,0.00020342948390859454,0.0016917863603030958,0.00018710354976172487,-7.984871063379087e-05,0.0016055048231093342,-0.0005333810569192175,0.914029201277419
22,13,0.8508480103472357,0.002347593678175136,0.0016958346600231692,0.0006548619210016116,-0.0022544072263524046,-0.0011361142589607818,-0.0012590073807257412,0.9904655689639489
22,14,0.916297857297023,0.0018359754317138664,0.0018620630460859662,-0.0018274707024080257,-0.00017651237264632605,-0.0018330994646749196,-0.0003271469703473815,0.9441955727466725
22,15,0.9817477042468102,0.001528298415217819,0.0019002121852171859,-0.0007800652191119672,0.0013142276438612513,-0.0018855593455704856,0.0002355255892247687,0.9839308232786133
22,16,1.0471975511965976,0.0006927083333333335,0.0026302238035848667,0.0002005208333333335,-0.000663050699772461,-0.0026302083333333334,-9.021097956088306e-06,0.9398333333333334
22,17,1.1126473981463851,0.0008196980423052692,0.0014068647958023043,-0.0007290052135492661,0.0003747749713856034,-0.0012683026161816897,-0.0006088325118245092,0.9856818446679975
22,18,1.1780972450961724,0.0017054672853122706,0.001855978169409088,0.0007185998856484139,0.0015466844751326923,-0.00017886315514804572,0.0018473394211821485,0.9796184234573824
22,19,1.2435470920459597,0.0009566576062406151,0.0019222085379804882,-0.0009566037269304656,1.015308823792284e-05,-0.0015595711880989874,-0.0011236651515182797,0.9349324412140327
22,20,1.3089969389957472,0.0017590323899205665,0.0016270400197823266,-0.00039788626620086004,0.0017134414107165725,0.0006549153911774488,0.0014894109763165311,0.9863607568372118
22,21,1.3744467859455345,0.0007774450652748294,0.0008050114135112934,0.0005403270832013357,-0.0005589879002977796,-2.863262093811495e-05,-0.0008045020502780989,0.9544300050896976
22,22,1.4398966328953218,0.0004349389199222817,0.000820487129686304,-0.0004050923084948707,0.00015834167379896386,0.00013070777905829236,0.0008100090162921141,0.9490011007377133
22,23,1.505346479845109,0.0020179924498262614,0.0028935699988314714,0.0013141563977572576,-0.0015314328224866622,0.0026570960314946414,-0.001145682337104395,0.9644854831408467
22,24,1.5707963267948966,0.0024500434023933355,0.0038807361218230513,0.00196875,-0.0014583333333333334,0.003489583333333333,-0.0016979166666666666,0.9424166666666666
22,25,1.636246173744684,0.0016888402064241315,0.0038798713673364534,-0.0005087518073334536,0.001610389034168343,-0.0012838024071065639,0.0036613185065744597,0.9351208592954422
22,26,1.7016960206944713,0.001201544492861342,0.0004153185346719442,0.0011920376522377226,0.0001508489442223501,0.00041291690903251163,-4.459945601784254e-05,0.9871017263979317
22,27,1.7671458676442586,0.0014388794197176793,0.0017534138715945675,-0.0007522483733449789,-0.001226579132908643,-0.0016960066334274799,0.00044499629714216257,0.9554570556938984
22,28,1.832595714594046,0.0011237334398795527,0.004885068268136332,0.00017794109214097688,0.0011095556820778347,0.0015529634572696697,0.0046316515936259215,0.9753327185165915
22,29,1.8980455615438334,0.0004561461931398476,0.0006865957889355066,0.00015423370308775944,-0.00042927999528025065,-0.0001012482467174209,-0.0006790895153958857,0.96319297578294
22,30,1.9634954084936205,0.0007522335138403535,0.0006368815212734432,0.0006951800250544457,0.00028736734697927215,-8.229380122555305e-05,-0.0006315423995421246,0.9296972661976853
22,31,2.028945255443408,0.0019872221363372478,0.0018851261304540625,-0.0013961047904766455,-0.00141419349212084,0.000515607539448238,-0.001813242783795055,0.992226442328007
22,32,2.0943951023931953,0.001159354409820157,0.002924858288352522,0.0010130208333333332,-0.000563818622255494,0.0029114583333333336,-0.0002796540366387251,0.9577083333333333
22,33,2.159844949342983,0.0012010238848580233,0.0019926161446448807,0.0003020156334271995,0.0011624306126238357,0.0007523904415476454,0.001845109135896077,0.966348201857166
22,34,2.2252947962927703,0.0013705147050674749,0.002409519577847863,-0.0011829307173414367,-0.0006920877652265364,-0.0010052424775717644,-0.002189810986664722,0.9162680580826111
22,35,2.2907446432425576,0.0007633914239412509,0.0023234695029410693,0.0005763593937098486,0.0005005759836722756,0.0022937029657922594,0.0003707252834822732,0.9763497362820064
22,36,2.356194490192345,0.0009559872300222278,0.0014491716580259705,-0.0007704368830950582,0.0005659846226995425,-0.0013555048231093346,-0.0005125477235858842,0.9737207987225811
22,37,2.421644337142132,0.0015534546062624748,0.0010614668761806884,0.0007059873825610606,0.0013837640801027764,0.000992466636384485,0.0003764596988954531,0.9183363537162258
22,38,2.4870941840919194,0.0013174569169776538,0.0013993206392730044,-0.0010395208476487747,0.0008093757689700361,-0.0006235287536183972,0.0012527210962167508,0.9700475238545437
22,39,2.5525440310417067,0.0010356276197894942,0.0016035478775099257,0.0008725580718740596,-0.0005578234291227612,0.0011569056968688818,-0.0011103760642318054,0.9660543996632386
22,40,2.6179938779914944,0.00039193653078919494,0.0029754406262844286,6.672697782035249e-05,-0.0003862146483473041,0.0025667600556646734,-0.0015049882847345212,0.9541337808789135
22,41,2.6834437249412812,0.0012349372479850112,0.0011166377007254876,-0.0007049210798169941,-0.0010139804128731658,-0.001004134984453982,-0.0004884595046440439,0.96242811510926
22,42,2.748893571891069,0.0014885934375762659,0.00201530516038624,-0.0011792718029794273,-0.0009084208480064595,-0.000539193358740229,-0.0019418355778411927,0.9700239100293704
22,43,2.8143434188408563,0.0008808957352981769,0.0011545174250437364,0.00047749282223035,0.0007402552946011335,0.0009445101422551926,0.0006639360480548524,0.9634641354622889
22,44,2.8797932657906435,0.0007800206086754562,0.0008397344146579074,9.336523791161239e-05,0.0007744127338235969,-0.00013124791264992758,-0.0008294141743338459,0.978847478752447
22,45,2.9452431127404313,0.00046158792559558223,0.0007790256758571392,0.00028030484735785054,-0.0003667323350937641,-0.0001474207913263931,0.0007649497460156271,0.9436177164466627
22,46,3.010692959690218,0.0010713162399824038,0.0022179653519172012,0.0008302629979783807,-0.0006770390241618181,0.0021877732234711345,0.00036471718490895785,0.9664758533270524
22,47,3.076142806640006,0.0016103383406854083,0.0020016009498548836,0.0014050315007774737,-0.0007868138619168028,0.0012043369249954035,-0.0015987429229093052,0.9458928833838968
22,48,3.141592653589793,0.0011145833333333333,0.0007083333333333334,0.0011145833333333333,0.0,-0.0007083333333333334,0.0,0.9509583333333333
23,0,0.0,0.0019427083333333336,0.0021979166666666666,-0.0019427083333333336,0.0,0.0021979166666666666,0.0,1.0897681997320736e-32
23,1,0.06544984694978735,0.0025364650655772657,0.0063217753169004486,0.0024472536920080784,0.0006667866194268691,0.006189055828179765,0.001288577166119999,1.8192696351420723
23,2,0.1308996938995747,0.0011168334218439248,0.003876898495732686,-0.0007870287202354134,0.0007924031080657227,-0.0006097013708037466,0.003828655924035796,1.231160956994808
23,3,0.19634954084936207,0.0008886934575400944,0.0009696507279928762,-0.0005694179801664874,-0.000682304349493454,-0.00013950462417276446,0.0009595629182766133,0.9894988797705112
23,4,0.2617993877991494,0.0006327521002177311,0.0017643921491525322,-0.0005642453132097216,-0.0002863606936204982,-4.8815774898992025e-05,-0.0017637167221841784,0.9707120221427025
23,5,0.3272492347489368,0.0009344331796472136,0.0011564674084684394,-0.00085381139837604,-0.0003796991746485012,-0.0011128245995717066,0.00031470347541420453,0.985543088228419
23,6,0.39269908169872414,0.00041143096281022836,0.0017108700344730559,0.00036429731630786247,0.0001912142842201929,0.0017090724385385573,-7.84071086426776e-05,0.9449607263543031
23,7,0.4581489286485115,0.0003692865172928376,0.002405128505411555,-0.00031163612936268366,-0.00019812989358024177,-0.0020824918532136795,-0.0012032750345793244,0.9684715222352268
23,8,0.5235987755982988,0.0032898892844793783,0.006310949399728614,0.0032511513054491186,-0.0005033753005548932,0.006227409616550926,-0.0010234509238962047,0.9874801542522328
23,9,0.5890486225480862,0.0005173745861175359,0.0023039638632535763,-0.0003590500343380269,-0.0003725044096412193,0.0017022615607944825,-0.001552596232708258,0.9470670726697855
23,10,0.6544984694978736,0.0019500185208394213,0.002738097202555041,0.0018012925164868842,0.0007469387536238244,0.0026801570686310608,-0.0005602984723401456,0.9414453326222175
23,11,0.7199483164476609,0.00041999734020689556,0.0014657958617606338,-0.00021307990020081338,0.0003619319299416372,0.0008628762114710633,0.0011849059675906539,0.9916557033280425
23,12,0.7853981633974483,0.0018684367332025228,0.0015528972475222344,0.0008897871934226604,0.0016429651780855065,-0.0009067734638718147,0.0012606552845960874,0.9817173220313546
23,13,0.8508480103472357,0.0011090637899728417,0.00042623603593551403,0.0008591275269129609,0.000701371786379623,0.00042342119177418426,4.8904526237867835e-05,0.9778237498943015
23,14,0.916297857297023,0.0008657170981435251,0.002517104501856986,-0.0005716135831066386,-0.000650172289186517,-0.0019757170943915463,-0.0015596015632839467,0.9535424528558218
23,15,0.9817477042468102,0.0003751305162693725,0.0011567981683977232,-0.0003124002335347043,-0.00020767522318270945,0.0007705432713310799,-0.000862812302540202,0.9552658597753664
23,16,1.0471975511965976,0.0015869014756445272,0.003576771487086271,0.0014635416666666668,-0.0006134346610139772,0.003515625,-0.0006585401507944164,0.9714999999999999
23,17,1.1126473981463851,0.0008695025414863065,0.0008660103351232229,-0.00022604623652359692,0.0008396057221128643,-0.0008312523905447324,0.00024288549514926664,0.9396330465580646
23,18,1.1780972450961724,0.0005757527426598387,0.0002163261224901503,-0.00016011123493589867,0.000553042144079118,0.0001664646228621208,-0.00013815397427144614,0.9561778483441231
23,19,1.2435470920459597,0.0004172987064047,0.0014363699088841921,-0.00027949177208091183,0.0003098750711272329,-0.0009401359290308066,0.0010859571584981445,0.9435631876012605
23,20,1.3089969389957472,0.0018720725971140897,0.0024885371386073074,0.00046840266475199654,-0.0018125271729049254,0.0008765448211591077,-0.002329052654348328,0.9487603099627216
23,21,1.3744467859455345,0.0009526461442073286,0.0027221454563258743,-0.00015019579393725082,0.0009407315767830104,0.001458076272602916,0.002298714742778666,0.9757234233276404
23,22,1.4398966328953218,0.0010693066247561736,0.002652578710308981,0.0010558094178682704,0.0001693609485333143,0.002076694350342714,0.0016503073621720018,0.9614651517383952
23,23,1.505346479845109,0.0012628260780966755,0.002471069721988004,0.001258699292939808,-0.00010200879115967213,0.0024081711144723714,-0.0005539832617929603,0.9560752126491526
23,24,1.5707963267948966,0.0019402771874750555,0.0014988783422020021,-0.00078125,-0.0017760416666666667,-0.00045833333333333316,-0.0014270833333333334,0.9930625000000001
23,25,1.636246173744684,0.0010163496246075987,0.0007939719830840249,-0.0001990042314229757,-0.0009966764145477494,-0.0004794723939643166,0.0006328489024629071,0.9208735789009171
23,26,1.7016960206944713,0.0010782731564405834,0.0018128076675714444,0.0010504502731751996,0.00024336643870198632,0.0013355471496912616,-0.001225799922726938,0.9536499202723875
23,27,1.7671458676442586,0.0005514283766311943,0.0014871175427775632,0.0005229536129690644,0.00017490789929764817,-0.0008735056772100439,0.0012035391218895213,0.9734872343218345
23,28,1.832595714594046,0.001516437527258942,0.0017841321777809704,-0.001125774489278942,-0.0010159796126733803,-3.19002390752697e-05,-0.0017838469672425404,0.9751435889970557
23,29,1.8980455615438334,0.0008682861135825935,0.0010212908320251263,0.0005070474720631596,0.000704857174266336,0.0010184591323407046,7.599973243633061e-05,0.971293607890667
23,30,1.9634954084936205,0.0018758412153854463,0.003590741602962033,-0.0018246185005799103,0.00043537063828451707,-0.003237742877806069,0.0015525612118233605,0.9847767692264459
23,31,2.028945255443408,0.0012581971532280342,0.0031022448968997685,-0.0010134392864693939,-0.0007456546714341264,-0.0030966394072772805,-0.00018640756861798612,0.9876756982403211
23,32,2.0943951023931953,0.0012232267317029894,0.002450176262083562,-0.0005520833333333329,-0.0010915528526866361,0.0003385416666666672,-0.002426675350187645,0.9367083333333334
23,33,2.159844949342983,0.0002204884901569337,0.00350682296723118,-0.00016704441081120004,-0.000143914346430171,-0.0034327951554038076,-0.0007167459414159558,0.9930542185072481
23,34,2.2252947962927703,0.0015292323514828243,0.0021042213380604523,-0.0014787202796345139,-0.0003897921489965048,-0.0018461916862640595,-0.0010096156184996295,0.9579569972881986
23,35,2.2907446432425576,0.0021022287455163776,0.0023566261209965727,0.0020720911470536417,0.0003546885630765199,0.0023502986733219666,-0.00017257699830613955,0.9478116954908993
23,36,2.356194490192345,0.0019392053848713213,0.004095455399623409,-0.0013272871934226602,0.0014137985114188398,-0.001009893202794852,0.003968988617929421,0.9840743446353116
23,37,2.421644337142132,0.0006016655627996484,0.004242715608389834,1.7219354570502292e-06,0.000601663098749873,0.0010083597966843195,0.004121146230614182,0.9563270102171533
23,38,2.4870941840919194,0.0007387535796974084,0.0016980723511874545,0.00011238300378719254,0.000730155402620225,-0.00026364301378784775,0.001677480870575921,0.9686808924221348
23,39,2.5525440310417067,0.0024898214122380633,0.0014611808782257281,-0.0015066832899603144,-0.001982199820551275,-0.0011773623665668228,-0.0008653712594515028,0.9585757038096882
23,40,2.6179938779914944,0.0007103836913410362,0.0015786111491358946,-0.0006730263054491185,0.00022733363388822669,-0.000394076283217593,-0.0015286324094371273,0.9826448457477673
23,41,2.6834437249412812,0.0014029923344767686,0.00233931564441668,0.0007722845273413043,-0.0011713087122658104,0.002071869124240466,-0.001086165740682181,0.9653447792851805
23,42,2.748893571891069,0.001684889169744401,0.001231590864679309,0.001245432419207946,-0.0011347905549077414,0.001112205816405391,0.0005289747441187956,0.9436679894084626
23,43,2.8143434188408563,0.0016129979955714384,0.0030874581953138683,-0.0008130953005359801,-0.0013930680406799168,-0.00292826351857179,-0.0009786065979811949,0.920619415792075
23,44,2.8797932657906435,0.0013481146488513367,0.0011281375696197676,-0.00030963286226333333,-0.0013120749205187097,-0.00044166214051817945,-0.0010380890759566328,0.9487174122308546
23,45,2.9452431127404313,0.0019660054070383217,0.00519184444999635,0.00020850479644558603,-0.0019549176479747433,0.0031922867186249607,-0.004094454090480022,0.9524942744845922
23,46,3.010692959690218,0.0008983995148219839,0.0003193468644030045,0.0008174273716590191,0.00037273875609467283,-2.2145403417835954e-05,-0.00031857809232822685,0.9247649624726973
23,47,3.076142806640006,0.0014235222101135739,0.0016985879786556523,-0.0013002880054702752,-0.0005793674011512621,-0.0016114309803105299,-0.0005371138770586174,0.9523524018795779
23,48,3.141592653589793,0.0004635416666666668,0.0007187499999999994,0.0004635416666666668,0.0,0.0007187499999999994,0.0,0.9458125000000001
24,0,0.0,0.003765625,0.0011562500000000002,-0.003765625,0.0,-0.0011562500000000002,0.0,1.1890434685987543e-32
24,1,0.06544984694978735,0.00298124145567044,0.006499670006157074,0.002966442149844954,-0.00029668432488295216,0.006388954292787912,0.0011945598493189082,1.8218524692070848
24,2,0.1308996938995747,0.00045665382583754137,0.001073723844386386,7.85344920540045e-05,-0.00044985003079902426,-0.00044776761566215793,-0.0009759032003063143,1.2783007852123924
24,3,0.19634954084936207,0.0021664507487623545,0.0016092402060615717,-0.0015929049823707056,-0.001468387743054112,-0.0015963161799271476,0.0002035404001860293,0.9685839497100016
24,4,0.2617993877991494,0.001046235250279946,0.000335088656550393,0.0002920990900231597,0.001004632430561538,0.0002771120185762718,0.00018839675397769258,0.9667900447397075
24,5,0.3272492347489368,0.0017440501691713163,0.0027671617687208805,-0.0017431125962847384,-5.717927299271359e-05,-0.0026622659555265477,0.0007546682955542714,0.955348596873821
24,6,0.39269908169872414,0.0003549915484070747,0.0008282880412107509,6.410208452920508e-05,0.00034915601412472205,-0.0007628244861860071,-0.00032273810200810946,1.00223882661937
24,7,0.4581489286485115,0.00047446995715047215,0.0018528467829026277,0.0003208012130142609,-0.0003495830687647067,0.0018435816509366895,0.0001850618740912539,0.9386457257852809
24,8,0.5235987755982988,0.001945573279715247,0.0023687999737345288,-0.0018292933262674717,0.0006625264622754567,-0.001539195775169669,0.001800580373453111,0.9994483922165918
24,9,0.5890486225480862,0.0007129001365029039,0.002215887101965207,0.0006623061070896866,0.0002637749516871598,-0.0005122033134032337,0.002155876484030222,0.9485929413984282
24,10,0.6544984694978736,0.001314949232499473,0.0023973529432165645,-0.0003695233294866848,0.001261960376959605,-0.002226446959662239,0.0008889516691923671,0.9740346124786351
24,11,0.7199483164476609,0.0006792229273745842,0.0012638624690697595,0.00035453981779075717,-0.0005793490335473051,0.0005958956821634851,-0.0011145656897204505,0.9880492739855269
24,12,0.7853981633974483,0.0020648058236779412,0.002613206756584546,0.0014097532234155223,0.0015086480499320863,0.0009787702164283916,0.0024229854345603984,0.9801868431397383
24,13,0.8508480103472357,0.002167987151809542,0.002088793460356133,-0.002160884173219392,-0.00017535073521715116,-0.0019980025136733977,0.0006091338731193103,0.9429148606109643
24,14,0.916297857297023,0.0023924325926882916,0.004226657409018687,-0.0011488249559514954,0.0020985554391390916,-0.0033708858173719125,0.0025498552232339497,0.9271602039989778
24,15,0.9817477042468102,0.002704907337138865,0.004923723289145543,0.0016617734758009968,0.0021342522385210095,0.0030711689507398766,0.003848502605440917,0.8790570695646651
24,16,1.0471975511965976,0.0013633602183830374,0.0008133675923454155,0.00027604166666666684,-0.0013351224975010094,0.0007864583333333335,-0.00020748525299002174,0.9716874999999999
24,17,1.1126473981463851,0.001278370463487489,0.00036903682891599037,-0.0012540745782510289,0.0002480483704879388,-0.00020858488583479158,-0.00030443476558641736,0.9791785153519426
24,18,1.1780972450961724,0.000837126023309892,0.0020798875626613475,-0.00015671308713545833,0.0008223265696930314,0.002022657156507955,0.00048455164899163864,0.9403308663165708
24,19,1.2435470920459597,0.000362178630676405,0.0017841973509910237,9.19170044447487e-05,-0.0003503207456211233,-0.0017838462552272436,-3.539385533007762e-05,0.9457835395709973
24,20,1.3089969389957472,0.0011039890594865293,0.001386090027400845,-0.0005548807402861076,0.0009544103978506796,-0.0012979931342815103,-0.0004862708992096242,0.9782293003434104
24,21,1.3744467859455345,0.002201752380992776,0.0030449190893442175,0.0011657641578727879,0.0018678082009206693,0.0010175753754849432,0.002869855852801582,0.9434696153448651
24,22,1.4398966328953218,0.0011583825267923952,0.0014630697384729534,-0.0010127150864060004,-0.000562368413180916,-0.0011208126006698035,-0.0009404000073453358,0.9523218885856731
24,23,1.505346479845109,0.0011781581223286282,0.0021300323360415154,-0.0011617182128971974,0.00019613096398034767,-0.002003463118181577,-0.0007233071869327913,0.9174083228565793
24,24,1.5707963267948966,0.0003844653236241788,0.0005660574237163967,0.0003125000000000001,0.0002239583333333334,0.00012499999999999995,-0.0005520833333333332,0.9968958333333333
24,25,1.636246173744684,0.0007652344454652307,0.0029882922785061604,0.0007155692917885312,-0.00027119060672475224,-0.0020851669964870425,0.002140553512188085,0.959423307010053
24,26,1.7016960206944713,0.00016653030751380456,0.0010209488285468002,-0.00013748183552149558,9.397386989095825e-05,0.00017720724895440876,0.001005452187540061,0.9046204099480734
24,27,1.7671458676442586,0.0016231766419904147,0.0022184483477157013,0.0015497920710104748,-0.00048254217197706353,0.0019359272078005873,-0.0010833738586378881,0.9600663448562178
24,28,1.832595714594046,0.00169720739409147,0.0023267188969269283,0.0010794534887092586,-0.0013096919883209825,0.002313444587423224,-0.00024818333191221756,0.9792756088090346
24,29,1.8980455615438334,0.0021052159998102993,0.0013326158137230194,0.0012818438864455927,0.0016699732502765835,-0.0003181357937935587,0.0012940844345296822,0.9297240061699568
24,30,1.9634954084936205,0.0016410230281174152,0.0026853959837692294,0.00022802216075472153,-0.0016251038345337812,-0.0010386895027933816,-0.0024763835943631077,0.9826095257270429
24,31,2.028945255443408,0.000816013564728073,0.0017328847764180293,-0.00038185399547346834,-0.0007211557834207289,0.0016351224150842468,-0.0005738155940983334,0.9566594245055032
24,32,2.0943951023931953,0.0013672544626458527,0.0007808332221629238,0.0013281249999999999,0.0003247595264191643,0.0005156250000000001,-0.000586371367145714,0.9961041666666667
24,33,2.159844949342983,0.0014380868249918453,0.0011574714530937173,-0.0012044691239097667,0.0007857148628880361,-0.0011142710100407725,-0.0003132734921910855,0.9747727906618865
24,34,2.2252947962927703,0.0011663998562001655,0.0010028568432898432,-0.0009821218185341713,-0.0006292259992267475,-0.0010005864216826505,6.744376084989676e-05,0.9483609377121524
24,35,2.2907446432425576,0.0015854468918157652,0.0026308326585432946,0.0012948998573299789,0.0009148093824699607,0.002243234933775309,0.0013744735389042834,0.9445993218890885
24,36,2.356194490192345,0.0007462865830080821,0.0022021169020101216,0.0001944134432511441,-0.0007205186167345804,2.1229783571608273e-05,-0.002202014565439602,0.9894381568602615
24,37,2.421644337142132,0.0010875094171952366,0.002020963072627046,-0.0008921445665565636,0.0006218961367076695,0.0013676157364420631,-0.0014879243725264345,0.9539454040106374
24,38,2.4870941840919194,0.00206340814732231,0.0027724527399132105,-0.0020024140369298594,0.0004979871555997709,-0.002739285861083633,0.0004275595471037528,0.9537247366384985
24,39,2.5525440310417067,0.003007416259014955,0.002288058195969953,-0.002446662225852479,-0.0017488271805910672,-0.002213688132409025,-0.0005786148637709879,0.9631532446081205
24,40,2.6179938779914944,0.0011793666255934209,0.0023024146180312933,-0.0002957066737325283,-0.0011416931289421235,0.0004454457751696695,-0.002258913706786445,0.9613432744500757
24,41,2.6834437249412812,0.0013524598382736255,0.001746886021645513,0.0007212462337635078,-0.0011440941763793209,0.000375611819690548,-0.0017060265336533435,0.9885987660796142
24,42,2.748893571891069,0.0016918325550225562,0.003299332664350809,0.0011562555085181984,0.0012350589432312425,0.003278856832471433,-0.00036700667869618965,0.964070781337019
24,43,2.8143434188408563,0.002157251262504593,0.0009846211060564117,6.261880276826227e-05,-0.002156342249068438,0.0002042550738123461,-0.0009632022567008782,0.9632232911218438
24,44,2.8797932657906435,0.0009549815688403236,0.001215275418069173,0.0009541614948870229,3.95681500665338e-05,0.0012074365282820135,0.0001378091866802861,0.9514550461078465
24,45,2.9452431127404313,0.001221446008897384,0.0014057462943661307,-0.0012122661463076607,-0.00014946953926376459,-4.8595649118946035e-06,-0.0014057378947559802,0.9811373771891465
24,46,3.010692959690218,0.001799283078387735,0.004024964010134783,3.287990410903529e-05,-0.001798982631399821,0.0003535780271779882,-0.0040094036790496905,0.9754764254256006
24,47,3.076142806640006,0.0004075070511627233,0.0010979593634416552,7.557653215846104e-05,-0.0004004374914193718,0.001071860580698227,-0.00023796987060227672,0.9563118416377638
24,48,3.141592653589793,0.0018177083333333326,0.003260416666666667,-0.0018177083333333326,0.0,-0.003260416666666667,0.0,0.9354375
25,0,0.0,0.0012135416666666666,0.0014895833333333334,-0.0012135416666666666,0.0,0.0014895833333333334,0.0,1.1773081354709547e-32
25,1,0.06544984694978735,0.0023187735798923122,0.005768614027465721,0.0002927438602401609,-0.002300219977979997,0.005067196458017042,-0.0027568873487565323,1.860324179186577
25,2,0.1308996938995747,0.0023644358191204215,0.00340810760103139,0.001311148712136074,-0.001967598993037853,0.003402965658649273,0.0001871420483527361,1.264036579331852
25,3,0.19634954084936207,0.001971569509259649,0.004343270108775009,-0.001349792410578881,0.0014370618560750914,-0.002930852312128823,0.003205323690716369,1.0024291903306841
25,4,0.2617993877991494,0.0014528808223919438,0.0015802453018940053,0.0013107815092853184,-0.0006266693857130678,0.0005849439592968565,-0.0014679971998066597,0.9791573782207365
25,5,0.3272492347489368,0.00022341690009858528,0.000897506323691106,-0.00013752012403967244,0.00017607761565222973,-0.0008244966414470943,-0.0003545742366670003,0.9639920041878393
25,6,0.39269908169872414,0.0022211507765207156,0.0034120729339182387,0.00048794905076741013,-0.002166890974620957,0.0010750624202447677,-0.0032382838817736283,0.9889335128327454
25,7,0.4581489286485115,0.0014240176043228648,0.000960593884134375,-0.0007391619466032102,0.0012171547782082542,-0.0006308096409063707,-0.0007244444817761681,0.9148619597802196
25,8,0.5235987755982988,0.001732967211322668,0.002635610720572158,-0.0009001667385309443,0.0014808359795608788,-0.0015658117779960138,0.0021200654108503,0.9436021914955353
25,9,0.5890486225480862,0.0016990576922908656,0.0008176307949569797,0.000664742762461017,-0.0015636221095547535,0.0006624780920509183,-0.0004792106993949086,0.9566640971751491
25,10,0.6544984694978736,0.0016873092164363347,0.0020509524243034795,0.0012528284441360373,0.0011302359406047365,0.0015629257951087576,0.0013280319294881344,0.9601509471336659
25,11,0.7199483164476609,0.0019561559402546825,0.001920058603035564,0.0019400212426349045,-0.00025072622662777357,0.00173847889114182,0.0008150559392736117,0.9654660961514415
25,12,0.7853981633974483,0.0008784006805784646,0.002626637986007123,0.0008296876869466138,-0.0002884546719501827,0.0015026545207910314,-0.002154357561010203,0.9726072149938704
25,13,0.8508480103472357,0.0019554698669272596,0.002521420469360997,0.0019484434352158224,0.00016562179876115468,0.0016856318947585762,0.0018751550065755213,0.9684150691494957
25,14,0.916297857297023,0.0008436786447001629,0.0033181427918134777,-0.0005226005817931722,0.0006623309500789929,-0.0012891138895260589,0.003057491940577233,0.9852905405742033
25,15,0.9817477042468102,0.0006550737169298726,0.0013458520745448057,0.0005508281243164336,-0.00035455599286199975,0.00034680758721633857,-0.0013004008243636801,0.9534710558966971
25,16,1.0471975511965976,0.0005022734771350496,0.0014059413241470798,0.000390625,0.00031573842846307636,0.0005989583333333338,0.0012719748118083939,0.9888541666666667
25,17,1.1126473981463851,0.0010220005074954748,0.001974920769973883,-0.0007136307608904981,-0.0007315847007912733,-0.0017826717032507742,-0.000849937436581787,0.9535512325575611
25,18,1.1780972450961724,0.000901117485342559,0.0003187853001517389,6.188873035560313e-05,-0.0008989897148716822,0.00024309686626580517,-0.00020622313450381724,0.9802535992135203
25,19,1.2435470920459597,0.0010808756761982656,0.002637025707595824,0.0005332975727521084,0.0009401520761524529,0.00027690402774895224,0.0026224470903981386,0.9714315801430956
25,20,1.3089969389957472,0.00040858354346439286,0.001783139776856929,-0.0004080843541012546,2.0190887243538413e-05,-0.001293383596217027,-0.0012274959620487919,0.9526342454905586
25,21,1.3744467859455345,0.0014872322973739373,0.0038464372979071276,-0.0002458259105840211,0.0014667752138748788,-0.0005128336201288954,0.0038120967412693736,0.9452547842766689
25,22,1.4398966328953218,0.0014908406706570024,0.0020583301775851316,0.001114877470454113,-0.000989774788100232,0.0019924924083343687,-0.0005164272675678035,0.9142738618143759
25,23,1.505346479845109,0.0021914936408747323,0.002900173532883577,0.0015971913645196928,0.0015005412767058798,0.0027481958659024423,0.0009265128188401572,0.9624956536862014
25,24,1.5707963267948966,0.0018171411483770322,0.001293219832326361,-0.00084375,-0.001609375,-0.00023958333333333354,-0.001270833333333333,0.9860625000000001
25,25,1.636246173744684,0.000900533797935761,0.0005236375424107865,-0.00011654523430273782,-0.0008929604300224763,7.259990837300487e-05,-0.0005185803015216058,0.973936468134765
25,26,1.7016960206944713,0.0013255679257585847,0.0016197041613821791,-0.0003372185032448777,-0.0012819571002452466,-0.001385771724091038,-0.0008384976440685449,0.9450780950528488
25,27,1.7671458676442586,0.0012031574509696395,0.0020403228862384765,0.0005148968629245204,-0.0010874139379161223,0.0011760022426222367,-0.0016673140692311024,0.9308710961333487
25,28,1.832595714594046,0.0009301064419616158,0.00044936920651189035,1.0882299849753424e-05,-0.0009300427780099562,0.0004354775144605435,-0.00011086937431226476,0.9271226542536978
25,29,1.8980455615438334,0.0019208916790403965,0.0018557400156237122,-0.001147970668017564,0.001540126029900781,-0.0011250831404414296,0.0014757909515515897,0.9581735605214782
25,30,1.9634954084936205,0.0006794805155755378,0.0020178573316282657,-0.0006420812804580512,-0.0002223182411142821,-0.00015680237410474338,0.002011755757113935,0.9846586692990954
25,31,2.028945255443408,0.001528718686072026,0.0037419767542900928,0.0009814075378155357,0.0011721007063664067,0.003723215608857458,-0.00037423997596141873,0.9632399006044955
25,32,2.0943951023931953,0.0009496321473485289,0.0024286922421221766,0.0007864583333333335,-0.0005322447794091864,9.895833333333328e-05,-0.002426675350187646,0.9674375
25,33,2.159844949342983,0.0010087339619691562,0.0003097632457536928,-0.0007075622792353893,0.0007189574584307558,-0.00021108659827088813,-0.0002267062338143514,0.9404796996645196
25,34,2.2252947962927703,0.0010073485322886968,0.001178640270871523,0.00040584990821864234,0.0009219744668390288,-0.00039072532971458633,0.0011119921784075303,0.951619006993328
25,35,2.2907446432425576,0.0011394476291403644,0.003516211523053047,0.0011267067327088382,0.00016992009305015195,0.0028608155053230647,-0.002044377195958262,0.9214696551096989
25,36,2.356194490192345,0.001775714695098024,0.0021051648560195943,-0.0006213543536132805,-0.001663454671950183,0.0005598454792089679,-0.002029357561010203,0.952101118339463
25,37,2.421644337142132,0.0013353686312711046,0.0012798442302944864,-0.0005369019883313452,-0.0012226796948950742,7.403600680825533e-05,-0.001277701030567783,0.9759293487052573
25,38,2.4870941840919194,0.0015317232601358233,0.001114506187675485,-0.00010497446962738234,-0.0015281218885833565,0.0007297612888823657,0.0008423612666876913,0.9524335530760188
25,39,2.5525440310417067,0.002167527635230099,0.0023228126075211324,0.0020344201409258403,-0.0007478708041376323,0.0012179820710169,-0.00197787211020847,0.9472789664319928
25,40,2.6179938779914944,0.0014024538237724152,0.00193143015639954,0.0005251667385309445,0.001300414020439121,-0.00019460488867065252,0.0019216012558163661,0.9532728085044648
25,41,2.6834437249412812,0.0006884411811277513,0.0024065373582476935,-0.0005700698564429796,0.0003859684166452663,-0.0014383712954531736,-0.0019293807485973695,0.9480223611857124
25,42,2.748893571891069,0.0016954316452429418,0.002134966962716396,-0.0004494231673316289,0.0016347804991364422,-0.0015780235790724955,0.0014380283431774579,0.9669042186546383
25,43,2.8143434188408563,0.0006560070207007611,0.0013193992885560323,0.0002897765189591768,0.0005885361333585141,0.0010152571684452617,0.0008426549498832091,0.98111513486033
25,44,2.8797932657906435,0.001457924892137057,0.002212798736754549,-0.0007156627883671501,-0.0012701857204595731,-0.002164537877540373,-0.00045962378754318674,0.9642523887016758
25,45,2.9452431127404313,0.001505687928271563,0.00349741781962,-0.0015033739568961861,8.344389174178924e-05,-0.0030818307957111196,0.0016535568788530021,0.957051110090939
25,46,3.010692959690218,0.00072990425808412,0.0020684308123136664,0.00042175568638723183,0.0005957200407652613,0.0012941324590235838,0.0016135759058160681,0.9501174160237128
25,47,3.076142806640006,0.0011304390245410623,0.00037105695061411497,0.0005438789804484329,0.000991003553390058,0.00012243441945629951,0.00035027571073576407,0.9535757960358286
25,48,3.141592653589793,0.0029843749999999996,0.0033645833333333327,0.0029843749999999996,0.0,0.0033645833333333327,0.0,0.9604791666666667
26,0,0.0,0.000546875,0.0029999999999999996,0.000546875,0.0,0.0029999999999999996,0.0,1.2637759702074603e-32
26,1,0.06544984694978735,0.001446019985972308,0.0036011667301626468,-0.00040094622360623396,-0.0013893221100980341,0.0027911508837855526,-0.0022754952345310367,1.8463762780139488
26,2,0.1308996938995747,0.002544984780696387,0.002824278239698762,0.0010421291829962932,-0.0023218342533272516,0.002298908409147017,-0.0016405997993383609,1.2681999389367404
26,3,0.19634954084936207,0.001483371900269441,0.0018851099972464406,0.0011800138569454408,-0.0008988656695667696,-0.0011019209462220828,-0.0015295129715028586,0.9596830659645165
26,4,0.2617993877991494,0.0009367756965112408,0.002036300198499563,-0.0006610757452929581,-0.0006637225056900514,-0.0018637853848630231,0.0008202576044026375,0.97080500541555
26,5,0.3272492347489368,0.001195302493999682,0.002099542979165267,-0.00045240462469831825,-0.0011063806341912504,8.091688657806721e-05,-0.0020979831216739273,0.9626666739697461
26,6,0.39269908169872414,0.0018316743990832282,0.0011374923914812681,0.0006314676667106861,0.0017193835203804493,0.00011197050971245794,0.001131967996735114,0.9387517587445866
26,7,0.4581489286485115,0.0008785847947534513,0.002057336841888802,0.0004312597196576491,0.0007654582260141765,-0.0010854436322326182,0.001747697628950343,0.9449607361154211
26,8,0.5235987755982988,0.0007087027184539335,0.0016670944478443441,0.00032030890307785235,-0.0006321880651776481,-0.0015929019196566883,-0.0004918001345948126,0.9625375015420671
26,9,0.5890486225480862,0.001257403625606928,0.00042375838854987965,-0.0003481798466390741,-0.0012082361822441168,0.000416798638799481,-7.648572782742243e-05,0.9904522494704898
26,10,0.6544984694978736,0.002018815788973194,0.002036912785040979,-0.0002795902295578273,0.0019993615214220915,-0.00021067095643325192,0.0020259890034200322,0.9421100584802549
26,11,0.7199483164476609,0.001849657863426833,0.002282337853162444,-0.0003219350811540563,-0.0018214258193127296,2.30152753008744e-05,-0.0022822218062846077,0.9235702328905547
26,12,0.7853981633974483,0.0005295171599963927,0.0007045245555197845,4.8834137184889046e-05,-0.0005272605141446236,0.00034853557771024935,0.0006122726520109588,0.9720164171261171
26,13,0.8508480103472357,0.0004377102027268633,0.0009359050878663817,0.0004018635831062148,0.00017348164786001484,0.000684438886542633,-0.0006383273016897055,0.974358590635693
26,14,0.916297857297023,0.001004239284219418,0.0017542494603889113,0.0008758461500987282,-0.0004913146255982668,-0.0008827373629109816,-0.0015159702890874057,0.9774426260440404
26,15,0.9817477042468102,0.00021900386598224664,0.0008337548076123192,-9.466806378269411e-05,0.000197485824845242,0.0007373190114944922,-0.000389239970333778,0.9301259284203708
26,16,1.0471975511965976,0.0018108005083119392,0.001399986049037632,0.0011614583333333338,0.0013892490852375366,0.0010781249999999997,-0.0008930886976527023,0.960625
26,17,1.1126473981463851,0.002182650371728893,0.0018582708883364415,0.0017574664403148378,-0.0012943238993294403,0.0018216946827902339,0.0003668776051116998,1.027016619727918
26,18,1.1780972450961724,0.0005117814243398483,0.0009659108836098048,-0.0005085432662108094,5.748019390160088e-05,-0.0004408845043791941,-0.0008594211359247493,0.9816129373066769
26,19,1.2435470920459597,0.002024134060878947,0.001073571216425,0.0014808259975474668,-0.0013799540069864091,0.0005448161497518743,-0.0009250570359203792,0.9483809999461185
26,20,1.3089969389957472,0.001565243287366541,0.00017537288127242307,0.0003954919514934006,0.0015144545767205955,0.0001571660612620195,7.781051775418622e-05,0.9252015639291481
26,21,1.3744467859455345,0.0008285927163707939,0.0012449995953148093,-0.0007079196895132839,0.00043059912078654606,-0.00096214979786656,-0.0007901213570075023,0.9528339981862718
26,22,1.4398966328953218,0.0017651707614980234,0.0015884340547947494,-0.0005428298750293043,-0.00167963196683773,-0.0015327143187489232,-0.0004170246557863372,0.9410518890404332
26,23,1.505346479845109,0.0007330287822938444,0.0019570478480477526,-0.0006885353232624237,0.00025149613176171545,9.958418684904947e-05,0.001954512540066692,0.9370782825265319
26,24,1.5707963267948966,0.00039449472121873107,0.0018217555826119428,0.0002916666666666664,0.0002656250000000001,-0.001760416666666667,-0.00046875,0.9776666666666666
26,25,1.636246173744684,0.0016088819265217408,0.0032369386210041465,0.00018075762889591067,0.0015986956349112347,0.0021650884264065853,0.0024062759072867104,0.9384672320614662
26,26,1.7016960206944713,0.000824218716904623,0.0027172661500681804,0.0006287980976804126,0.0005328690698937192,-0.0018065364348360787,0.0020297688144013106,0.981340221879043
26,27,1.7671458676442586,0.000551798931532519,0.002287346032855247,0.00027724929074377067,-0.0004770900246520627,0.0010343022244141352,-0.0020401398928972026,0.9582955013682374
26,28,1.832595714594046,0.0005770311131881705,0.0010756611198644188,0.0003602638702071999,-0.00045074920899598823,0.0010518614595044558,-0.00022502069859711045,0.975669113714667
26,29,1.8980455615438334,0.0021743730648922945,0.0019757839227511117,0.0005917057302083378,-0.002092315118276339,-0.0014716228740456778,-0.0013183505702154153,0.9942719390680921
26,30,1.9634954084936205,0.0010925840438538623,0.0017673600802391373,-0.00023652873310774444,-0.0010666742948522308,0.0011431158956539138,-0.0013479049307448358,0.940162486570626
26,31,2.028945255443408,0.0019510435912384646,0.0023236761421335183,-0.001932032782600779,0.00027169913851275967,-0.0021501621971505053,0.0008810637544839894,0.9261512981093345
26,32,2.0943951023931953,0.0016970457249904413,0.0003161248105311149,-0.00078125,0.0015065233586666793,-0.000265625,-0.00017140086116567002,0.974625
26,33,2.159844949342983,0.002930321151835711,0.0021971920247668645,-0.001699998471128861,-0.002386794346200632,-0.002108162599442206,-0.0006191148908015322,0.9334778778859846
26,34,2.2252947962927703,0.000678087953455865,0.00028979480616649924,0.00012246495402200888,-0.0006669374840705466,-0.0001816257715191275,-0.00022581653792661102,0.9615344195937396
26,35,2.2907446432425576,0.0015672309049904623,0.003705817613537624,0.0005603506792955433,-0.0014636324080076414,0.000915200457999549,-0.0035910294215563184,0.9770341776972096
26,36,2.356194490192345,0.00048012136505889974,0.0017008727369607394,-0.0004446674705182223,0.00018107281918870976,-0.0016402022443769157,-0.0004502273479890412,0.9389002495405486
26,37,2.421644337142132,0.002007182530756553,0.002737245498506079,-0.001680210130413964,0.001098032617652395,0.0005944201550692529,0.002671923950702796,0.969623592715061
26,38,2.4870941840919194,0.0007810843220579547,0.0024887871539979603,-0.0005808601641916565,-0.0005222012905192561,-0.0022070167167055166,0.0011502776665169453,0.9309175368332792
26,39,2.5525440310417067,0.0022480446423982243,0.0026745170813104466,0.00024903250084063133,0.002234208479023482,-0.0010539712239944804,0.002458085897037149,0.9676155170984053
26,40,2.6179938779914944,0.00156943516641441,0.0011810339710844264,-0.001565100569744519,0.0001165630651776479,-0.001177931413676645,8.555013459481279e-05,0.9737958317912662
26,41,2.6834437249412812,0.0012258040499529888,0.0007364725339972593,0.0009599542119954701,-0.0007622883179960885,0.0006991535729049573,-0.00023146506178379667,0.9302322533247199
26,42,2.748893571891069,0.0013320171598217917,0.0008571085202399432,-0.0006988956673921317,-0.001133937635040049,0.0005607980990128224,-0.000648182464751639,0.976306150711442
26,43,2.8143434188408563,0.0006402769964520631,0.0030732034495174537,-0.0006210699200813398,0.00015564956330113268,-0.0015156864968438846,0.0026734385882999237,0.9797101896907724
26,44,2.8797932657906435,0.0016699456848031568,0.0012532465543473635,0.0010199032569256907,0.0013223146133598664,0.0011964245307632142,0.00037308882075393513,0.9634076502739654
26,45,2.9452431127404313,0.0007876717115940185,0.0002794082875427309,0.0006861370892007371,0.00038683668397476256,-0.00021221530718277832,-0.00018175162872689877,0.9565158616057171
26,46,3.010692959690218,0.0008677066861849081,0.0013015161080538807,-1.5958116018655348e-05,-0.0008675599297934004,0.0010223931520068606,0.0008053920922465015,0.9640699758591414
26,47,3.076142806640006,0.0020921605514496355,0.002253054797019003,0.0015662834281290187,-0.0013870443380838452,0.001053435636294057,-0.0019916147414989864,0.9621009035074138
26,48,3.141592653589793,0.0010364583333333332,0.0021875,0.0010364583333333332,0.0,0.0021875,0.0,0.989
27,0,0.0,0.001640625,0.0030312499999999997,0.001640625,0.0,0.0030312499999999997,0.0,1.1704518248689361e-32
27,1,0.06544984694978735,0.0002907020802450097,0.002655674474781838,0.00016902770094615765,-0.000236510751915494,0.0025959806772313187,0.0005599028839445434,1.7845043196553336
27,2,0.1308996938995747,0.0008514440339101048,0.002089602633835936,0.0004927977359181447,-0.0006943394950275133,0.001418443974864837,-0.0015344236238743595,1.2074220126920507
27,3,0.19634954084936207,0.0011049085343531448,0.003353927015945505,-0.0005018705337596245,0.0009843519881781336,-0.002176849414209289,0.002551500157974872,1.0305438674677805
27,4,0.2617993877991494,0.0004244390159454259,0.0013768368699707814,-0.00027901384554331835,0.00031984332453851655,-0.0011772665040671098,0.0007139491192742969,0.9619850804464707
27,5,0.3272492347489368,0.0011449795554381525,0.0031576115339404685,0.00028419498395346524,0.0011091489500815654,-0.0010421983940542734,0.0029806598441795688,0.9581304642743659
27,6,0.39269908169872414,0.0011664342538008242,0.0007674907734129565,0.0011207150998943866,0.00032336748956659264,0.00036792621244499327,-0.0006735520688632021,0.9799940380397572
27,7,0.4581489286485115,0.0008479047633074641,0.0012233975274784598,0.0008178530598188503,0.00022373837441179114,0.0007755409891900076,-0.0009461700081521255,0.9476333464470562
27,8,0.5235987755982988,0.0018454524681139396,0.0026231783031103136,0.0018403344277564907,-0.0001373462998483072,0.0024710401507944168,0.0008803550323992081,0.9823384572681189
27,9,0.5890486225480862,0.001649690525574612,0.0031084100423605992,0.0011984281159937156,0.0011336881762488275,0.0018251092351378177,0.0025161854604267295,0.9590613240592955
27,10,0.6544984694978736,0.00023754262849463677,0.0007059459501998289,-0.00021168055555901102,-0.000107786097203533,-0.0007043341668925085,-4.767668142158354e-05,0.9855628111380098
27,11,0.7199483164476609,0.0004758491950731291,0.0019950632268179295,-0.0004377405210756488,0.0001865896370653106,0.0009464223550257387,0.0017562921183301781,0.9495811119277441
27,12,0.7853981633974483,0.0021435406866457066,0.0016232570382566148,0.0003011185131224545,0.0021222851637705217,0.001120759678255868,0.0011742491881391445,0.9206452997477724
27,13,0.8508480103472357,0.0002448873996688343,0.0029994678741900056,-6.078177792017683e-05,-0.0002372243958563826,-0.002862246987069767,-0.0008968554584256876,0.9793781575539554
27,14,0.916297857297023,0.0017689173421269492,0.0026441724662944616,-0.0005143757374649237,0.0016924792949944427,-0.0014290437614412803,0.002224743122114437,0.925529518279992
27,15,0.9817477042468102,0.0006717401490145787,0.0018021477402905383,0.0002465184792948738,0.0006248707603691112,0.001614380226542772,0.0008009450430472751,0.9654464558868545
27,16,1.0471975511965976,0.0008635944394811597,0.0026726211190203023,0.0007161458333333336,0.00048262874065070285,0.0026718749999999998,-6.314768569261594e-05,0.9662916666666667
27,17,1.1126473981463851,0.0011697405161859868,0.0019018735725801817,0.0005936360663251325,0.0010079132383122476,0.0018920913809588734,-0.00019264810453271263,0.9459974091748492
27,18,1.1780972450961724,0.0013876172597152708,0.00031585875666017643,0.0003997672040462401,0.0013287843474502434,-0.00025661844568774947,0.00018415680137240693,1.01260482084711
27,19,1.2435470920459597,0.0009108522366456583,0.0011175174337991925,-0.0005952626387223719,0.0006894303358162282,0.0010684044348007505,0.00032765405314633513,0.9618228878532619
27,20,1.3089969389957472,0.0015021235732924382,0.0014242315268295797,0.0011522347384245928,0.0009637065616713696,0.0010100444282803013,-0.0010041143833823094,0.9683197442175923
27,21,1.3744467859455345,0.002294482769615474,0.003058143573434422,0.001987511789597554,-0.0011464938143195642,0.0027950900850457734,-0.0012408519380720116,0.9837574967227063
27,22,1.4398966328953218,0.0009875843124301227,0.0016756168595903006,-0.0009684142363965708,0.0001936404939637494,-0.0010055832170979937,0.001340333635194652,0.9701826539561561
27,23,1.505346479845109,0.0004023379901643131,0.0011331276691382908,-0.00015572600045147324,-0.00037097880143324453,0.0010707940571264003,-0.0003706459250950418,0.9828614299816182
27,24,1.5707963267948966,0.0003263011480766059,0.002009012895055679,0.00032291666666666666,4.6875000000000076e-05,0.0005312500000000001,-0.0019375000000000002,0.9594374999999999
27,25,1.636246173744684,0.0014594048752950748,0.001563632723518764,0.0003169197606409363,-0.001424578693983005,0.0008289777218047157,-0.0013257990914200277,0.9523234815473985
27,26,1.7016960206944713,0.0008463241688076254,0.0010281835837979447,0.0001967740201041604,-0.0008231309638933317,0.0005963110284321845,0.0008376005249292383,0.9576397036540049
27,27,1.7671458676442586,0.0020293706138679846,0.0022000231109556385,-0.0013104574158003292,0.001549531041897788,0.0020184266136884926,0.0008752460761939641,0.9121233949308428
27,28,1.832595714594046,0.0009891637583436534,0.0011502778388374664,-0.0006268211035024261,-0.0007652060147597787,-0.00115000208863957,2.5185365695550424e-05,0.9072721916980343
27,29,1.8980455615438334,0.0011954154005155608,0.0023052053926246284,0.0010756904081410568,0.0005214481044390759,0.0021312670022627274,-0.0008784491261602544,0.9326041977049471
27,30,1.9634954084936205,0.0014130235631128626,0.003281011441286977,0.0008282627226752194,0.0011448215809194036,-0.0013871210321583266,0.002973370363745503,0.9514772859340742
27,31,2.028945255443408,5.323926608875419e-05,0.0009500765954843309,4.591178893590554e-05,-2.695416647522297e-05,-0.0005140061730151613,0.0007990264021854378,0.9750954054307908
27,32,2.0943951023931953,0.002639607792243954,0.0011123419831598558,-0.0023203125000000003,0.0012584431648742626,-0.0009218750000000002,0.0006224557589700657,0.9644583333333333
27,33,2.159844949342983,0.0004947452987586078,0.0016925134533811268,0.0003221315256081859,0.00037550524743748493,0.0011843894039905286,0.001209058943803431,0.9841231341537552
27,34,2.2252947962927703,0.0008327875843377783,0.0019359073734740125,-0.0008324576569168869,-2.3439498023612466e-05,0.0012856055340957568,-0.0014473962033159453,0.9614761251255222
27,35,2.2907446432425576,0.0008825803499734298,0.0014904601994695176,-0.0007019176310772651,0.0005350324413922039,-0.00046915530799143706,0.001414696046218471,0.9707520225204364
27,36,2.356194490192345,0.001304212023322047,0.0019867775043117568,-0.0010615351797891213,0.0007577018304371884,-0.0017665930115892013,-0.0009090841451941888,0.9580630335855611
27,37,2.421644337142132,0.001055123682840787,0.0030325448028264254,-0.0005282891947591428,-0.0009133435896705261,-0.0005209604426579134,-0.0029874618321135476,0.9390991965214689
27,38,2.4870941840919194,0.0005723247867369802,0.0026117702621313824,0.0004420877568549903,-0.00036347500155093585,0.002610031920657196,9.527473591849556e-05,0.9886134154071978
27,39,2.5525440310417067,0.000682365806023789,0.002146831651165937,0.0006325836746047575,0.00025585344995531623,0.0007111890743431567,0.00202561009056106,0.9838261926812862
27,40,2.6179938779914944,0.001292931026513425,0.0013002115879442962,0.0010554989055768429,0.0007467212998483073,0.001153959849205583,-0.0005991050323992082,0.9511615427318807
27,41,2.6834437249412812,0.00021866418963219293,0.0016158911841114673,0.00017463392584996963,-0.00013159414793117107,0.001451708363599027,-0.000709681017039201,0.9838202467069981
27,42,2.748893571891069,0.001279333116301616,0.001720402148607484,-0.0007029116932825123,-0.00106892861029758,-0.0015991867345989171,-0.0006343385064901073,0.9826738551790554
27,43,2.8143434188408563,0.0006853903474738698,0.0034761736249055743,-0.000651545681711181,0.00021271613256606642,-0.0029711409370752843,0.001804467955527214,0.953311543745786
27,44,2.8797932657906435,0.0021626728248431903,0.002477619094896873,-0.0018297331227121816,0.0011529225676363318,-0.0018494425022402877,-0.001648683963136896,0.9293396503045722
27,45,2.9452431127404313,0.0007017512956403545,0.0010996574631647231,0.0006334876977941994,0.0003019076310336014,0.000694931442127414,0.0008522422349523563,0.9646181340974808
27,46,3.010692959690218,0.0011360009994294987,0.0012769594582590935,-0.0001880646598732362,0.0011203258251114199,0.00010356868738180764,0.0012727525230897666,0.9620737597470644
27,47,3.076142806640006,0.001201140705205074,0.0022501717359850485,0.0011950624177724527,0.00012068476013317742,0.0012018545931976104,-0.0019023192103944525,0.9520847789539925
27,48,3.141592653589793,0.0016927083333333334,0.0012812499999999998,0.0016927083333333334,0.0,0.0012812499999999998,0.0,0.9617291666666666
28,0,0.0,0.0007291666666666667,0.0022083333333333334,0.0007291666666666667,0.0,0.0022083333333333334,0.0,1.1752281311310164e-32
28,1,0.06544984694978735,0.002156402944240875,0.002735662004434626,-0.0020977760793234068,0.0004994088294666312,-0.0025263781917115318,0.0010494092790478107,1.7830077047799682
28,2,0.1308996938995747,0.0016196845375869417,0.0010529211194491774,0.0007625009738317885,-0.001428975250381825,-0.0004992299557785424,-0.0009270449476888721,1.2269307799036862
28,3,0.19634954084936207,0.002752142700573631,0.003146809055817972,-0.002502183679414435,0.0011460219364361048,-0.0007841553239509782,0.0030475412485637225,0.9608646216718976
28,4,0.2617993877991494,0.0013672099190087628,0.002637633348827183,9.13776654188836e-05,-0.0013641528817909458,0.0013690816794920111,-0.002254489972859634,0.964847628139669
28,5,0.3272492347489368,0.0008177776610061587,0.0018450259215672196,0.0005017518350806098,-0.0006457595518720139,0.0007266683535926883,0.001695899099339893,0.975135875047083
28,6,0.39269908169872414,0.002559704532863197,0.0021698691302672432,-0.00017046282805622151,0.0025540222629827393,0.001343937831463897,0.0017035736402183617,0.995930811144549
28,7,0.4581489286485115,0.0012174969884455053,0.0013132462046060943,0.0002114526979164833,-0.0011989940255971736,0.001296447775026793,0.00020937707739957938,0.9788279604683363
28,8,0.5235987755982988,0.0016045157496225595,0.0024301605164246194,0.0014454994707544908,-0.00069642090063074,0.0019450718336606874,-0.0014568375672974064,0.9652037386440574
28,9,0.5890486225480862,0.002137562865691161,0.003620972243042705,0.001540966010169909,0.0014814178209684266,0.0024137120683025703,0.0026991543187110008,0.922666618221961
28,10,0.6544984694978736,0.0018875466408298759,0.0024590545722367823,-0.0015748415723446756,0.0010405317598819836,-0.002422667122121201,-0.00042146578109213416,0.9821998197196953
28,11,0.7199483164476609,0.0016548895986394142,0.0019250552712340844,0.00052360646617199,-0.001569871285254878,-0.0019132996727347805,0.0002124197721943897,0.9503575750911207
28,12,0.7853981633974483,0.0008614581549939579,0.002903701693027623,-0.0007824239413771677,-0.00036044823312843754,-0.002898704679959483,0.00017027830299974796,0.9718012070034096
28,13,0.8508480103472357,0.0005283550122934427,0.001584438784378176,-0.0005257281989091853,-5.262014716159718e-05,-0.0005613384658894318,0.0014816697972742411,0.9505067633222412
28,14,0.916297857297023,0.0009333894095715895,0.0007427074855226272,0.0006229423392744301,0.0006950961313657998,0.0002896161757539002,0.0006839129182820204,0.9726362148119939
28,15,0.9817477042468102,0.001276088360646982,0.0017192457473834018,-0.0004918075387778528,-0.001177508746880452,0.0002882788901792729,-0.001694904487389457,0.9587438165151211
28,16,1.0471975511965976,0.000948131271494676,0.0009806615362147693,4.166666666666685e-05,0.0009472152853892297,0.0009791666666666668,5.412658773652709e-05,0.986125
28,17,1.1126473981463851,0.0009522231917885195,0.0012610616362307642,0.0008340882505278825,-0.00045937544265148967,0.0011757785856373196,-0.0004558740702537451,0.9719744443191569
28,18,1.1780972450961724,0.0012238788537047337,0.0013466453995475166,-0.0007779835108822374,0.0009447862749537382,0.000858705203669012,0.0010373423761296228,0.9644487763165541
28,19,1.2435470920459597,0.001239160580603705,0.003629647918171028,-0.0011994209162528142,-0.00031130115672347095,-0.003407892808946685,-0.0012492440164406436,0.9905580171024496
28,20,1.3089969389957472,0.0008548400508770568,0.0012851212459109285,0.0008506211728355655,8.482412927543785e-05,-0.000165324227392498,-0.0012744428259159886,0.9692851738926985
28,21,1.3744467859455345,0.0015591572144725142,0.001236442935245109,-0.0015031314477496035,-0.0004142065550276474,0.0011576626040534048,0.0004342907174852238,0.9575990301399635
28,22,1.4398966328953218,0.00033778896494769754,0.0013707976705492984,0.0002585204792044546,0.00021741330840667505,0.0009936873736302253,0.0009442836740467601,0.9454973853146202
28,23,1.505346479845109,0.0017390259742048001,0.0025200629675109698,0.001327151974081984,-0.0011237788824538602,0.002092538359003848,0.0014042793797238774,0.9565651495337466
28,24,1.5707963267948966,0.001252168258351178,0.0026767793277452747,-0.0012395833333333334,0.0001770833333333334,-0.0020520833333333333,0.00171875,0.9455
28,25,1.636246173744684,0.0009582098985480579,0.0013741785882998374,-0.0007884533446691499,-0.0005445250526426769,-0.0002747515919884986,-0.0013464317120602588,0.9895896183581336
28,26,1.7016960206944713,0.0004336562521584199,0.003000815915869853,-0.0004157663546073493,-0.00012327239517670983,0.002259892795816347,0.0019742797958635953,0.9750369413544074
28,27,1.7671458676442586,0.0012526843550921245,0.0014763919682601106,-0.0012213668184939753,-0.0002783544290548958,-0.0014538965289123244,0.0002567452573265152,0.9463561020417991
28,28,1.832595714594046,0.0007715123401219814,0.0015361733855357642,0.0003185628870686248,0.0007026727388642585,0.0007682492182587553,0.0013302713291179448,0.984278177526321
28,29,1.8980455615438334,0.00263144128285941,0.0044950729032661564,-0.0009914121861669151,0.002437536687366267,-0.004073447996885233,0.0019007108728971147,0.9376355412666558
28,30,1.9634954084936205,0.001372469676649202,0.0038998243598356245,-0.0005074542000922761,0.001275211060228962,-0.003321480275243938,0.0020436239425913934,0.944347114167413
28,31,2.028945255443408,0.00010856249346180773,0.0014592251591371093,3.9788322243869195e-05,-0.00010100843726968095,0.00024263336877295116,-0.001438911780970818,0.9746787770224578
28,32,2.0943951023931953,0.002047895208008972,0.0013992107770493729,-2.0833333333333495e-05,0.002047789236031954,-0.00016666666666666644,0.0013892490852375366,0.9787083333333334
28,33,2.159844949342983,0.0004596367651718664,0.0014443236750998605,0.00043135023300824626,0.0001587543145284219,-0.0012067379290807278,0.0007936336994936165,0.9125423461974699
28,34,2.2252947962927703,0.0005039066623834264,0.0010662973447441925,-0.00043221167504804475,-0.00025906561397948547,-0.0009757059884623293,-0.0004301021407610803,0.9698111786414166
28,35,2.2907446432425576,0.0009351644137345993,0.0008990996131148217,-0.0003937635933390345,0.0008482232685303487,-0.000715926812816987,0.0005439015655363873,0.991977334899893
28,36,2.356194490192345,0.0016035142352813592,0.0020683693805931247,-0.00013424272528949894,0.0015978851002048959,-0.0017054619867071842,0.0011702783029997482,0.9607821263299234
28,37,2.421644337142132,0.0013313426178647525,0.0009547660456876039,0.001330986247554983,-3.080219087139282e-05,0.0008585157985501494,-0.00041776647261088703,0.9419650812951256
28,38,2.4870941840919194,0.0011385694101193548,0.0025615038701511258,-0.0006210168818378107,-0.0009542946788764873,-0.002561380669002746,2.5122604527445786e-05,0.958082406189257
28,39,2.5525440310417067,0.0020598173399197024,0.00190405716351686,0.00013792488319553324,-0.002055194443460126,0.0013790284729862552,0.0013129029486725467,0.9398475438097905
28,40,2.6179938779914944,0.0015366676125871423,0.0011734943381342098,0.0014815838625788426,-0.0004077457660359271,-0.00011173850032735417,-0.0011681624327025933,0.9602962613559426
28,41,2.6834437249412812,0.0008036572095267855,0.0010220182665742006,0.0006025607785261208,-0.0005317757220919124,-0.0005109782064650943,-0.0008851116368735919,0.9981366891335627
28,42,2.748893571891069,0.0019865972354520573,0.0029723203485644213,-0.0019399327943025978,-0.00042805295174203767,-0.002922829426555638,-0.0005401447933198675,0.961773298371487
28,43,2.8143434188408563,0.002095146151485356,0.0014335826164887798,-0.0020918108988572724,-0.00011817173733946714,-0.001432061456904402,-6.602349542138806e-05,0.9491641191980448
28,44,2.8797932657906435,0.0013628175207749487,0.0015078834603624478,0.0013123549413435924,-0.00036741815804643347,0.0015071599963083983,-4.670412789356826e-05,0.9647556871079791
28,45,2.9452431127404313,0.0013280996442903224,0.0017418177333168767,0.0002749150247288444,-0.001299334596761904,-0.000877225586910807,-0.0015047937685165142,0.9750465880686643
28,46,3.010692959690218,0.00043336910545487917,0.001001092136551711,0.00042070602486054013,-0.00010399626055202556,0.0009574540568310125,0.00029234772946528184,0.9203052740649266
28,47,3.076142806640006,0.0013877715643852778,0.0016506292114121782,-0.0013246880212528106,0.0004136563323166642,-0.0016431737029077725,0.00015670665473919206,0.933252682495354
28,48,3.141592653589793,4.166666666666663e-05,0.0003541666666666668,4.166666666666663e-05,0.0,0.0003541666666666668,0.0,0.980125
29,0,0.0,1.0416666666666964e-05,0.00045833333333333316,-1.0416666666666964e-05,0.0,0.00045833333333333316,0.0,1.3725974318318205e-32
29,1,0.06544984694978735,0.0024728740323267163,0.0036721922342933385,-0.0020546614240235087,0.001376035033124332,-0.000986754434956097,0.0035371332305553288,1.7923479616318003
29,2,0.1308996938995747,0.0003195394002844905,0.0024373190337637924,-1.760041273303929e-05,-0.0003190543116865818,-0.0017565795200641407,0.0016896604576181866,1.2344329619995311
29,3,0.19634954084936207,0.0015726749776369875,0.001336962839645961,-0.0015634766797022652,0.00016984480360811576,-0.0009257472322380212,0.00096460442493171,0.9849898996113718
29,4,0.2617993877991494,0.001122520470425276,0.0005660174801460565,0.0006272198594867435,0.0009309390175458395,0.00031797800631685937,0.00046825823573072036,0.9439767555541604
29,5,0.3272492347489368,0.0004768796147225574,0.002801973054398132,-0.00030357651298746485,0.0003677709446113251,-0.0023802413610434013,0.001478345041169839,0.9883437703732691
29,6,0.39269908169872414,0.0013160505235517961,0.003004794306212478,0.0009663724679769738,0.0008933718339398493,0.0002922244738311163,0.0029905507318119607,0.9545910187795427
29,7,0.4581489286485115,0.0009425075801893615,0.0009810919586428293,-0.0008434215594565835,-0.0004206668655340356,-0.0005774763153024681,-0.0007931346270200966,0.9617841153294172
29,8,0.5235987755982988,0.0008589395923364937,0.002036841245500354,-0.0007429219591217579,-0.0004310964926067842,-0.00038464193585629244,0.0020001932008064014,0.9518596415503389
29,9,0.5890486225480862,0.00041440123596721707,0.0011780922218765106,4.429486923106024e-05,-0.00041202712159633427,0.00014901713308310846,0.0011686296151020754,0.9334243360660083
29,10,0.6544984694978736,0.002593545567792715,0.0024333634301102465,-0.002411077081490181,-0.000955607617869398,-0.0022447216339964845,-0.0009394053272502008,0.9620346678601139
29,11,0.7199483164476609,0.00020654933361369027,0.0014564997850521767,-0.00018974944911414644,-8.15951823157315e-05,-0.0007350724395775749,-0.001257402136323344,0.9155073031793269
29,12,0.7853981633974483,0.001709754423470563,0.0006917472247146326,-0.00019344091837143648,-0.001698776265338309,0.0003682103790040731,0.0005856068132237477,0.9601230549502401
29,13,0.8508480103472357,0.002265901745033634,0.0031929285050430805,-0.0020956235150607194,0.0008617846606148326,-0.0019127324543377483,0.0025566084949478936,0.9292117498853184
29,14,0.916297857297023,0.0003713767866854515,0.003205227467369553,2.986178839632508e-05,0.00037017427150274024,0.0024249486712854627,-0.00209597401205528,0.9551338319270251
29,15,0.9817477042468102,0.0010111250166934007,0.004177801159355668,-0.0009259469199546394,0.0004061971206320232,-0.003999604756351088,-0.0012071388984235872,0.9722495931737827
29,16,1.0471975511965976,0.0018854166666666663,0.0009535091438995225,-0.0009427083333333333,-0.00163281873005191,-0.000765625,0.000568329171233538,0.9399375
29,17,1.1126473981463851,0.0003340379800069515,0.0019906255882656335,9.439537097341493e-06,-0.00033390457802568753,0.001937889289871686,-0.0004551651709638071,0.9592307787098379
29,18,1.1780972450961724,0.0007277847802417841,0.0030081419316675914,-0.00034796180389471765,-0.0006392130078322219,-0.002759720089772137,-0.001197022517400945,0.9740515334270489
29,19,1.2435470920459597,9.842074209096483e-05,0.0034415205758250977,-2.7317529631401652e-05,9.455366226949493e-05,0.0004479201444478922,-0.003412247268007594,0.9954714240986161
29,20,1.3089969389957472,0.0011954142376704839,0.0011097427846234464,0.00035846782708418733,-0.0011404016908838945,0.000829747313893499,0.0007369182065265616,0.9930092886291217
29,21,1.3744467859455345,0.0005702717302289489,0.001269435806721858,-0.0005490615587386353,0.00015408196200016158,-0.0003354955682387836,0.0012242997962426156,0.9733147793761651
29,22,1.4398966328953218,0.0009787459068676307,0.001116423683731911,-2.0703853056886077e-05,-0.000978526903400586,-0.0009321384879621591,-0.00061442630221789,0.9728299206645376
29,23,1.505346479845109,0.0019045059229061492,0.002393407134038504,-0.0012633944817520377,-0.0014251235714362116,0.0017184046795641152,-0.0016659781110562515,0.9397530357427105
29,24,1.5707963267948966,0.0008601480109227971,0.0009112053220262098,0.0008593749999999999,3.645833333333315e-05,-0.00016666666666666674,0.0008958333333333332,0.973
29,25,1.636246173744684,0.0014901589045234465,0.0018001262707297277,-0.0014722118985125614,0.00023057685618586726,-0.0003210087938113372,0.0017712729729962877,0.941757044630835
29,26,1.7016960206944713,0.0019012313402230372,0.0012587255465666258,-0.0010856853344795355,0.00156075877814041,-0.0011909664149846305,-0.0004074174762551402,0.971471387353234
29,27,1.7671458676442586,0.002084087076767916,0.0026742182799531274,0.0002966161330952227,-0.0020628712546202866,-0.0013887929128427196,-0.0022853222210605876,0.9423493243377652
29,28,1.832595714594046,0.0023674153750545927,0.0020625753386970458,-0.0019161530892079512,-0.001390328341350957,-0.0016650702060452048,-0.0012172749224155616,1.0016835423776667
29,29,1.8980455615438334,0.0002220219252307372,0.0012986442427770366,-0.00012272683178766447,0.00018501853972649704,0.0002595474054610466,0.0012724433243238701,0.9642845287796719
29,30,1.9634954084936205,0.0016413849879749712,0.0015302197800740932,0.0015882482255030223,0.0004142610927133965,-0.001218982106548979,0.0009250163237713264,0.9844882392519124
29,31,2.028945255443408,0.0002797451222431964,0.0009720997830509979,0.0002567228950507009,0.0001111336518595862,0.0008898346110592879,0.0003913723970450179,0.958895750672716
29,32,2.0943951023931953,0.0015002531615067875,0.0035085615770964855,0.0014739583333333334,0.0002796540366387253,0.0035052083333333333,0.00015335866525349458,0.9563125
29,33,2.159844949342983,0.001111730838682039,0.003695733787899267,0.0005653055601836288,0.0009572748201546635,-2.006967834689531e-05,0.003695679293314196,0.9644115522206184
29,34,2.2252947962927703,0.00115180327823699,0.00340809779764989,0.00013436910550539016,-0.0011439386938307307,0.00015958793485577736,-0.003404359306741064,0.9118009182318548
29,35,2.2907446432425576,0.001182272386678131,0.00047747208648481735,-0.0009477171783156086,0.0007068239853224455,-0.0004609129562073009,-0.00012465488427017857,1.0009374876072872
29,36,2.356194490192345,0.00201729270214936,0.003370657135797054,0.0017142742517047699,-0.0010633595986716425,0.0025484562876625936,-0.002206059853442919,0.9538769450497598
29,37,2.421644337142132,0.001341085560896028,0.0020394804906153246,-1.9135043594071823e-05,-0.0013409490414443299,0.0018153788234028141,-0.0009294516658445125,0.9811961046413381
29,38,2.4870941840919194,0.0015764502197401827,0.0002046870193822336,1.434089513337438e-05,-0.001576384989158944,-5.27429947555135e-05,0.00019777500450714885,1.0009227183061122
29,39,2.5525440310417067,0.0017640312819668974,0.001667168804183135,0.001752619938393165,0.00020032402577952024,0.0016564016506260865,-0.0001891702763242686,0.9837296640338004
29,40,2.6179938779914944,0.0010279643106348782,0.0014506260493569708,-0.0003820780408782419,-0.0009543201740598828,0.0007700586025229594,-0.001229359867473068,0.9478903584496609
29,41,2.6834437249412812,0.0019229612631528848,0.002050381324646672,0.0013737763532016174,-0.0013455551088567882,0.0020464502004980028,0.0001269060807901873,0.9694034712309166
29,42,2.748893571891069,0.001748613884043294,0.0022869250701590105,0.0015850077770813878,0.0007385126011521346,0.002269811055823333,0.00027925623965089925,0.929702541874831
29,43,2.8143434188408563,0.0007974027219086647,0.0028338723803827534,-0.0007947672155823147,6.477788158686278e-05,-0.0009730165472874328,-0.0026615919046692822,0.9843896713422374
29,44,2.8797932657906435,0.000506795098552802,0.0010262812169888299,0.0005033820693036872,-5.871766532043136e-05,0.0009756782191681797,0.0003182846980061769,0.9713304134390514
29,45,2.9452431127404313,0.001964700339805505,0.0016152498064611251,0.0018379819908257973,-0.0006941682984924515,0.0016142913643083139,-5.5635675535620266e-05,0.9401975178471539
29,46,3.010692959690218,0.0007570139591288243,0.0007524308079545278,-0.0007476717739421145,0.00011856244247715589,-0.000740720887711646,-0.00013222967619553003,0.9600402603242517
29,47,3.076142806640006,0.0013688414910145508,0.0028659286136724447,-0.0012139694788649083,-0.0006324595891496958,-0.0025182098517814834,-0.001368271157723183,0.9508191354780346
29,48,3.141592653589793,0.002416666666666667,0.001375,0.002416666666666667,0.0,0.001375,0.0,0.94575
30,0,0.0,0.0008645833333333332,0.000375,0.0008645833333333332,0.0,-0.000375,0.0,1.5006139952352399e-32
30,1,0.06544984694978735,0.002032391148974725,0.0026884017591127947,-0.0006566113315413045,0.0019234020229069008,-0.0008610111830501257,0.0025467948015227672,1.8024673368797217
30,2,0.1308996938995747,0.0007835333743937431,0.0010006260623871435,0.00078047235789575,6.919138204642154e-05,0.00026718522300456715,0.0009642948580887484,1.2659421799807271
30,3,0.19634954084936207,0.0009334856432987071,0.0012003516384709865,0.0009285702916364679,-9.566953399576141e-05,0.00036089028633351446,0.0011448153812777394,1.010960868204162
30,4,0.2617993877991494,0.0006333465159403107,0.002414458795559693,-0.00016958106946783993,0.0006102213288077318,-0.0016903100816532874,0.0017240832646124781,0.9795919121634883
30,5,0.3272492347489368,0.002079875936146085,0.002433261467323737,-0.001660587380205194,0.0012523312111669192,0.001186026933247375,0.002124641494929037,0.9780231056365446
30,6,0.39269908169872414,0.0009039308416802696,0.003123605627194877,0.00011964752701531723,0.0008959773634528495,0.0017610049623663416,0.0025798786089203155,0.9662297683661372
30,7,0.4581489286485115,0.0015269120146653619,0.0019697158859496846,0.0013115790319685738,-0.0007818060778926018,0.0017498745124632253,0.0009042786417881052,0.9725422891537024
30,8,0.5235987755982988,0.0019692021536562507,0.004568636532376024,-0.0013109272875089881,-0.0014694307635369362,-7.775105849101805e-05,-0.0045679748836726704,0.9271052118029854
30,9,0.5890486225480862,0.0013403796090661225,0.0021989263893159574,0.0005714401518315691,-0.0012124659373668873,0.0021903946219125016,-0.00019351657791234024,0.977970416417827
30,10,0.6544984694978736,0.0010578293741493078,0.0018353840229389017,0.00086497809507111,-0.000608946532841981,0.0005737294922457185,-0.0017434072907346857,0.9975031132628126
30,11,0.7199483164476609,0.0006490003512451796,0.0009792615814912216,0.0006007529070640325,0.00024555529025146344,0.0005342371658549163,0.0008206972009236993,0.974545262685567
30,12,0.7853981633974483,0.0010577517119606762,0.0011798344033026914,0.0001685808977507663,-0.0010442313752561196,0.0008516237501715167,-0.0008165452880033171,0.9609734983762775
30,13,0.8508480103472357,0.0010921281544650115,0.002020286432635783,-0.00043977008020675305,-0.0009996730377128803,-0.0006424664710788343,-0.0019154096437659824,0.9749492279906047
30,14,0.916297857297023,0.0018233916490982042,0.0018101555686611194,-0.0012685416980634425,-0.00130979352047389,-0.0012885607551796617,-0.001271327795246246,0.956204526495513
30,15,0.9817477042468102,0.0005181285334237469,0.00191235973314012,-0.0005137532704958919,6.719192066474793e-05,-0.001891046492627783,0.0002847154924761064,0.9492860133519541
30,16,1.0471975511965976,0.0019004993518700114,0.002443457818565958,0.0005546874999999998,-0.0018177512381517124,0.0008958333333333336,-0.002273316684934151,0.9770833333333333
30,17,1.1126473981463851,0.0007284495048523236,0.0012394264544571994,-0.00019934575514341142,0.0007006425272747141,-0.00023661242222632945,0.0012166316195367163,0.9748263301372653
30,18,1.1780972450961724,0.0012112189377353796,0.0030644102512420294,0.0010790418647842943,-0.0005501999356339965,0.0022083748870594983,0.0021245447856240137,1.0074426439389044
30,19,1.2435470920459597,0.0008125018908847145,0.00015973323044905148,0.0007973783936314543,-0.0001560353167105379,-5.299078277744505e-05,0.00015068736460076347,0.9307106754707958
30,20,1.3089969389957472,0.0022896698316826835,0.003369180113597343,-0.002050546714489486,-0.001018747323831666,-0.003309158400412523,-0.0006331234625561107,0.9447017850101713
30,21,1.3744467859455345,0.0009383521235973609,0.0012122884242766285,0.00012912209690409804,-0.0009294257323480804,0.001149104095261511,-0.00038626804409416923,0.951050708061998
30,22,1.4398966328953218,0.0009242232852319125,0.0024536330910631446,8.020261812859481e-06,-0.0009241884853022797,-0.0004233498523938844,-0.0024168347581161103,0.9655421339563083
30,23,1.505346479845109,0.0014471547830192497,0.0013301354344116296,-0.000256096590540936,-0.0014243143972904296,-0.000696045740543724,-0.0011334816279712492,0.9425730810577096
30,24,1.5707963267948966,0.0018494204234780628,0.003883754671348619,0.0016562499999999997,-0.0008229166666666667,0.003864583333333333,-0.00038541666666666656,0.9922083333333332
30,25,1.636246173744684,0.0014281169412833016,0.003529913333086654,-0.0013106381842585588,0.0005672261876392883,-0.0033261390409680043,0.001181984441205288,0.9493253647084265
30,26,1.7016960206944713,0.0005075525516640576,0.00163842676732534,0.0005072834563758065,1.652536196611595e-05,-0.00032387404524309945,0.001606097093797892,0.9372019404228572
30,27,1.7671458676442586,0.0009242239008839988,0.0018093619473599255,-0.00013739250878683145,-0.0009139546583362306,-0.00015952839001199685,-0.0018023155520979898,0.950529697668618
30,28,1.832595714594046,0.0012611938974297935,0.0015392839770490127,0.00022359723460125291,0.001241214857948786,-0.0015383703225735252,5.30274704738368e-05,0.9674930941391757
30,29,1.8980455615438334,0.000996754881409617,0.0002495930465782137,3.341052640932143e-07,0.0009967548254147416,0.00024944994101274527,8.450788657414174e-06,0.9504137522432071
30,30,1.9634954084936205,0.0018367890835486109,0.0011011746812466174,0.0018307299593472084,0.00014907029681299484,0.0009389390256876988,-0.0005753079042210565,0.9354792776098578
30,31,2.028945255443408,0.001832016473029994,0.002936221155862519,0.0018177601165098218,-0.0002281063705367692,0.002630830651395199,-0.0013038883233675122,0.9541705005312111
30,32,2.0943951023931953,0.0016393679046315724,0.003125833222251842,0.0010286458333333337,-0.0012764853607864384,0.0015000000000000005,-0.002742413778650722,0.9637916666666667
30,33,2.159844949342983,0.001429432681391179,0.003023925985659055,0.0006982765805679419,0.00124727206641515,-0.0024819794206499993,0.0017273987733624164,0.9879779199144488
30,34,2.2252947962927703,0.0016552810934882855,0.004297172742302656,0.00017727072571889678,-0.0016457614007695251,0.000732176025738705,-0.004234337237930205,0.9545745325215664
30,35,2.2907446432425576,0.0017224803751493378,0.0018034201847445714,0.0014206557604022965,-0.0009739999246459807,0.001454524853735531,-0.0010661528092209748,0.9430421527559782
30,36,2.356194490192345,0.0008034878589346389,0.002776842697042221,-0.0006269142310841,-0.000502564708589453,-0.0025807904168381837,-0.00102487862133665,0.9604431682903893
30,37,2.421644337142132,0.0008700708899504525,0.0014972643729497452,0.00030669142718868476,-0.0008142258421520041,0.000667235923045538,-0.0013403718982066741,0.9326015534742641
30,38,2.4870941840919194,0.0015984646456565328,0.0015052941062531165,-0.0012012842488423427,-0.001054516655580723,-0.0014671042892239264,-0.000336920392468498,0.9666860256203761
30,39,2.5525440310417067,0.0006703165138190509,0.0007997789689092748,-0.0006699229970096364,2.296533858127276e-05,-0.00018486059002616314,0.0007781214309892522,0.9459915401589889
30,40,2.6179938779914944,0.0009204520776993975,0.0005987178073324223,0.00012342728750898828,0.0009121390968702696,-5.582274842315637e-06,-0.0005986917829939947,0.9524364548636814
30,41,2.6834437249412812,0.0018825786698565587,0.00043784041581786,0.0016770899721399064,-0.0008552611727108026,-0.00042857458895244495,-8.959939412629629e-05,0.9312864671592552
30,42,2.748893571891069,0.0009202379509901705,0.0011986521677370273,0.0008455806488531798,-0.00036308573743349206,0.0010916811248864616,-0.0004949740809247537,0.9026816434184323
30,43,2.8143434188408563,0.0014273091130522532,0.000389434530684748,0.0014103846630443635,0.00021914927892020754,-0.00031253542397865054,0.00023233781966811837,0.9393881038640992
30,44,2.8797932657906435,0.0006249525572152357,0.001763086240474773,0.0005798638826894062,-0.00023307418630605373,0.0016420054713060025,0.0006420989982491963,0.9862965420204975
30,45,2.9452431127404313,0.00030239323303907505,0.0033340574638569373,0.00028532632201894897,0.00010015267021384593,-0.0010663074435249191,-0.0031589440653774646,0.9368995028886641
30,46,3.010692959690218,0.0007194978985159558,0.0017862042850412725,-0.0003056989499686369,-0.0006513258615754094,-0.00032020179894841924,-0.0017572696309473966,0.965512214406509
30,47,3.076142806640006,0.0012247259671725865,0.002154435425777852,-0.0008612437219837366,0.0008707542397315259,-0.001582470993845636,0.001461977276664654,0.9374681295849728
30,48,3.141592653589793,0.00040624999999999976,0.0037291666666666675,0.00040624999999999976,0.0,-0.0037291666666666675,0.0,0.9783333333333334
31,0,0.0,0.0008854166666666668,0.0002812499999999999,-0.0008854166666666668,0.0,0.0002812499999999999,0.0,1.1707856527259634e-32
31,1,0.06544984694978735,0.002844332920745708,0.002986760346471947,-0.002592865427954315,0.0011693069043485116,-0.001350332412305951,0.002664083283895835,1.796580853546361
31,2,0.1308996938995747,0.001538847788471879,0.004177957234306509,0.0013921870317282654,0.0006556430315136694,0.0005384983140669381,0.004143108279714779,1.260583397491138
31,3,0.19634954084936207,0.0014567074723299785,0.00010901640759673994,-0.001425805865752305,0.0002984531673953474,8.926707853394403e-05,-6.257767825121994e-05,0.9704100742395138
31,4,0.2617993877991494,0.000625003678981265,0.002089219249651115,5.382309504344491e-06,-0.0006249805032835149,0.0014900750291242384,-0.0014644157472156493,0.9696877018504647
31,5,0.3272492347489368,0.0018266945242596813,0.0024411777254949845,5.528253302294852e-05,-0.0018258578056636475,-0.0024304714057512703,-0.00022838001943758184,0.9972462020528794
31,6,0.39269908169872414,0.0015661391165147608,0.0010074091752968778,0.00012106685862810377,-0.0015614527043812624,0.0008125251413650817,-0.0005955469260452862,0.9744656875660364
31,7,0.4581489286485115,0.0015642840520222515,0.0001612938886666638,-0.0015108221079034399,0.0004054641213243917,-0.00013410621972243658,-8.961718782115233e-05,0.9709236305335929
31,8,0.5235987755982988,0.002609197284295582,0.004644065640546242,-0.002471026726898211,-0.0008378170345189663,-0.0037531578850858436,-0.00273516938475849,0.9587535284879186
31,9,0.5890486225480862,0.0019370687807041774,0.002627363721077872,0.0015842908913267849,0.001114566208368866,0.0019774501994035193,0.001729951106741212,0.9670407207530737
31,10,0.6544984694978736,0.0015016470129626375,0.002910935384532045,0.0010108318998865884,-0.0011104785552685302,0.002013396137995328,-0.0021023274731654493,0.959324110210527
31,11,0.7199483164476609,0.0006677960536101597,0.0018536944859674964,-0.00046770129528139493,0.000476662425212444,-0.0011893259867575786,0.0014218603815176131,0.9441561453525478
31,12,0.7853981633974483,0.003178945413158057,0.003320855733691672,0.0011079053166332875,0.0029796375197688636,-0.00013922333674056274,0.0033179360552156026,0.9312029987607234
31,13,0.8508480103472357,0.00033147040667616014,0.0022376993069368172,0.0002533295130685252,-0.00021376807130748713,-0.002051922354081602,0.00089269974856372,0.9465374849403329
31,14,0.916297857297023,0.0011956200491751194,0.002774580946304151,-0.0007163027058304221,-0.0009572970989246393,-0.002312442630325346,-0.0015332672660198663,0.9354341648596409
31,15,0.9817477042468102,0.0018600636291780125,0.0031516089516355345,0.0018559649610185758,-0.0001234129979467135,0.002971386868766205,-0.001050475635201977,0.9519334966858405
31,16,1.0471975511965976,0.000512405775552388,0.0016946543301249106,0.0002942708333333331,0.0004194810549580873,0.0005416666666666664,0.0016057554361836462,0.9637291666666666
31,17,1.1126473981463851,0.001181999693325371,0.00033061350741036156,0.00025095909898776653,0.0011550509969938641,0.00031708761242778646,9.359881050006506e-05,0.9533458688733578
31,18,1.1780972450961724,0.000568414780190932,0.0008318048920201935,-0.0003045257420623454,0.0004799577426825026,0.0007053427868057976,0.00044089786968158173,0.9490234881413221
31,19,1.2435470920459597,0.0017573117873641618,0.0024238656285989796,0.0007115279929901788,0.0016068206599370053,0.0024072431567018107,0.00028338131557290014,0.9765088739283346
31,20,1.3089969389957472,0.000708533540947886,0.001297731564943931,0.0006094614133745691,0.0003613537937473774,7.876264421381686e-05,-0.0012953392067440372,0.9895271578721921
31,21,1.3744467859455345,0.0015186604993670852,0.0017109428163188391,-0.00021839872032093557,-0.0015028744828827398,-0.0010895494401370982,-0.0013191691848318688,0.9705006099203026
31,22,1.4398966328953218,0.002610151002734246,0.002084670082543427,0.0015924605382676657,-0.0020680806781010375,0.001406506378412404,-0.0015386972283515828,0.9152172606769565
31,23,1.505346479845109,0.002329419719759681,0.003096376797458944,-0.0018225796500907412,-0.001450654903786694,-0.002601217443978028,-0.0016796479038734637,0.9590174079833623
31,24,1.5707963267948966,0.0008927393275444095,0.0030872898320281564,0.0002916666666666664,-0.0008437500000000001,-0.00015625000000000014,-0.003083333333333333,0.9991458333333334
31,25,1.636246173744684,0.0024879387909486003,0.0011653534784544126,0.0004145003946787686,-0.0024531671060728675,0.0010160554045384248,0.000570683927103311,0.9362376066028407
31,26,1.7016960206944713,0.0003426330300315785,0.002111554421656221,-7.473404183084526e-05,-0.0003343833372945579,-0.002075730994486764,-0.00038730209674481335,0.9777843244127865
31,27,1.7671458676442586,0.0017604118974811362,0.0007696275453680469,-0.0015899955838950778,0.0007556216592894129,-3.3064067772542604e-05,0.0007689169825225463,0.9514597714499707
31,28,1.832595714594046,0.0015775586252013737,0.0009270806551452615,-0.0008028442801929285,0.0013579883201665422,0.0008773270400656261,-0.00029962611020112144,0.9747672855442057
31,29,1.8980455615438334,0.0010926741116036205,0.001256321904200879,0.0010235895792457062,0.0003823625078748692,0.0011060504759717242,0.0005958163069081315,0.933578778246044
31,30,1.9634954084936205,0.00106813090997662,0.0014736872941180795,0.0009779820297249396,0.00042948200239657265,0.0013557510366442593,-0.0005776619837613372,0.9593952468498038
31,31,2.028945255443408,0.0015031667903053156,0.0028358733450863883,0.0003226381310933615,-0.0014681331805532383,0.0027985660807417546,-0.0004584817565543864,0.9608442126279885
31,32,2.0943951023931953,0.0014045804132027388,0.00040303212754485646,0.001325520833333333,0.00046458654473852687,0.0002812500000000001,-0.00028867513459481295,0.9648958333333333
31,33,2.159844949342983,0.0008345171234847679,0.0023028123582622645,0.00010108573552010261,0.0008283722010447062,-0.0009190545979156145,0.0021114647530602023,0.982529249689516
31,34,2.2252947962927703,0.0009102292021049512,0.001629780016341321,0.0003261299089776065,0.0008497979070548916,0.0015310189030043394,-0.000558716404188123,0.9411391263917482
31,35,2.2907446432425576,0.0013946336388457451,0.0005899712743037746,-0.0010032828949608336,-0.0009687241192822306,0.0005882524403855469,4.500189867181494e-05,0.9816012859180616
31,36,2.356194490192345,0.0014909275931242044,0.003574468031735078,-0.001087071983299954,-0.0010203624802311373,-0.0035274433299261037,-0.0005778972781177304,0.9670886679059431
31,37,2.421644337142132,0.0012294116886514314,0.0006573965735100504,0.0010493411850624522,0.0006405748804975826,-0.00046812535214116487,0.00046155054928519537,0.9341726823509259
31,38,2.4870941840919194,0.0008886836806216286,0.0005510986139166102,0.0006306899639362794,0.0006260901321640994,0.00036022812770492957,0.00041706759436692023,0.9567850131549939
31,39,2.5525440310417067,0.0006845714811313141,0.0016879088358577178,0.0006150046070927608,0.00030067830988117505,0.0008420459278396901,0.0014628721384916563,0.9447130311837747
31,40,2.6179938779914944,0.0006736932054702487,0.0011330413931185562,-0.0006487649397684551,0.00018156703451896626,-9.059211491415618e-05,-0.0011294139485748434,0.9795381381787481
31,41,2.6834437249412812,0.0014257880106584883,0.001766401929695901,-0.0012710932273978814,-0.0006459051467520038,-0.0017209066696710737,0.00039831647155875495,0.9803552209568198
31,42,2.748893571891069,0.0016676057439674273,0.0018222765663570039,-0.0016278564796240313,-0.00036192844466719236,-0.0013736189648151384,-0.0011974401128215387,0.9683655774428357
31,43,2.8143434188408563,0.00018456266156326786,0.0017809349705170743,-0.00016143621573522893,-8.945235766823572e-05,-0.0005408465966862844,0.001696824778244211,0.9707998765248518
31,44,2.8797932657906435,0.0011179158266852536,0.0012508666790943853,-0.0010828327760193184,-0.0002778650297026789,-0.0009669980467370148,-0.0007934621770918978,0.9871011880664674
31,45,2.9452431127404313,0.0006291595133286493,0.0017841133331768747,-0.0005054793583232387,0.00037460954542172274,-0.0017551486353847693,-0.0003201775340752065,0.9472463794113414
31,46,3.010692959690218,0.0012770758562815547,0.0007192212885224837,0.00010957073819819522,0.0012723666908670507,-0.0005864742363718297,0.000416325872287588,0.9517326028022118
31,47,3.076142806640006,0.001077223121961074,0.0006921805686057253,-0.00066805427549254,-0.0008450521519312878,-7.933406300499075e-05,-0.0006876191140467703,0.9727605362283714
31,48,3.141592653589793,0.0019270833333333332,0.0008020833333333331,0.0019270833333333332,0.0,-0.0008020833333333331,0.0,0.9581041666666666
32,0,0.0,0.0002604166666666666,0.0024062499999999995,0.0002604166666666666,0.0,0.0024062499999999995,0.0,1.1878879106321219e-32
32,1,0.06544984694978735,0.00286926071755682,0.005827963877310813,-0.0018323968451035082,0.0022079354309783128,0.0003187949122643993,0.005819238159686714,1.8640611415791675
32,2,0.1308996938995747,0.0005249964240109906,0.001791649920489679,-0.000445330517598785,0.0002780323278317219,-0.001215941703575795,0.0013158629150089559,1.2331244257976108
32,3,0.19634954084936207,0.0010949608172548541,0.002294045218674479,-5.830432557490794e-05,-0.0010934074249531476,-0.0016531516452697442,-0.0015905134715132642,1.0010187088408988
32,4,0.2617993877991494,0.0002771154245073034,0.0012479736507815303,-5.350424215749039e-06,0.0002770637678596292,-0.0008639428489519382,-0.0009005781403019893,0.9530667971236961
32,5,0.3272492347489368,0.002036140279391283,0.004198433667151492,0.00011048540151283593,0.0020331404804912424,-8.140923563394953e-05,0.00419764431483,0.9405339718229991
32,6,0.39269908169872414,0.001166181547524497,0.001167779225910511,-0.0010399273318400497,-0.0005277599324301398,-0.0005338349981048974,-0.0010386185610061552,0.9799213930089646
32,7,0.4581489286485115,0.0005693716522474227,0.0017608258541463645,-0.0003440451865261757,-0.00045367057212379223,0.0017226540751616227,-0.00036465137591860025,0.9598784007451194
32,8,0.5235987755982988,0.0003590158224011049,0.00021371293529376877,-0.0003027847146107699,-0.00019290872798402955,0.0001406446539481158,0.00016091084496606609,0.9585932667397361
32,9,0.5890486225480862,0.0018497394113723494,0.003273470582643545,0.0017958413655967246,-0.00044327156416334296,0.0029017242518641004,-0.0015151257444768066,0.9926666078113789
32,10,0.6544984694978736,0.001077388098045096,0.0034216937618125934,0.0008100582259653031,-0.0007103314609076353,0.00036911797046586085,-0.003401726050625826,1.00244273527732
32,11,0.7199483164476609,0.0022731041689684696,0.0031499759941136284,0.00024989110572266296,0.0022593266692230544,-0.0004845887430406807,0.0031124785161684883,0.9451789035800554
32,12,0.7853981633974483,0.001604045711819043,0.0015901154954453503,-0.0006407071075327495,-0.001470529512781732,-0.00143849431697401,-0.0006776439986371079,0.9447639310129325
32,13,0.8508480103472357,0.0013630761178272245,0.0004252044608626346,-0.0011272528039100718,-0.000766340406782664,8.0652852656221e-05,-0.0004174852702741711,0.9535818033932904
32,14,0.916297857297023,0.00138948854458803,0.0003725050062247827,-0.0010179705627484186,-0.0009457348195551594,-0.00010290101585125593,-0.00035801028001903093,0.9840994565719899
32,15,0.9817477042468102,0.0006282226380117592,0.002716140843890568,0.00032670068728383203,0.0005365914123788468,0.002538261297962142,0.0009667733276824035,0.9570664379420278
32,16,1.0471975511965976,0.0005898997972819903,0.0010855845999327325,0.0005781249999999999,0.00011727427342914275,0.00016145833333333312,0.0010735106567744603,0.9231250000000001
32,17,1.1126473981463851,0.0013798249871679747,0.0006234119891074,0.0012481744630926323,0.0005881985250716979,-0.0005594794840101395,0.00027500039115352744,1.031825414348411
32,18,1.1780972450961724,0.001527185602854158,0.0011042118415534052,-0.0003471409854117776,0.001487208459434103,0.0002754196770191852,0.0010693118312902978,0.9887493883429671
32,19,1.2435470920459597,0.0009783046802731541,0.0019186069467407331,0.0007320208355891455,-0.0006490189085902871,0.0019172988294741194,-7.083653421060447e-05,0.904831210899144
32,20,1.3089969389957472,0.000552214182988958,0.0018292757224192856,-0.0005445512720875123,9.167560178168673e-05,0.0012543259811707954,-0.0013315089190811006,0.9166432370670257
32,21,1.3744467859455345,0.0007849532014859678,0.0014719268222342624,0.0006377502712012035,-0.00045763098682875683,0.0013695746832614506,-0.0005392900490292317,0.9246655796652886
32,22,1.4398966328953218,0.0008358926355100832,0.0007931262374514943,0.0007188703151742532,0.0004265465602501828,-0.0005014263997915672,-0.0006145085793754484,0.9001250140591672
32,23,1.505346479845109,0.0008917175803534118,0.0019042341200195005,-0.00030540432042514633,-0.0008377878276610362,-0.0018872199486892082,0.00025398513562006637,0.941198439703265
32,24,1.5707963267948966,0.0007068381891879103,0.0019459102857731583,0.0001406249999999999,-0.0006927083333333332,-0.0012395833333333332,-0.0014999999999999992,0.9606875
32,25,1.636246173744684,0.0020645974844051736,0.0037505801682667906,-0.0020609187259586666,0.00012319406481270807,-0.002902085232120116,0.002375868873508485,0.9674872297389139
32,26,1.7016960206944713,0.0004937388424341219,0.004727499916456681,0.0004435028594727716,0.00021698676956824278,0.004499831478928291,0.0014494040573090564,0.9727281368017948
32,27,1.7671458676442586,0.00190161250555278,0.0011863869166671215,-9.410809988962602e-05,-0.0018992824399782897,0.0007619215626011212,-0.0009093896021411204,0.9532352092478864
32,28,1.832595714594046,0.0015143962461891475,0.0029409280444099087,-0.0015142826623556077,-1.8547478561624882e-05,-0.002769977828963206,0.000988069121797141,0.9480248755252604
32,29,1.8980455615438334,0.001227316948533679,0.0015502537280679249,0.0009489967956465778,-0.0007782749989628013,0.00014540138090705026,-0.001543419923358132,0.9586664812578084
32,30,1.9634954084936205,0.0013450772622280228,0.001982977385113958,0.0011826053756643282,0.0006408411400750316,-0.0019051154425278557,0.0005502131046379068,0.9352697284368486
32,31,2.028945255443408,0.0017903429284600151,0.0028921219454218507,-0.0016500662734692047,0.0006947007230788195,-0.0010572070047895701,0.002691966325237843,0.9814444454014905
32,32,2.0943951023931953,0.0011687574271897103,0.0017383353807114818,-0.0011302083333333333,-0.00029769623255090086,-0.0007656249999999995,-0.001560649946403207,0.962125
32,33,2.159844949342983,0.002771402545257315,0.003192963356761086,0.002505935998596493,-0.001183620225746806,0.0031765676368253207,-0.0003231610222366266,0.983856069497094
32,34,2.2252947962927703,0.0007101802981549271,0.003279250317060143,-0.0006915672620516531,0.00016152640015118709,-0.0030684845121042373,-0.0011566699792574678,0.9748741608950544
32,35,2.2907446432425576,0.0012284803585067108,0.0013283885441476868,-0.001215217205188958,-0.0001800309291469506,-0.000952467652424983,0.0009259705693524241,0.9594314659126343
32,36,2.356194490192345,0.0005650574825286423,0.0007960163856005646,0.0005157071075327496,-0.00023094617944839844,0.00041766098364067665,-0.0006776439986371082,1.0008610689870674
32,37,2.421644337142132,0.0009979444773816572,0.002100186735528279,-0.0006695786703495599,0.000739971340086536,-0.0002680262682251013,0.002083013740624448,0.9711403331061245
32,38,2.4870941840919194,0.0020806641592442886,0.0014101440953472703,-0.0014298602291732293,-0.0015115101946703582,-0.00010491633249043741,-0.0014062357315967786,0.9745831334308036
32,39,2.5525440310417067,0.002513816537115424,0.0036903677677326153,-0.002327314632253806,-0.0009502000761799136,-0.003225880089172452,-0.0017923481557444525,0.9322195127031411
32,40,2.6179938779914944,0.0023166284470082558,0.0026785436114632037,-0.0021972152853892302,-0.0007341746053493039,-0.002619811320614782,0.0005578391550339342,0.9404067332602638
32,41,2.6834437249412812,0.002802967172783312,0.0019596569124672144,-0.002205654333790153,-0.0017296571716769742,-0.0013804216961499152,-0.001390931757987834,0.9867047428163187
32,42,2.748893571891069,0.0011763964289099936,0.002107773205111795,0.0008294629415874989,0.0008342060815441224,0.0014968640969469016,0.0014839493790081203,0.9701428235445527
32,43,2.8143434188408563,0.0015166621164495295,0.0008306951891377519,0.0011375444162357957,-0.0010031234602799045,-0.00021741461838035016,0.0008017389730898281,0.921407337523141
32,44,2.8797932657906435,0.0006419580441645125,0.0024352263247165323,-0.0005920656413411309,-0.00024812981846372587,-0.0016620719699223171,0.0017798438188197689,0.9380150902840175
32,45,2.9452431127404313,0.0009361259811142788,0.0010384905689096212,0.0007551654017067534,0.0005532242480064018,0.0009643156352613931,0.0003854322473595646,0.9984385409589523
32,46,3.010692959690218,0.000346326604059041,0.0020021336021064243,0.00023729717095975867,-0.00025225417604781656,0.0011663871810858077,0.0016272922000926413,0.9786896038329242
32,47,3.076142806640006,0.0016601365453671254,0.00102465276481168,-0.0014332453197448728,0.0008377715695181538,0.000522184499667268,0.0008816102521769271,0.9919620115054578
32,48,3.141592653589793,0.0026249999999999997,0.0028854166666666655,-0.0026249999999999997,0.0,-0.0028854166666666655,0.0,0.9729375
33,0,0.0,0.0005208333333333333,0.0018645833333333331,0.0005208333333333333,0.0,0.0018645833333333331,0.0,1.0998343935747374e-32
33,1,0.06544984694978735,0.002989703402527949,0.003476832507490635,-0.0029556551699460656,0.00044992105025025095,-0.001134517200926909,0.0032865232398302906,1.842796642583276
33,2,0.1308996938995747,0.00047679695008309914,0.000237376785304552,-0.00036238161262296033,0.0003098627090201853,0.00012771254867156653,0.0002000930861207756,1.222109033610348
33,3,0.19634954084936207,0.0004925194528349513,0.0014557273522724887,-8.811633978567457e-05,-0.00048457292751825844,0.0009387326546007785,0.0011126199384068425,0.9970539064367787
33,4,0.2617993877991494,0.0026523370426503753,0.003095220251819084,-0.0022283466191887185,0.0014385281132343387,-0.003094943870052056,-4.136240440538267e-05,0.9878810164631066
33,5,0.3272492347489368,0.0006450457527446686,0.002150758814702923,0.000530653187478732,0.00036673044290404597,0.001859907427804574,-0.0010800499243181756,0.999553387784092
33,6,0.39269908169872414,0.002063695798186579,0.0023762283576444893,0.001572896496281941,-0.0013359779037981636,0.002243039370933838,-0.0007843695481815697,0.9727976531501891
33,7,0.4581489286485115,0.0006422657811633144,0.0013046575252957803,-0.0005395235988249495,-0.0003484531818828714,0.0012760588137039905,0.00027167105528427913,1.0259652938244497
33,8,0.5235987755982988,0.000950349948357795,0.0027816632768720034,-0.0008963638008822477,0.00031574825543713436,0.0008912798795369103,0.002635008683520979,0.9633532576968976
33,9,0.5890486225480862,0.0012639155244240986,0.0030719697957523324,-0.0004358483198182449,0.0011863889307439854,0.0007943162111918699,0.0029675006626203844,0.9684031429625165
33,10,0.6544984694978736,0.0008694930413730143,0.002482316589002514,0.0008572988524837125,0.00014510970514133178,-0.0005397526620607024,-0.00242292441314942,0.9837617478329005
33,11,0.7199483164476609,0.0009447696068769056,0.00031366431497122945,0.0006885304186431125,0.0006469277182819446,0.00031340189065110353,-1.282799371236194e-05,0.9634206272803664
33,12,0.7853981633974483,0.0012827066406275772,0.0014762389028099975,-0.0006940991005456188,-0.001078685665303775,-0.0011475679400142764,0.0009286383156111184,0.9517197751356502
33,13,0.8508480103472357,0.00179903031509501,0.0034099246095471722,0.00011214905047261651,0.0017955313044079576,-0.0007818784750694505,0.003319073951122286,0.9481467408841183
33,14,0.916297857297023,0.0021382917821092936,0.0032656716991224495,0.0021355025939627775,0.00010918066044125288,0.003029869832040034,-0.0012184007745167445,0.9440952120250609
33,15,0.9817477042468102,0.002304726444732907,0.0022075219146579696,0.0012221397813760642,0.0019540057164269637,0.0022028937155691318,0.00014287155630570195,0.9507494015911266
33,16,1.0471975511965976,0.0005246474924360588,0.0006430551805854437,-0.0001041666666666669,-0.0005142025834970103,5.729166666666668e-05,0.000640497954882241,0.9427500000000001
33,17,1.1126473981463851,0.0012444145398596146,0.002632569231165921,-0.00018046914762182687,0.0012312588817022469,0.0019913636548177524,0.0017218860447638256,0.9673217965533092
33,18,1.1780972450961724,0.0017371385983403012,0.002341534945558399,0.0013333622254536972,-0.0011134611289025183,0.0022946370085784457,0.0004662905747850108,0.9842661005802187
33,19,1.2435470920459597,0.0004157317045962219,0.002764168173418378,-0.0003780481304884254,0.00017295219351221516,-0.0027070262390400637,-0.0005591374000079964,0.9402914927259253
33,20,1.3089969389957472,0.0013750132610549975,0.002521715322825966,0.0013713007660060713,-0.0001009736462066278,-0.000396791839703883,-0.0024903020710989408,0.9788527631283248
33,21,1.3744467859455345,0.001736067822893382,0.0032023838208446497,0.0012715611954822975,0.0011819744548125385,0.0025961932254267633,0.0018748447595083053,0.9248378798003132
33,22,1.4398966328953218,0.0011209474426158992,0.0009469826673566167,-0.0002078092829909444,0.0011015164415522421,-0.0008463074737599687,-0.0004248997906940792,0.9531928050454875
33,23,1.505346479845109,0.0006523417022136619,0.0012931297361570802,0.0005118824302289061,0.00040438357294772374,0.0011732680567384068,0.0005437155336855502,0.9808069912600654
33,24,1.5707963267948966,0.0001792151097300547,0.002534248909385624,0.00014583333333333335,0.0001041666666666666,0.0002604166666666667,-0.0025208333333333337,0.9853125
33,25,1.636246173744684,0.000811263462656328,0.0005789827986499071,0.0004872392559631372,-0.0006486496074843673,0.00016054698944781084,-0.0005562784782028902,0.967711272759788
33,26,1.7016960206944713,0.00019887923557720773,0.0007097268113386282,9.139066567803143e-05,-0.00017663718909306943,-0.0005267950183287547,0.00047560399009775314,0.953073787925026
33,27,1.7671458676442586,0.0006547714057987313,0.0018579983441839336,0.0005471278495050109,-0.00035968974151019234,0.001165139922923813,0.0014472756499711208,0.9548078501119984
33,28,1.832595714594046,0.001005692634942628,0.0014695992666951458,-0.0009426751648962843,0.00035040149752192754,-0.0013952219206793547,-0.0004616035059731707,0.9770633167420785
33,29,1.8980455615438334,0.001983102184648272,0.0026805519833370092,-0.0012895003260496546,0.0015066131500403755,-0.0026261127700525984,0.000537485492212248,0.9668719414043486
33,30,1.9634954084936205,0.0012412540552845302,0.002435051146821303,-0.0008064115407240928,-0.0009436164775730057,0.0008505086458175737,-0.0022816899725916534,0.927814394868992
33,31,2.028945255443408,0.0014315182824069937,0.0016199793902154133,-0.0009004011852538542,-0.0011128891671945253,-0.0014229122919182588,-0.0007743731879595456,0.943668258436733
33,32,2.0943951023931953,0.001380679950870625,0.0007439717223195453,0.0013802083333333333,-3.60843918243516e-05,-0.0002135416666666668,-0.0007126667385309439,0.9616666666666666
33,33,2.159844949342983,0.0013523481820773894,0.0004721256031848479,-0.0006582176892863086,0.0011813530713036694,-0.0001894004483711676,0.00043246971609519334,0.958736229536215
33,34,2.2252947962927703,0.0014585954364828002,0.00260677184053225,0.0013951352940196355,-0.000425556293231807,0.002181508567748261,-0.0014269827600335,0.9669282703718206
33,35,2.2907446432425576,0.001524528757370962,0.0023698909960259747,0.00047695792967567224,0.001447998296052363,0.0013582130808851057,0.0019420712036270905,0.9150100683235621
33,36,2.356194490192345,0.0003439993446068121,0.0024379839164420953,0.00020451576721228565,-0.00027660233197044173,0.0008559012733476098,0.002282804982277785,0.9569052248643493
33,37,2.421644337142132,0.0007210141074449916,0.0013108466334643487,-0.0005987591790088185,-0.0004016824475719389,0.0004337358383558794,-0.0012370093447466512,0.9532530069378513
33,38,2.4870941840919194,0.0008600195383479868,0.0001232213813233271,0.0006216246520129348,0.0005943201143744691,5.593777173350451e-05,-0.0001097928709375938,0.929925811013811
33,39,2.5525440310417067,0.0013116663634374338,0.0027466878331172187,-0.0011967501171940456,0.0005368964574005124,-0.002179129821949476,0.0016720308823955999,0.9386835563804752
33,40,2.6179938779914944,0.002540223957338037,0.005049213233288214,0.0018911554675489141,-0.0016959565887704683,0.004535803453796423,-0.002218342016854313,0.9571467423031025
33,41,2.6834437249412812,0.0011489656459282098,0.0013005344986876284,-7.453251773969188e-06,0.001148941471338389,-0.0011599893495706712,-0.0005880601084577087,0.9259884107007817
33,42,2.748893571891069,0.002591399158037293,0.0033983059992487978,0.002504319485655121,-0.0006661332524686512,0.003111814974670143,-0.0013656834288915676,0.968038518067273
33,43,2.8143434188408563,0.0009448215182113693,0.0025604515505238397,0.0007543794814521026,0.0005688578901969223,0.0012873223793889916,0.00221330369224474,0.9507604734078772
33,44,2.8797932657906435,0.0015337591365540584,0.0037674673414221965,0.0011955543514122653,-0.0009607636971608828,0.0022411242971019604,-0.003028394302864486,0.973952903666492
33,45,2.9452431127404313,9.246927364868509e-05,0.0003169070891271789,8.810363972090058e-05,-2.8076952061168577e-05,0.00017125454060828833,0.00026664955552204816,0.9752280331805765
33,46,3.010692959690218,0.002451859121328056,0.005505281412709112,0.0013025721707901469,-0.0020772382845313225,0.0016428264339560597,-0.005254449994149307,0.9662466655088785
33,47,3.076142806640006,0.0016816053216003465,0.0008541868432505634,0.0012880182350532845,-0.0010811130763268137,0.0007286181947843366,0.00044581463570813495,0.9864335951334545
33,48,3.141592653589793,0.0005416666666666666,0.0048020833333333336,-0.0005416666666666666,0.0,-0.0048020833333333336,0.0,1.0268125
34,0,0.0,0.0008281249999999995,0.0010625,-0.0008281249999999995,0.0,-0.0010625,0.0,9.978371437199894e-33
34,1,0.06544984694978735,0.0020498546427378194,0.00494329694494525,-0.0017790328685452046,0.0010183055086709562,-0.001324605674673757,0.0047625208128182625,1.8063416554977183
34,2,0.1308996938995747,0.0018774441794676018,0.0021297608193966045,-0.0004965257047092931,0.0018105962751479737,-0.001863383879010282,0.0010313494399482115,1.2341977458395081
34,3,0.19634954084936207,0.0009670458770436665,0.0027920251384558246,-0.0005830341482778243,-0.0007715237587068242,-0.002791876395034327,-2.8819587425842293e-05,0.9936544265290929
34,4,0.2617993877991494,0.0003861113527560808,0.0014824970063481084,0.00021065069618018606,-0.0003235865586298875,0.0012718377667184295,-0.0007617257176830653,0.9598105609093924
34,5,0.3272492347489368,0.001410162976708772,0.0008269229020795038,0.0012393605474839298,0.000672714690058481,0.0004844358381795205,0.0006701666991658822,0.991920616840738
34,6,0.39269908169872414,0.0010569036863689514,0.003267503996312265,0.0003542361557384682,0.0009957721366999131,0.001017448908847629,0.003105057178829625,0.9647876259786102
34,7,0.4581489286485115,0.0027983181566663064,0.003656384391637342,-0.0024485084879267757,0.0013547659172266067,-0.002419053011632772,0.0027417748533239542,0.9456880055556315
34,8,0.5235987755982988,0.0001488867056047997,0.0005039044350495808,-4.2958441129749826e-05,0.00014255463318164061,-2.8131422810387354e-05,-0.0005031185771896128,0.9460251633998545
34,9,0.5890486225480862,0.001494944717398826,0.004885913008354007,0.001482368521097675,-0.00019350265046594916,0.0036586110022018025,0.003238319233764767,0.966623278497153
34,10,0.6544984694978736,0.0007181744742412012,0.002155503079452092,0.0007181737248085562,1.037519267278221e-06,-0.0012476110634652956,-0.001757742916312407,0.9661117362066151
34,11,0.7199483164476609,0.0013440967141907687,0.00170381859329844,-0.0009024720627025053,0.0009960623239235115,-0.0002852176563791707,0.001679776380164648,0.9570133080950002
34,12,0.7853981633974483,0.0002875614391904033,0.0003514607429383833,0.000111839000340723,0.0002649219117250285,0.00022405904158206313,0.0002707807225637151,0.969249640751196
34,13,0.8508480103472357,0.00043819858035616183,0.0020495957907960423,-0.0002052607815120266,0.0003871511428360088,-0.0006313668215355506,0.0019499279069527032,0.9467071666900342
34,14,0.916297857297023,0.00024436699238012603,0.0011443381395612078,-0.00016974008365895968,0.00017579400150277583,0.0006401937729994213,-0.000948504987159884,0.9796357159787665
34,15,0.9817477042468102,0.0017514705575127976,0.0011906664879612124,-0.001020464354406589,-0.0014234822145779463,-0.0009823950746742569,0.0006727455706354738,0.9526344263251539
34,16,1.0471975511965976,0.00040427538271510424,0.00039583333333333365,0.0004036458333333328,2.2552744890219863e-05,-0.00019791666666666747,0.0003428017223313402,0.977125
34,17,1.1126473981463851,0.0022409366005160317,0.002960822351682015,-0.0016323878636629783,0.001535287175123327,-0.002784116549350641,0.0010075534913103622,0.9513211203381117
34,18,1.1780972450961724,0.0016104127627909757,0.003236626464793964,-0.0013457873224456598,-0.0008844691907040094,-0.0028446523891499194,0.001543924757722451,0.9663194130756908
34,19,1.2435470920459597,0.0011954528174960102,0.0019340346604813416,-0.0005345545022433851,-0.0010692796280629665,0.001632603564216449,-0.0010368682028353098,0.9354395615189363
34,20,1.3089969389957472,0.0024658116178145266,0.002689562393056032,-0.0013890055098840074,-0.0020373734630796,-0.0014170093873447827,-0.0022860074939330477,0.8923023226513931
34,21,1.3744467859455345,0.0005696697089719948,0.0002413966173297521,-0.0004496333603372855,0.00034979053530940205,-0.00021810976177032032,0.00010344302141150409,0.9297850551947757
34,22,1.4398966328953218,0.0015575951272430507,0.0013544812965122191,-0.0012230039432553493,-0.0009645537492504821,-0.0012885973235548223,-0.00041729668142554224,0.9993994255652784
34,23,1.505346479845109,0.0009970080424951161,0.0020284949402017798,-0.0009643318061697767,-0.0002531584571158534,-0.0011760148512329365,-0.0016528099685395765,0.9421383423104812
34,24,1.5707963267948966,0.0010834960815252425,0.0007365695637359871,0.00015104166666666678,0.0010729166666666665,-0.0005208333333333332,-0.0005208333333333335,0.985375
34,25,1.636246173744684,0.0006036817800771197,0.0022153739816385067,0.0003219691182243059,-0.0005106540693139953,0.0021969973349606196,0.000284753557829898,0.9407677756145185
34,26,1.7016960206944713,0.0005281438236996064,0.0015785497106790489,-0.0001426560995414995,-0.0005085126702213493,-0.0015124037432605393,0.0004521660164767115,0.9556314810862396
34,27,1.7671458676442586,0.0023740106794348285,0.002898116476399734,-0.002054499127895828,-0.0011895209285867558,-0.0027771635964453922,0.0008285176337037757,0.9756189785791718
34,28,1.832595714594046,0.002191176487530401,0.0014335137788393806,0.0014028144979239207,-0.0016832604919977548,0.0014301241879515543,-9.852188162163752e-05,0.9670871633142123
34,29,1.8980455615438334,0.001736141549201659,0.001121658056586213,0.0012358818974585399,-0.001219337284921041,0.0008167618629755123,-0.0007687762061182244,0.9618716426023348
34,30,1.9634954084936205,0.0007884161264445519,0.002683413402881399,-0.00033434698191698025,-0.0007140112633011038,-0.0013967925644978948,-0.0022912175851557454,0.9393476744771329
34,31,2.028945255443408,0.0013671530271095304,0.001087192999023484,-0.0009412270025911867,0.0009915639813587234,-0.0002603215483807423,0.0010555668186213178,0.9662468671770529
34,32,2.0943951023931953,0.0015319673064804612,0.0015347536447260844,-0.00041406249999999977,-0.0014749495158203718,0.0015,-0.00032475952641916465,0.9102916666666667
34,33,2.159844949342983,0.001393058347606579,0.0032081838268282667,-0.001091700836391912,0.0008653327935872831,0.0005701005804216882,0.003157123500106595,0.9834422748614292
34,34,2.2252947962927703,0.0006100579547579756,0.0015514532231675634,-0.00013373782739397726,-0.0005952183647094762,-0.0006402237424920417,-0.0014131951964348397,0.9977345065743912
34,35,2.2907446432425576,0.00024037929127271483,0.002351757167173957,0.00022869067597329975,-7.404578580613417e-05,0.0022312894606477257,0.0007430404539165117,0.9854631880485374
34,36,2.356194490192345,0.0011391097425166284,0.0024434932727451855,0.0004506609996592772,0.0010461719117250282,-0.0016615590415820633,0.0017916140558970487,0.966833692582138
34,37,2.421644337142132,0.0024620126111816482,0.0033921593767459604,-0.0012615034959106773,0.0021142646540635865,-0.0020078145074687026,0.0027341225541009963,0.9267517666317432
34,38,2.4870941840919194,0.0010218108286770909,0.0019901466060740533,8.764083877932426e-05,0.0010180454081129288,-0.0005280803877845911,0.001918805518468547,0.9740145513040036
34,39,2.5525440310417067,0.0005343380816691494,0.0022714758396333596,0.0005252707542278448,9.801948925993035e-05,-0.0016518570369176155,-0.0015591570862564911,0.9997873339086385
34,40,2.6179938779914944,0.0022223954455171248,0.0029876749903754826,0.002095041774463083,-0.0007415129665149739,0.0018302147561437207,-0.0023614647561437203,0.9689748366001453
34,41,2.6834437249412812,0.0011839009065726764,0.0016669230879529189,-0.0010113052062963365,0.0006155348376018448,-0.0011959822176072729,-0.0011611456051321403,0.9835203641461173
34,42,2.748893571891069,0.002261942648285034,0.0031376545280482736,-0.0020491018513758277,0.0009578967307694856,-0.002401003955199814,0.002019914835951428,0.9573786198018966
34,43,2.8143434188408563,0.0011264080874948761,0.0016269369550584428,-0.0011159935048565333,-0.00015281909792920286,-0.0003026401019130218,0.0015985408422836474,0.9707269721054645
34,44,2.8797932657906435,0.002470097393558026,0.006526192303183186,0.001463040315779901,-0.0019901995297117326,0.0022775474326747988,-0.006115877996661141,0.9687166197916662
34,45,2.9452431127404313,0.0015411023891385954,0.003341160237430503,0.0005666925519839197,-0.0014331280910423322,0.00019269028221842194,-0.00333559922462595,0.9727875594379153
34,46,3.010692959690218,0.0007222738838713114,0.0014734507094854425,-0.0007026509050288016,-0.00016721623421412968,0.000940106366568151,0.001134573493794555,0.9889415041118633
34,47,3.076142806640006,0.0017559842213129538,0.004620334259060624,-0.00172932465672269,-0.00030482259947551594,-0.004474955120805259,-0.001149897966007452,0.9867483134942422
34,48,3.141592653589793,0.0004322916666666664,0.003104166666666667,-0.0004322916666666664,0.0,-0.003104166666666667,0.0,0.96475
35,0,0.0,0.002494791666666667,0.0013437500000000005,-0.002494791666666667,0.0,-0.0013437500000000005,0.0,1.1645456397061486e-32
35,1,0.06544984694978735,0.0011941987444570343,0.004785980310381262,-0.0011663320187525934,0.00025647663303945864,0.00101006678030034,0.004678180482911153,1.7340967303507815
35,2,0.1308996938995747,0.0020595027728874354,0.0029862782646215926,0.0002313216260253709,0.002046470614708165,-0.0004903014828843274,0.0029457532703253985,1.241723893388781
35,3,0.19634954084936207,0.0007399587039423342,0.0011783166326640242,0.0007390008559133546,-3.763799276460412e-05,8.613490451124474e-05,0.0011751641864171678,0.9855946349808004
35,4,0.2617993877991494,0.0008618236731488906,0.0009791957528739535,-0.0007233928771756429,0.00046844721031445073,-0.00015302291840092278,0.0009671650887467213,0.9560755522352934
35,5,0.3272492347489368,0.002175303771079232,0.0020119066497310116,-0.0018146204685978357,-0.0011996245460215039,-0.0008086438644309777,-0.0018422441390190385,0.9644601852819988
35,6,0.39269908169872414,0.0019698765361255634,0.0011895281016938448,0.0018094141615020267,-0.0007787386979815276,0.0004924076590060082,-0.0010828258410619802,0.9723102576323992
35,7,0.4581489286485115,0.0016666176278300273,0.0015292559062594193,0.001411486118102932,0.000886183533923139,0.001324743973791477,-0.0007639875854570444,0.9823077516874174
35,8,0.5235987755982988,0.0016226966634940825,0.003379082238317123,-0.0013634346610139772,0.0008798808935648781,0.0032179949231377417,-0.0010308760584910185,0.9790870688932555
35,9,0.5890486225480862,0.0015566309701297125,0.0028672820245620742,0.00042708870874640575,0.00149689519072923,0.0003484918605687147,0.002846025233811911,0.9996001877084516
35,10,0.6544984694978736,0.0006469169831280722,0.0013303679649393312,-0.00040503470625485405,0.0005044288550316789,0.0003828865415751943,-0.0012740788116978497,0.9476216268309844
35,11,0.7199483164476609,0.003241278479370941,0.0026358900396895673,0.0005529117014243289,-0.0031937712553126362,0.0013584795334610693,-0.0022588602565236445,0.9696735527902595
35,12,0.7853981633974483,0.0008617308884904119,0.002042615328315112,-0.0008417273559983412,-0.0001845946433202126,-0.0011440615252204308,0.0016921585640767103,0.9589840112379034
35,13,0.8508480103472357,0.0028123732704986157,0.004477734437747052,-0.0009079178431914735,-0.0026617904881169035,-0.001621509007127503,-0.004173824892684201,1.0137875834656713
35,14,0.916297857297023,0.00045156797571289464,0.0001750335275794695,0.000419534273648468,0.00016704678962402658,0.0001578519585139515,-7.562734274204437e-05,0.9900820649020149
35,15,0.9817477042468102,0.0014953639226382316,0.002435383757239758,0.0014770153930219604,-0.00023353541466806095,0.0015037291397477636,-0.0019156964058275757,0.9608987953601472
35,16,1.0471975511965976,0.001008306968491408,0.0026614736219391275,-0.00096875,-0.000279654036638725,-0.002286458333333333,0.0013621857913692736,0.9366249999999999
35,17,1.1126473981463851,0.0021257216296250545,0.002097706158340546,0.001106173608862827,-0.0018152334267832297,0.0016685285319005254,-0.0012713707818625254,0.9518000775547034
35,18,1.1780972450961724,0.0029832309607505047,0.003488252609424481,-3.5719262318606606e-07,-0.0029832309393665467,0.0006874295504279884,-0.0034198460316738058,0.9641588668810553
35,19,1.2435470920459597,0.0015788959621581779,0.00030428018142325997,0.0014774724128706605,-0.0005567654160645635,-9.034644915559731e-05,-0.0002905579940940312,0.9303994285817695
35,20,1.3089969389957472,0.0008758642331790463,0.0015062308813966795,0.0004572417286629672,0.0007470395950226603,0.0010227375420882178,0.0011057754691058983,0.9893396047034715
35,21,1.3744467859455345,0.001586860481082392,0.0024824065661433587,-0.00015535500677549288,-0.0015792374768510364,-0.001079022529243984,-0.002235632514751827,0.9486944923070343
35,22,1.4398966328953218,0.001470512339842151,0.003841861636128213,-0.0010503055746493872,0.0010292058790584409,-0.0038317306707668,0.0002788205477699951,0.9706491716226874
35,23,1.505346479845109,0.0011088601558501482,0.0008586239911145347,-0.0009599119115588449,-0.000555103564462938,-0.0003164924668295003,-0.0007981651937773471,0.9753001251671279
35,24,1.5707963267948966,0.0017750027508781502,0.0008893295891038121,-0.0010625,-0.001421875,-0.00020833333333333316,-0.0008645833333333332,0.9781875000000001
35,25,1.636246173744684,0.0006020091043987803,0.0014157860859154423,-0.0005259441013360257,0.00029291255358700826,0.0008371725916648637,-0.0011417496629458246,1.0096748832020541
35,26,1.7016960206944713,0.00144625377716999,0.0013128172192441705,0.00019042789531673802,-0.001433662165457295,0.0011114920149554943,-0.0006986233261451927,0.9414245014055896
35,27,1.7671458676442586,0.002001318062522627,0.001865350682573239,0.0009743011619065788,0.0017481450835919803,-0.0001767825739621642,0.001856954789573446,0.9897627496814329
35,28,1.832595714594046,0.002235678575745032,0.0008445591007388759,-0.002102073088742819,-0.0007612801216559911,-0.00021093172952135975,0.0008177945219442269,0.9502297297796893
35,29,1.8980455615438334,0.0007200700945800299,0.0019511709901635823,0.0003956233928374756,-0.000601650290574398,-0.0011712219417429174,-0.0015605471463675438,0.973962735727
35,30,1.9634954084936205,0.001661292791479438,0.003189808368757534,-2.2263358160707865e-05,0.0016611436066472252,-0.0007749505947358356,0.0030942412648522055,0.964700224047362
35,31,2.028945255443408,0.001074778031664579,0.000866638853379714,0.0002882327815493067,0.0010354079780401232,-0.0005437092004140459,-0.0006748653255075595,0.9569404236557947
35,32,2.0943951023931953,0.0007505604098401702,0.002029165597193421,5.208333333333345e-05,0.0007487511303552959,0.0002656250000000001,0.0020117048442076023,0.9071250000000001
35,33,2.159844949342983,0.0004940320622710457,0.0008135976348867327,-0.00023482764716732836,-0.00043465348805414995,-0.0006988663381136831,-0.00041656566462546613,0.9396918875767984
35,34,2.2252947962927703,0.001769385119803152,0.0013848992441288812,-0.00088315256128858,0.001533220550237387,-0.0013687995205505423,-0.00021055590452265086,0.9849741112490161
35,35,2.2907446432425576,0.0007700517570946186,0.002113081469855213,0.0004812799988004598,-0.0006011233412197025,0.0010974811942607275,-0.0018057265370175837,0.9392594853077362
35,36,2.356194490192345,0.0022594055336315477,0.004639596566630304,-0.0017624393106683255,-0.001413761309986879,-0.004605938474779569,-0.0005578414359232897,0.950557655428763
35,37,2.421644337142132,0.0015987195575681704,0.0010910567836203537,0.0007121257573432382,-0.0014313563949901805,0.00015929029646605852,-0.0010793662522683143,0.9728431232613111
35,38,2.4870941840919194,0.000712284131123778,0.001553174210710151,-0.0006633448891229976,0.0002594652992697742,0.00045065628465304117,-0.001486357642668082,0.9267210604350858
35,39,2.5525440310417067,0.0023316105518342437,0.0008673533398125327,0.0015150827621680774,0.0017722674711244729,0.0008126355954669375,0.00030319169689167064,0.9403251106388314
35,40,2.6179938779914944,0.0009522246795628147,0.0011853918850465394,-0.00013656533898602271,-0.000942380893564878,-0.0006971615898044082,-0.000958707274842315,0.9516629311067448
35,41,2.6834437249412812,0.0021040482103812518,0.0008161934605339338,0.0021027528543629773,-7.381940853799343e-05,0.0006873706382927664,0.00044010609020025287,0.9756274235525436
35,42,2.748893571891069,0.0020300636789815306,0.0014165317205749393,-0.0018909602773847993,-0.0007385308186344224,-0.0014048866146981608,0.00018126145546403178,0.9862473181058512
35,43,2.8143434188408563,0.001790597876140005,0.001686225560661841,0.00031207165791987193,-0.0017631937030174079,0.0013908100664893187,-0.0009534170128444933,0.9566384191054667
35,44,2.8797932657906435,0.0019867729495908265,0.002908046350951817,0.0017848909039221612,0.0008726002603264352,0.0028412171058340647,-0.000619853964091608,0.9606884466148791
35,45,2.9452431127404313,0.003268006586905042,0.0023580011151722326,0.0010076937721864444,-0.0031087650785402545,-4.632005897482919e-05,-0.002357546120713243,0.9829321417464976
35,46,3.010692959690218,0.0019571644629791823,0.004763054748880524,-0.0010477793970080918,0.0016530732199010276,-0.003662055125496011,0.0030456596655998357,0.9776369034991707
35,47,3.076142806640006,0.0011890478005442046,0.002289864018484312,-0.0003404039406373051,0.001139280399716244,-0.0022320206769266045,0.0005114302698523273,0.9562280713083648
35,48,3.141592653589793,0.000703125,0.0012395833333333334,0.000703125,0.0,-0.0012395833333333334,0.0,0.9275625000000001
36,0,0.0,0.0006197916666666667,0.0017187500000000007,-0.0006197916666666667,0.0,-0.0017187500000000007,0.0,1.0421848905727463e-32
36,1,0.06544984694978735,0.0017066407833901869,0.0016467141257176538,-0.0014431088541147748,-0.000911076066366696,0.00016916749409554357,0.001638001761531254,1.7731467697710988
36,2,0.1308996938995747,0.0006740953112732915,0.0011600356550481778,-0.0005570598811431059,0.00037959027582574415,-0.001024508088871873,0.0005441193773604812,1.1976908729144524
36,3,0.19634954084936207,0.0006824823260667694,0.0016071036424216592,-0.00010528980179144774,-0.0006743116364354287,0.0007159733044739223,0.0014388065696144346,1.0051226498656791
36,4,0.2617993877991494,0.0009785050551995448,0.0003052820418892381,-0.0008748282177107274,-0.0004383465895249287,-0.0001952956552449623,-0.0002346417101508241,0.9841591265317707
36,5,0.3272492347489368,0.00043781128609475783,0.002203195757504887,0.0001653382506824707,-0.0004053911507337159,-0.0004413836407385573,0.0021585300617725737,0.9686927232337151
36,6,0.39269908169872414,0.001120669820760953,0.0025160325095560164,0.0005413748453230828,0.000981230922879928,0.002464846470609393,0.000504927188282789,1.0220426746897069
36,7,0.4581489286485115,0.0012166371631446562,0.001563101754000282,-0.0008886914933834922,0.0008309232313111093,-0.0007056702914487274,0.0013947460461049624,0.9906180874312674
36,8,0.5235987755982988,0.0007063420200857178,0.0005690301126982234,0.00054456782838723,0.000449849896770455,0.0003247595264191642,-0.00046725423396407333,0.9647654370654534
36,9,0.5890486225480862,0.00227008760200558,0.0014347190694086929,-0.0020865978701329873,-0.0008940956599469238,-0.00047552835329404584,-0.001353621658122534,0.9779046054472579
36,10,0.6544984694978736,0.002580515989343626,0.0017503750823588129,-0.0025375653365224253,0.0004688549180054994,-0.001673451916191343,0.0005131974406971879,0.9872601346950427
36,11,0.7199483164476609,0.0006718575718568509,0.0011070905282787584,0.0006705411610432894,-4.203746196074589e-05,0.0004073819224582898,0.0010294121657813881,0.9795945696791285
36,12,0.7853981633974483,0.0023213883103057427,0.0018393862275161372,-0.0007045978747450357,0.002211873758180817,-0.0003193422317655458,0.0018114530722563714,0.9321035714437559
36,13,0.8508480103472357,0.0027120146341524857,0.0028041236128804447,0.0020617427369494833,-0.001761885428310619,0.0028040769287911932,-1.618065927660884e-05,0.9193368080572949
36,14,0.916297857297023,0.0012726022075125589,0.003372071765993655,-0.0004932354129119479,0.00117313051533724,-0.0005281692012303899,0.003330451214157508,0.9616540999542296
36,15,0.9817477042468102,0.0009243875283841024,0.0008848277098409348,0.0009142614084976964,-0.00013644918308248667,0.000546764254564562,0.0006956787520348831,0.9303790718434257
36,16,1.0471975511965976,0.0014488437529582372,0.0013025832373701792,-0.001385416666666666,0.00042399160393613144,-0.0013020833333333328,3.6084391824351565e-05,0.9627291666666666
36,17,1.1126473981463851,0.0016055235105234917,0.0014304922875021061,-0.0010682242029862092,0.001198583662077101,-0.0004678142757874109,0.0013518350446605934,0.9802165845662011
36,18,1.1780972450961724,0.0019251848286582268,0.00385429052029387,-1.952917429549981e-05,-0.001925085773633773,0.0014758904619477167,-0.003560520012464323,1.0223085094448294
36,19,1.2435470920459597,0.0028924256369879152,0.0016667195505583989,-0.002891585798171923,6.969675254549866e-05,-0.001633379667867869,0.00033170004644172323,0.9701523237543624
36,20,1.3089969389957472,0.0012583940181057885,0.0014592065573815493,0.0008383818299703699,0.0009384409475187904,-0.0009815272885427902,0.0010797629179366882,0.9686078583947535
36,21,1.3744467859455345,0.002551900312707931,0.0012519060787568627,-0.0024972996769757746,-0.0005250614529514883,-0.0007496964885955567,0.0010026086001106694,0.9157420584880519
36,22,1.4398966328953218,0.0006570577080928625,0.001997945207538584,-0.0004482521361248373,0.00048041113041203114,-0.0018149602652076866,0.0008352869495231203,0.9213942080151957
36,23,1.505346479845109,0.000795426726278251,0.0020384801232916825,-0.0003389233553559373,-0.0007196072790571317,-0.0020239436488119007,-0.00024300888767541537,1.0081251750347098
36,24,1.5707963267948966,0.002048173358361732,0.0028376384266283433,-0.0015937499999999997,-0.0012864583333333332,-0.00015624999999999992,-0.0028333333333333335,0.9824791666666667
36,25,1.636246173744684,0.0023073621839490416,0.0035273565955070674,0.00010340259129346479,0.0023050440672646344,-0.0021147433790565597,0.0028231374377815283,0.9616098270528308
36,26,1.7016960206944713,0.00010097833144705919,0.003002398630129816,-0.00010047881736077059,1.0031484616598342e-05,0.0010124198570511539,0.002826553301682796,0.9362993248257755
36,27,1.7671458676442586,0.0021717595796166183,0.0032220249648865144,-0.001159583996434559,0.0018362746599758454,-0.0005089569848362387,0.003181573142635314,0.9266534204306844
36,28,1.832595714594046,0.0017685211376040988,0.002193061715354757,-0.00031491125212604917,-0.0017402580031239334,-0.00171618898347318,-0.0013653626113088206,0.9454358409937975
36,29,1.8980455615438334,0.0008729188276874033,0.0014024192326226623,-0.0004517506566321026,-0.0007469328108763295,0.0002029182579607952,-0.0013876613003957748,0.9930164263187474
36,30,1.9634954084936205,0.002058747216398872,0.0017738620622905284,0.0019079069997898941,0.0007735185719702073,-0.0016186574149140859,0.0007256271695418074,0.9394271056471898
36,31,2.028945255443408,0.000602630505535656,0.0017047306854277191,9.388516707938425e-05,-0.0005952722919846316,0.00023368830581476215,-0.0016886374642190926,0.9485629869435751
36,32,2.0943951023931953,0.0006325284427618867,0.0010672382095077617,3.6458333333333506e-05,-0.0006314768569261528,-0.00034375000000000014,-0.001010362971081845,0.9932291666666666
36,33,2.159844949342983,0.0006919077427346851,0.0012080003593734196,0.0005505840133525083,-0.0004190388629910741,0.0002922775538467974,-0.0011721086552720457,0.9589612563368689
36,34,2.2252947962927703,0.0025385897024121427,0.003953170220455924,-0.001273879240666219,0.002195829992825635,-0.0035698059087670682,0.0016982463206588333,0.9667011379886273
36,35,2.2907446432425576,0.0019502855560286157,0.004948887393306054,0.0018839400483487583,-0.0005043645945955415,0.004939454725807837,0.00030540701255573233,0.9340346218253995
36,36,2.356194490192345,0.0014272322222567966,0.0016178100468505626,0.0013504312080783688,0.00046187375818081665,-0.00020149110156778748,-0.0016052135944102952,0.9554380952229108
36,37,2.421644337142132,0.0010115588594395248,0.0016403009280875206,0.0005105507864318435,0.0008732635458923145,-0.00010562250196276438,0.001636896765762553,0.9369887324889216
36,38,2.4870941840919194,0.0036307619691066974,0.0025502707844807966,-0.0033874933149692955,0.0013066451382643552,-0.002531590197124601,-0.00030811061000705746,0.9826304776581778
36,39,2.5525440310417067,0.002377121660553646,0.002420927605578298,-0.0013603009743476916,-0.001949432904272944,-0.0009632383835423876,-0.002221049816623148,0.9988450915831053
36,40,2.6179938779914944,0.001544583461233734,0.00037062008139270616,-0.0005289428283872301,0.0014511917698962116,-0.0003247595264191644,-0.00017857909936926049,0.9576928962678802
36,41,2.6834437249412812,0.0005749214978889887,0.0009722109345737223,0.0004238513612607508,0.00038843886557903413,0.000937734190266972,0.00025660999534128995,0.9607593115154485
36,42,2.748893571891069,0.0009036454124690546,0.0027443738239445476,0.0007577473291825221,0.0004923352684839085,0.0009279204823569757,0.002582741036955586,0.9591383768849416
36,43,2.8143434188408563,0.001627869138830634,0.003612047500993416,0.0010566813186580841,0.0012382982370803095,0.0004670166299517157,0.0035817289982327423,0.9765649820940828
36,44,2.8797932657906435,0.001254302923580711,0.0032916845095543215,-0.0008569756934669272,-0.0009158976388822049,-0.0019611547394057342,-0.0026436828475719814,0.9503805074130168
36,45,2.9452431127404313,0.0017520011245902819,0.000962254418187382,-0.000547439768834411,0.0016642769120744718,-0.0009409282359503857,0.00020146369427872734,0.9542251793382633
36,46,3.010692959690218,0.0009022805381207647,0.0010547036772949852,-0.0004520358603014,-0.0007808801127401504,0.00038006572034180857,-0.000983844446607606,0.9667030772818319
36,47,3.076142806640006,0.0017796548276049343,0.0028209167994996316,-0.001595982394436424,0.0007874080911868555,-0.0015855477161399838,0.002333154523288701,0.9512467368998808
36,48,3.141592653589793,0.0007760416666666663,0.0009270833333333333,-0.0007760416666666663,0.0,-0.0009270833333333333,0.0,0.9787291666666667
37,0,0.0,0.0005885416666666668,0.0006562499999999999,0.0005885416666666668,0.0,-0.0006562499999999999,0.0,1.1295450728501513e-32
37,1,0.06544984694978735,0.0014073715828077365,0.001400324613986956,-0.0013986487018312586,0.00015644993116166144,-0.00039820479008219713,0.0013425133033580377,1.8596223485614198
37,2,0.1308996938995747,0.0005890330514272456,0.0032656187419450046,-0.00016470100316219293,-0.0005655382526682519,-1.3879625586752601e-05,-0.0032655892460222314,1.221402995110784
37,3,0.19634954084936207,0.001147116931099821,0.0036933938590421036,0.0009464615046339418,0.0006481418624513667,0.0025939589337249033,0.0026291700683216913,0.9701152903382732
37,4,0.2617993877991494,0.0014689405819186087,0.001914441168585036,0.0005573673479317044,0.001359090899339319,0.0006468662300998017,0.0018018460168198914,0.9437417915145256
37,5,0.3272492347489368,0.0024594510300537374,0.003225515098254603,-0.0017610279430632218,0.0017168808790894341,-0.0026737814007035975,0.001804117698577315,1.009086132992305
37,6,0.39269908169872414,0.0014040561501806061,0.002038567004752642,1.4261953815500616e-05,-0.0014039837141268234,0.0001998134310972974,-0.0020287508535104266,0.9805212611402063
37,7,0.4581489286485115,0.0011104711032103919,0.0010310407797555314,-0.001033083526917124,-0.00040728920618864973,-0.0007089181887549929,-0.0007486521830404521,0.9368224347916572
37,8,0.5235987755982988,0.0010270173743467256,0.0033667441909938506,0.0002489649489021975,0.0009963840331057943,0.0018693640295728638,0.0028000793868263704,0.9889075846792844
37,9,0.5890486225480862,0.0006979076804680726,0.002713729438737005,0.0006364158923200296,-0.0002864436113074016,0.0026447541181444678,0.0006079499331571124,0.9833819684288024
37,10,0.6544984694978736,0.00186078933799418,0.0023136085640509145,0.00047399227701017945,0.001799407758604904,0.0003286163623593292,0.0022901519325231367,0.9804819687692984
37,11,0.7199483164476609,0.0024137951712592744,0.002865318691956417,0.0023075564107725042,-0.0007082305697280429,0.0011397286400111955,-0.0026288913696866714,0.9922988728567853
37,12,0.7853981633974483,0.0003030117142786456,0.0032370050992918302,0.0002519142310840996,-0.00016839037730045746,-0.002933783142127682,0.0013678883316297183,0.9403976295773636
37,13,0.8508480103472357,0.0010139514127474353,0.0005423627605681077,-0.00019139546170121835,0.0009957234780061668,-0.00022354873534372505,0.0004941490938747937,0.973063729204779
37,14,0.916297857297023,0.0008616455516141022,0.0011452588034893342,0.0006550515009785454,-0.0005597683339401446,0.00018401075716232123,-0.0011303794797404856,0.9810711965647699
37,15,0.9817477042468102,0.0026970780167372963,0.0030813256785891105,-0.002117543455923175,-0.001670401011926335,-0.002159058529318134,-0.002198416294633766,0.9810718443922307
37,16,1.0471975511965976,0.0008100088680498778,0.0008556896990797014,6.510416666666668e-05,0.0008073882670698672,0.0006145833333333331,0.000595392465101801,0.9324374999999999
37,17,1.1126473981463851,0.0016699770550905445,0.003414300140396927,-0.0016698095453811792,-2.365262528318867e-05,-0.0032205241547801676,0.001133873721889684,0.9840781735492894
37,18,1.1780972450961724,0.0015006261755311908,0.003779881421382978,-0.001453152757372788,-0.0003744675986373603,-0.0037658679755402666,0.000325179874095025,1.0158723304289858
37,19,1.2435470920459597,0.0013050244571753188,0.0024130530847845796,4.5388169536523065e-05,-0.0013042349281827486,0.0003661148689590544,-0.00238511741696619,0.9361138785076742
37,20,1.3089969389957472,0.0001753633154415919,0.002298945475698537,-7.196931151382052e-05,-0.0001599146978951401,0.0006547918888861797,0.002203723640224346,0.9748474089089258
37,21,1.3744467859455345,0.0021520774786171425,0.002349447539966406,-0.001577241733188419,-0.0014641536767224642,-0.0020110334308556044,-0.0012147626447316091,0.9698803256594893
37,22,1.4398966328953218,0.0014119409290374357,0.0015377716530896935,-0.0003909278211176864,-0.001356743389800472,0.0006708706611055252,-0.001383717533716345,1.0099461018991422
37,23,1.505346479845109,0.0007897647386708983,0.0007303268957049938,-0.0007080596257510699,0.0003498283991175775,5.89824892597328e-05,-0.0007279412342701974,0.9602954053096563
37,24,1.5707963267948966,0.0005061739054608054,0.0018193417326818448,0.0003281249999999999,0.0003854166666666666,0.0012916666666666667,-0.0012812499999999998,0.9660208333333333
37,25,1.636246173744684,0.00037523875792160787,0.0015683108779476068,0.00021076607715883784,0.00031045416113433856,-0.001545280654401311,0.0002677810841374909,0.9596258489023041
37,26,1.7016960206944713,0.0011875017921860358,0.0015468218000212666,0.00027185101752212875,-0.0011559660595005506,-0.0008666120210965788,-0.0012812655017255144,0.9339098337843462
37,27,1.7671458676442586,0.002007196282423297,0.002707866852787572,-0.0009241888009784635,-0.0017817721448939242,-0.002621864750690508,-0.0006770288926717015,0.9572868813773212
37,28,1.832595714594046,0.0021633635130621034,0.002958679200559177,-0.0019639611874003615,0.0009071924514861045,-0.0023145272137404787,0.0018430264210467049,0.9729666289871863
37,29,1.8980455615438334,0.0015225059638864444,0.0007619318041873786,-0.0006377743018859154,0.001382486292852021,-0.00052459348763403,0.0005525773674013429,0.9089484924919686
37,30,1.9634954084936205,0.0014674640912008697,0.0031094357528466884,0.0006014237856620354,-0.0013385590345606504,0.002553346931232419,-0.0017745450543300498,0.9433139249657055
37,31,2.028945255443408,0.0013241543413897857,0.0003557987326447331,6.149640618850153e-05,-0.001322725561803096,3.46556157215016e-05,-0.00035410694211009456,0.9652280055196649
37,32,2.0943951023931953,0.0014291063064270075,0.003688559169919875,-0.00015364583333333346,-0.0014208229280838446,-0.00140625,-0.003409975027401227,0.9743541666666666
37,33,2.159844949342983,0.00015874945183853192,0.0009313818468003333,0.0001419160423064613,7.11422897797439e-05,0.0008221373066077897,-0.000437678413487447,0.9549434803669512
37,34,2.2252947962927703,0.0008783817316885344,0.0006077909123236073,4.403173898700462e-06,0.0008783706954491175,-0.0006020608230248314,-8.326198701583724e-05,1.0054125170369141
37,35,2.2907446432425576,0.0012992247808353858,0.0023419221259719566,-0.0009884858736246178,0.000843137419867801,-0.0022449708381568393,-0.0006668621896182057,0.9460176688425744
37,36,2.356194490192345,0.0008508142311168917,0.00035886743287864966,-0.0005435808977507664,0.0006545262893662091,-0.00014955019120565117,0.00032622166496305133,0.9524773704226362
37,37,2.421644337142132,0.0024503556266128467,0.0025608887477540925,0.001419343595861075,-0.0019974249557270954,0.0018909246176488587,-0.00172700760529392,0.9357882051813213
37,38,2.4870941840919194,0.0008076288892895277,0.00013998205799063137,-0.00042102710974770325,0.0006892028697506501,0.00012741465066485195,5.796967616992721e-05,0.9739230174366967
37,39,2.5525440310417067,0.002234185820274155,0.003151385812750281,0.0005485917823736463,-0.0021657870014907296,2.008617477791136e-05,-0.0031513217998780357,0.9177131986293311
37,40,2.6179938779914944,0.00038672197917735,0.0026221245250047493,-0.00020208994890219745,-0.0003297173664391276,-0.00022353069623952957,-0.0026125793868263703,0.9831340819873824
37,41,2.6834437249412812,0.0006957993235862114,0.0011927261030884291,0.0004991504834293565,0.0004847530232966774,0.0010279335983359459,0.0006049364217838304,0.9667113371088797
37,42,2.748893571891069,0.0017060865878729555,0.002432535748441839,-0.0015583663154380813,0.0006944248499498865,-0.00223729238678945,0.000954857551397832,0.9532091501317663
37,43,2.8143434188408563,0.000543774875004882,0.00231965842020057,0.0005348435731589078,-9.815022637359085e-05,-0.0015686212612355498,-0.0017088717111612556,0.9555913658582321
37,44,2.8797932657906435,0.0008346500855430994,0.0008273070536878125,-0.00022977018235085557,0.0008024004166247409,-0.00046629757191216927,0.0006833765693308664,0.9219441705893628
37,45,2.9452431127404313,0.000992970344190629,0.0011595062738851284,0.0009705887684559786,0.00020963670239049974,0.0011276868442758414,-0.0002697724604665354,0.9311070108076022
37,46,3.010692959690218,0.002325989468176598,0.003420185793997722,0.0007796912979513623,-0.0021914170041248135,0.001546640038416135,-0.0030505041316202085,0.95518570273138
37,47,3.076142806640006,0.00030538912968082704,0.0016774737283610488,-6.525973595010144e-05,0.000298334857820765,-0.0013265629855105446,0.0010267174659149753,0.9117081003214893
37,48,3.141592653589793,0.001286458333333333,0.0007604166666666667,-0.001286458333333333,0.0,-0.0007604166666666667,0.0,0.9393125000000001
38,0,0.0,0.003802083333333333,0.005031249999999999,-0.003802083333333333,0.0,-0.005031249999999999,0.0,1.2211743998376147e-32
38,1,0.06544984694978735,0.0006898482144050205,0.0007575958783373192,0.00011084675285133678,-0.0006808843927570302,0.00053631063510699,0.0005350910366889276,1.7805796409199033
38,2,0.1308996938995747,0.0009183365142696569,0.002408274424431459,0.00014677088187883315,-0.0009065319970488926,0.0019296656126787447,-0.0014408942801662585,1.237941379999307
38,3,0.19634954084936207,0.002716639711402095,0.006128534561922878,-0.0007614143976063137,0.00260775371472934,-9.387170366642909e-06,0.006128527372682262,1.015125868082867
38,4,0.2617993877991494,0.0012078083716880333,0.0008465143622737606,0.0005438049401916335,0.0010784605925776205,-0.0007407296422997896,0.0004097635446866611,0.9455624762275897
38,5,0.3272492347489368,0.0017759493577287747,0.002446286893468685,0.001567412274623776,-0.0008349939416402781,0.0023144607590824835,0.0007922063871391118,0.9992182271959721
38,6,0.39269908169872414,0.0006200592177792145,0.0052018249070877815,-0.0003760550410270749,0.0004930071395741612,0.0018877228242839494,0.004847214138314526,0.9695126509964935
38,7,0.4581489286485115,0.0011493442631486522,0.0016958844969069845,-0.0010893670517622168,0.0003664309781768102,-0.001433490768405971,0.000906161378422362,0.9935587048994909
38,8,0.5235987755982988,0.0011955147257414265,0.0010940244588231389,-0.0010190235514251566,-0.0006251771437804327,-0.0005545470309860352,-0.0009430626208941986,0.9563777767497316
38,9,0.5890486225480862,0.0019098802148765392,0.00075118742537598,-0.001857202385349975,0.0004454679955139515,0.0005041210187828952,0.0005569062277118918,0.999741764978948
38,10,0.6544984694978736,0.0017314066757698997,0.0025845867116978402,0.0016849416718035751,-0.0003984226895149767,0.0024599611151169785,-0.0007928932982422581,0.9919424148795762
38,11,0.7199483164476609,0.0020196759650924637,0.0027079411990469124,-0.0018024338441671086,-0.0009112207423962396,-0.0018771504063253204,-0.0019517304858838254,0.9253522170190273
38,12,0.7853981633974483,0.002211919583672375,0.00013442851463887928,0.0018970444761424615,-0.0011374579113843054,-6.318767893731333e-06,-0.0001342799267214595,0.9316097042044872
38,13,0.8508480103472357,0.0016286331528501342,0.0014274568684480996,0.0011972695479689837,0.0011040795152835298,0.0009659978812494576,0.0010509430073515947,0.9620921726671045
38,14,0.916297857297023,0.0005882525329562945,0.0012396607897194659,-0.0005439581269814751,-0.0002239432933139585,0.0008920633511745458,-0.0008608030268645253,0.9384264644007344
38,15,0.9817477042468102,0.0030463299668401335,0.004035394506017256,0.00296943801573773,-0.0006801206786738513,0.0017899980878046022,-0.003616671904506977,0.9302051470093292
38,16,1.0471975511965976,0.0018622177149056264,0.003627872425173374,0.0014921874999999998,-0.001114105597576856,0.0023749999999999995,-0.0027424137786507233,0.9860416666666666
38,17,1.1126473981463851,0.00038217258944953645,0.0011982505282870969,0.0002480172698755068,0.00029076334358041757,-0.001193899458958438,0.00010202161750852293,0.9328204031051873
38,18,1.1780972450961724,0.003008701976297476,0.002265059129982187,0.002996930303567484,-0.00026588782923489974,0.0021674798631098756,0.0006576654965321328,0.9868333974526041
38,19,1.2435470920459597,0.0009797690498695804,0.0034075271344910494,-0.0004012391881453232,-0.0008938425504409723,-0.0028183329705338545,-0.00191526510945472,0.9712274975075287
38,20,1.3089969389957472,0.002046136693419378,0.001993987656485985,-0.00010099030327146189,0.0020436429058919084,-0.0017586086449932303,-0.0009398310528885205,0.9718264269797573
38,21,1.3744467859455345,0.000668444206560329,0.0027152712191843933,-0.0003791157862686351,0.0005505350832471826,-0.0005460073004361886,0.0026598071023293188,0.95951556640862
38,22,1.4398966328953218,0.003790598315618651,0.00358172734336647,0.003785241181430518,-0.00020145666723504437,0.003506588264287722,-0.0007298010050545648,0.9808170010668924
38,23,1.505346479845109,0.001403649631161278,0.002316847692648085,0.0013654571116422536,-0.00032520633961346195,0.001182743067089731,-0.0019922103473729706,0.9802014731317872
38,24,1.5707963267948966,0.0008417543271182052,0.0007773513836169013,0.0006354166666666668,0.0005520833333333334,0.0004166666666666666,-0.0006562499999999998,0.9466875
38,25,1.636246173744684,0.0019709594931789933,0.0024367957506813346,0.0004607938753244852,-0.0019163377385564989,0.001668653724372159,-0.0017758288990433542,0.9685070526528904
38,26,1.7016960206944713,0.0009797967619082908,0.0013668486786757802,0.00046726920372321324,-0.0008611975301275811,-0.0010808244817886007,-0.0008367160509779462,0.9461170481552729
38,27,1.7671458676442586,0.0009934167327541774,0.0004631463069574962,0.0008437893832103889,0.0005243055232375645,-0.00029001303174466114,0.00036110516898354896,0.9762104236566153
38,28,1.832595714594046,0.0012281634492985023,0.0013257725596482525,0.0007113135809401215,-0.0010012084936530134,0.0008970168437317507,0.0009762344298260572,0.9695469123122828
38,29,1.8980455615438334,0.000560469911682762,0.001067047528034854,0.0005543269313038855,8.275370162657628e-05,0.0006610333117779094,0.0008376308183234555,0.9165927967811743
38,30,1.9634954084936205,0.0027659716169035277,0.004047452128263718,-0.0027432288550328235,-0.00035396953884652164,-0.004032518640207747,0.00034736457355862645,0.9739759128923314
38,31,2.028945255443408,0.00075115929550768,0.002541595633871634,-0.00030519320309236366,-0.0006863653516996741,-0.0016434965456809851,-0.0019387179966281897,0.9404917673707208
38,32,2.0943951023931953,0.0010625127654461902,0.0015946688527716348,-0.0010286458333333332,0.00026612238970459274,-0.0002812500000000001,-0.0015696710443592957,0.9392916666666666
38,33,2.159844949342983,0.0013526552489173897,0.0019333507994226738,-0.0009271375860999871,-0.0009849325453372198,-0.0013652942609204697,-0.0013688743166287841,0.950403611752073
38,34,2.2252947962927703,0.0021846970219590598,0.003472465924575641,-0.002115748251610768,-0.0005445276977002762,-0.003452499675232469,-0.00037184081252420446,0.9710372997777407
38,35,2.2907446432425576,0.000978999472032731,0.0014426193189415256,-9.079192068914212e-05,0.0009747803821261189,-0.00010075578209951294,0.0014390965123148713,0.9358018199329212
38,36,2.356194490192345,0.0005536442887108862,0.0007092103507946057,-0.0002095444761424614,-0.0005124579113843054,0.00021465210122706483,-0.0006759465933881267,0.9620152957955131
38,37,2.421644337142132,0.0014687279331777544,0.0014503129411885488,0.00045587614248805534,-0.001396187195331202,0.0014501745305086904,-2.0036427897165657e-05,0.9844514440854534
38,38,2.4870941840919194,0.0009488015497465575,0.001791618636949611,0.0006813625715391468,0.00066027980955579,0.0017337556177233631,0.0004516511909403774,0.9558650072901523
38,39,2.5525440310417067,0.0009519517581669605,0.0021838621182375157,4.7463432876862586e-05,-0.0009507677804893846,-0.0014014559186048448,-0.001674865684071502,0.9630894835234254
38,40,2.6179938779914944,0.0021241312992954352,0.003971489461027473,0.0005867318847584898,-0.002041489522886234,0.0012316303643193688,-0.003775687379105801,0.9488722232502683
38,41,2.6834437249412812,0.0013349782730286389,0.00119730326491624,0.0004486022802871245,-0.0012573475985501064,0.0004458434141025769,-0.0011111969934626562,0.9622009535480784
38,42,2.748893571891069,0.0001182602421183076,0.0018353000250607302,-0.00010681307417425217,5.0758763295872754e-05,0.0017273159528139225,0.0006202465486743539,0.9595947053252424
38,43,2.8143434188408563,0.001662303062901069,0.003387280445541399,-0.0008312662024157503,0.0014395304698586872,-0.0031048188546771932,0.0013541671596919405,0.9692117690886598
38,44,2.8797932657906435,0.0010178532623655039,0.0008373944559011259,0.0007521217821397071,0.0006858119921225425,0.00045648811022793606,0.0007020313953054168,0.9613141844803712
38,45,2.9452431127404313,0.0005609080462353327,0.0007732385042713693,-0.0005608206765000708,-9.899754620245477e-06,-9.862809118135708e-05,0.0007669226063415698,0.9675414679214539
38,46,3.010692959690218,0.00013778421211938391,0.0011419256632256075,-1.7124651163761364e-06,0.00013777356993481942,0.0008862901960397145,-0.0007200582675986216,0.9296867177636555
38,47,3.076142806640006,0.001277987670849834,0.003293433980148945,0.001236689223906498,-0.0003222611523558611,0.0031133941300579455,-0.0010740038978143652,0.9583587267607627
38,48,3.141592653589793,0.0005312500000000001,0.0007812499999999995,0.0005312500000000001,0.0,0.0007812499999999995,0.0,1.0208541666666666
39,0,0.0,0.0036927083333333334,0.0030520833333333337,-0.0036927083333333334,0.0,-0.0030520833333333337,0.0,1.0760812575939616e-32
39,1,0.06544984694978735,0.0023842353697535214,0.0018141169727269905,0.0006960406415649899,-0.0022803740315293693,0.00041936556029816,-0.001764979579930587,1.761280507922464
39,2,0.1308996938995747,0.00076659798933903,0.0027604659910600558,-0.0006012950570826182,0.0004755173304798202,-0.00023241576365631405,-0.002750664537998632,1.2952648361150536
39,3,0.19634954084936207,0.0004978884453405856,0.0008184693739576681,0.0004929976925368042,-6.961450392735697e-05,-0.00023403393914511804,0.0007842960100847614,1.000058726572244
39,4,0.2617993877991494,8.00070819638672e-05,0.0017586313233929202,3.775779869275974e-05,-7.0537095221238e-05,0.0006578214786940939,-0.0016309675146327868,0.9866244129034659
39,5,0.3272492347489368,0.0020928040842114223,0.003026466801818003,-0.0015352744896865809,0.0014222380870338195,-0.002721627280608418,0.0013237243851929744,0.9701348571365872
39,6,0.39269908169872414,0.00029870722670860187,0.0014651004944553974,6.397012277825273e-05,-0.0002917770221927685,-0.0010895819253893498,-0.000979454280055117,0.9879530844874186
39,7,0.4581489286485115,0.000505867402453805,0.002557720005009287,-0.0004986650253005622,8.505892902776029e-05,-0.0020476517197882006,0.0015326624085143905,0.9720585826903307
39,8,0.5235987755982988,0.0007160267519550459,0.0007568618046330627,0.00015536524489022006,0.0006989677747904369,-0.0004428550323992077,0.0006137745608862533,0.939563144347018
39,9,0.5890486225480862,0.0007312376293032096,0.0011759412867363994,3.6489297508752886e-05,-0.0007303266403988669,-0.0011598106847412891,0.0001941058613519975,0.9526024716359943
39,10,0.6544984694978736,0.0006250581728712987,0.0014391646289810625,-0.00012962602316679778,-0.0006114693889240631,-0.00026896338977116656,-0.0014138081638868133,0.9914825746608477
39,11,0.7199483164476609,0.0013931029803081192,0.004261777862369865,0.0013869628344014367,-0.0001306522473304503,0.0036805607898335122,-0.0021485396948918503,0.9742185102809539
39,12,0.7853981633974483,0.00010960005880636797,0.0026614933530308615,-9.254975323802334e-05,-5.870873926376128e-05,-0.0025162491721205447,-0.0008672006526924044,0.9705346846557547
39,13,0.8508480103472357,0.0006711654848913821,0.0021045503808299246,-0.0005753758211927729,0.00034555140355123186,-0.0017649596265004576,0.0011463201220753066,0.9667450552184168
39,14,0.916297857297023,0.0016442846215672438,0.0024396981553570286,0.0015868228952036038,0.000430888635241389,0.0024350816642772543,0.0001500145911343452,0.9343760455541305
39,15,0.9817477042468102,0.00040616531926917305,0.00035913380316971865,-5.626816271287578e-05,0.0004022488787329886,0.0003219079194319501,0.000159224307146049,0.9347563078721605
39,16,1.0471975511965976,0.0006623189938789145,0.002705747964724562,-0.00045833333333333316,-0.0004781181916726588,-0.0026197916666666665,-0.0006765823467065931,0.9642291666666667
39,17,1.1126473981463851,0.0015414697344562755,0.0019456374811556013,0.0015224799820075581,-0.00024121286580728988,0.0018441067543405354,0.0006203027379216772,0.9955936557213899
39,18,1.1780972450961724,0.0021722023074952595,0.0023790188181703428,-0.00216185415363617,-0.0002117769654465956,-0.0014739095706624802,-0.001867437044378781,0.9423088078049083
39,19,1.2435470920459597,0.0016312255676401957,0.0007424251255647742,-0.0016271737897779527,-0.00011490130714110364,-0.0007416058225539918,3.486934217744626e-05,0.9641905631062638
39,20,1.3089969389957472,0.0014655696688120503,0.0016729475525867673,0.001352459301974379,-0.0005645779756994055,0.0016693043760739744,0.00011034678847312912,0.939872419466612
39,21,1.3744467859455345,0.0019718376148002456,0.00354528218141792,0.0009789269678588833,-0.0017116791669993924,0.0013962686451206296,-0.003258751235754642,0.9651065770914244
39,22,1.4398966328953218,0.001941874385696223,0.001426804381529968,-0.0005215526814208294,-0.0018705237048286306,-0.0011367634410403592,-0.000862287435990573,0.9452039336879317
39,23,1.505346479845109,0.000818938085884129,0.0014004913454078965,0.0002286142919652603,0.0007863810107198569,2.762864214449089e-05,0.001400218792437693,1.0013054841253164
39,24,1.5707963267948966,0.0007469011501698197,0.0015104166666666666,0.0004531249999999998,-0.0005937499999999999,-0.0015,-0.00017708333333333348,0.9725625
39,25,1.636246173744684,0.0003100365886702332,0.0009072354297603102,0.00030587616716299044,-5.062071390205486e-05,0.0008838774886730631,0.00020454024061141094,0.9565061240988032
39,26,1.7016960206944713,0.0007173840223783523,0.002158036723180458,9.364044137349104e-05,0.0007112463028396857,0.0017636057258880226,0.0012437111168637316,0.9597793993610879
39,27,1.7671458676442586,0.00019765454997422565,0.002677794994054278,-0.00019195053779497043,4.7141406064470495e-05,-3.547919022402332e-05,0.0026775599446591664,0.9523664493837533
39,28,1.832595714594046,0.0006437784829271866,0.0008516726361123916,0.0003156762829358038,0.0005610697099932096,3.200461196593854e-05,-0.000851071080413111,0.9411490659240757
39,29,1.8980455615438334,0.003094536324866683,0.00468065602841956,-0.0005557767489039495,-0.0030442186635156734,-0.0001214542311780639,-0.004679080008517627,0.9283867418976749
39,30,1.9634954084936205,0.0009211417471485056,0.0013638071020929414,-0.00029211184431949177,0.0008735976126043766,0.000549480758120179,0.0012482150087924837,0.978037299104426
39,31,2.028945255443408,0.0009742142409865433,0.0022407033518423024,0.0009615126872072727,0.00015680159336064142,0.0022064043290336453,0.00039055274647468313,1.0267779860565158
39,32,2.0943951023931953,0.00018929981088944007,0.0031674375432323484,5.729166666666668e-05,-0.00018042195912175803,0.0005885416666666666,-0.003112278794850326,0.9064791666666667
39,33,2.159844949342983,0.0008368815579885808,0.001689856828502315,-0.0002893220096893309,0.000785279260397676,0.0013935559566535755,0.0009558336134031072,0.972133059419675
39,34,2.2252947962927703,0.000911730661506105,0.0013325079802835908,0.00039927385315549434,0.0008196543108632594,0.0010053060180676445,0.0008746069560416445,0.9639975562961444
39,35,2.2907446432425576,0.0007887092053742045,0.0020720691469153945,0.0007185027504830398,-0.00032529372602359806,0.00132198654462575,-0.0015955632627467832,0.9464136343498235
39,36,2.356194490192345,0.00034779748062098925,0.0015654150607197113,0.00029046641990469003,0.00019129126073623876,-0.0007337508278794557,0.001382799347307595,0.9885069820109118
39,37,2.421644337142132,0.0016220711905524296,0.0030706849703307014,0.0006850667465225849,0.0014703055804930949,0.0013275363030556605,0.002768890310410322,0.9561823305627021
39,38,2.4870941840919194,0.0016681955264644145,0.002092855164477479,0.0012245115679174992,-0.0011328935230427056,-0.0006789031227533667,-0.001979680097742002,0.9629873512729872
39,39,2.5525440310417067,0.0004470489511046807,0.002067187830393635,0.000304225484981626,0.0003275662054783577,-0.0010350738852779816,0.0017893818983501226,0.970950200554086
39,40,2.6179938779914944,0.003497581152689865,0.005422119735943666,0.00011025975510978018,-0.0034958427747904365,0.0010366050323992076,-0.005322107894219587,0.9638118556529821
39,41,2.6834437249412812,0.00118708429301172,0.001810981532122861,-0.00030949783041765336,0.001146028015225588,-0.0006231280342660203,0.001700401588626002,0.9317318933034661
39,42,2.748893571891069,0.0005564434582098382,0.0010316244191656125,-0.0004850041248225907,0.0002727642225248701,-0.0007776559287350148,0.0006778644397828143,0.9431174752699129
39,43,2.8143434188408563,0.0014851449885070482,0.00138345702116069,-0.00011110295560320587,-0.0014809833794286258,-0.0013803524994426023,-9.262994484166645e-05,0.9052660004752237
39,44,2.8797932657906435,0.0012993902939252191,0.0027234911914704295,0.0009086899497303908,0.0009288152190861468,0.002703369533265992,0.0003304503542534541,0.9749374350391745
39,45,2.9452431127404313,0.0005810543521838857,0.0001796239410983732,9.9901267311111e-05,0.0005724018666823764,0.00010266517818225624,-0.00014739274542703053,0.974192874137329
39,46,3.010692959690218,0.0009562460758154995,0.0014667042174742405,-0.00036427499597984367,0.0008841438145553171,0.0006547189756549518,0.0013124649802848283,0.9802416363851444
39,47,3.076142806640006,0.00025315949456250486,0.00042623205677424857,-4.2189440432455465e-05,0.0002496192716981989,0.00018931280233293655,0.00038188274259889877,0.9305414063874181
39,48,3.141592653589793,0.0004427083333333334,0.002302083333333333,-0.0004427083333333334,0.0,0.002302083333333333,0.0,0.9353541666666666
40,0,0.0,0.00021874999999999987,0.003572916666666666,0.00021874999999999987,0.0,0.003572916666666666,0.0,1.1649308256950262e-32
40,1,0.06544984694978735,0.0002795567782491135,0.00113854378358666,-7.984805847809792e-07,-0.00027955563792164836,-1.9544731394599607e-05,0.0011383760146008613,1.802048977297473
40,2,0.1308996938995747,0.001489383591509917,0.000673012103383705,-0.0002137157990099988,0.0014739705017104302,0.00027320724887914833,0.0006150634849028562,1.235549024917522
40,3,0.19634954084936207,0.0015495936299008784,0.0014211593493892625,0.0013866365337191317,-0.0006917221560603446,0.0012953073120982694,-0.0005846989512400961,1.010995184955859
40,4,0.2617993877991494,0.0010662422445072792,0.0028205448659253444,0.0009619033270545851,0.00046001577513520193,0.002740336190820117,-0.00066785544991361,1.0008217673243778
40,5,0.3272492347489368,0.0016233603891042379,0.002455474401640091,-0.001623000601872569,3.41760037737209e-05,-0.0007196863556782649,-0.002347638406262834,0.9802627821612138
40,6,0.39269908169872414,0.0020631123819227267,0.0032659873798903056,0.002058229611979572,-0.00014185755113241993,0.0028761757665603897,-0.0015473482237213113,0.9611142301310435
40,7,0.4581489286485115,0.0005801073677752265,0.0008295515243055444,0.0003045553549202995,-0.0004937312973029686,-0.000488454789670405,-0.0006704980610901814,0.9622001518494052
40,8,0.5235987755982988,0.0009826044736571547,0.0026669840215017785,0.0008905212057525041,0.0004153113696447041,0.0022517891641676752,-0.0014290728921517058,0.957337663399858
40,9,0.5890486225480862,0.0006365109516325096,0.0005324290294694224,0.00027808856948887203,0.0005725495079621987,0.0003868905482099374,-0.00036578186823237307,0.9769979977328336
40,10,0.6544984694978736,0.0007761456325127829,0.0014171959145748724,0.00013974211940962728,-0.0007634619721581248,0.0003773103828530836,-0.0013660458027749175,0.9568685677400287
40,11,0.7199483164476609,0.0016937601682259023,0.002330255114226959,0.0016760423064064395,-0.0002443474874117176,0.0011755817025843477,-0.0020119882101865766,0.9819998840366436
40,12,0.7853981633974483,0.001918205177138941,0.0012029575663153986,-0.0018749287885144014,-0.00040515816615558254,-0.0009412386499666212,0.0007491172873218714,0.9398376007348205
40,13,0.8508480103472357,0.0022060261673491144,0.0033823635456900008,-0.000743204401617435,0.0020770649167624715,8.926391551901391e-05,0.0033811854590659247,0.9521024424350704
40,14,0.916297857297023,0.0016734071790747412,0.0030152433104475404,0.0009583606852901721,-0.0013718004169226057,0.0017030186167656322,-0.002488256379907086,0.9559036556313133
40,15,0.9817477042468102,0.0005645491645341216,0.002812343480077188,0.00044251157519830243,-0.00035056991455584404,-0.0005542183889839636,-0.002757193832004687,0.9703408879778813
40,16,1.0471975511965976,0.0009039272196381623,0.0023723486662892627,-0.0005130208333333336,0.0007442405813772522,-0.001677083333333333,0.0016779242198323497,0.9380625
40,17,1.1126473981463851,0.00016471497473303094,0.003036211624415048,-0.0001260148847354408,0.00010607201198439007,0.0018874213360448298,-0.0023782812551243417,0.9756640192388102
40,18,1.1780972450961724,0.0012782109403105051,0.002004296008677906,0.0008467678135306426,0.0009575006411997857,0.0012687977488795694,0.0015515652621918045,1.0050412526993364
40,19,1.2435470920459597,0.0003716986741516448,0.00340902815591663,4.612364795587629e-05,0.00036882585791309834,-0.0013705097887984682,0.0031214060752551755,0.9809703148725442
40,20,1.3089969389957472,0.0020987161258925486,0.0022491925769109918,-0.0005217074871048136,-0.002032838083808007,-0.0011208102831205447,-0.0019500388604545172,0.9436485772294257
40,21,1.3744467859455345,0.001064330728619086,0.002733807189664767,0.0004441881183236147,-0.0009672108433133701,-0.0026190166378447376,-0.0007838709083485742,0.9483752806908216
40,22,1.4398966328953218,0.001471972801072955,0.0005316052346935691,-8.313849937931919e-05,0.001469623052697363,1.3809844937236394e-05,0.0005314258308893294,0.9646674068016359
40,23,1.505346479845109,0.0007510369196708108,0.001307343621924134,0.0006503293683756445,-0.00037567029072945753,0.0012212236232079859,0.0004666478414227074,0.9583925386294938
40,24,1.5707963267948966,0.002255743537339739,0.0036572588826499853,-0.0004843750000000001,-0.0022031249999999994,-0.003520833333333333,0.0009895833333333334,0.9826874999999999
40,25,1.636246173744684,0.0009476604967843358,0.0007090268481718428,0.0004877168955938929,0.0008125223977945408,0.0005977306496094638,-0.00038136221882345133,0.9877725695290817
40,26,1.7016960206944713,0.0018086024319083254,0.0018054033470464197,0.0003300363817452263,0.001778234726752694,0.0011590942264082839,0.0013841899507774924,0.9448191716087506
40,27,1.7671458676442586,0.001843803729332596,0.0032082801624887403,-0.0006980627516728658,0.0017065522514788979,0.0018316905618052661,0.002634002901823057,0.9681908043454626
40,28,1.832595714594046,0.0015747146215687464,0.0017139711109966451,0.0006596415470090042,0.00142989481041158,-6.902636941439869e-05,0.001712580605301993,0.9692166044656793
40,29,1.8980455615438334,0.001265295646244638,0.0027245804087272867,0.001025801790162413,0.0007407454081566924,0.0025531185633340236,0.0009512749366927316,0.955425948187314
40,30,1.9634954084936205,0.0014127991144096577,0.0033412214397809553,-0.001204927157431008,0.0007376665120241967,-0.002465255628226675,0.002255277232880388,0.9403080768739618
40,31,2.028945255443408,0.0008580958172246677,0.0009227596253841095,0.0007151230532080235,-0.00047426516877049354,0.0006785963467322367,-0.0006252937905022599,0.9166757118303662
40,32,2.0943951023931953,0.000721293055473987,0.00088706953566849,0.0007109375,-0.00012178482240718686,7.291666666666673e-05,0.0008840675996966141,0.9532291666666667
40,33,2.159844949342983,0.000905463300692271,0.0017241410283104028,-0.0009040333215867051,5.0867891262082304e-05,-0.001724079123637878,1.4610302505410159e-05,0.9684009234663807
40,34,2.2252947962927703,0.0016492323047817294,0.004782369111089626,-0.001633997389506809,0.00022365090257047654,-0.004566733665145945,0.0014198584247476448,0.9389845984761865
40,35,2.2907446432425576,0.0005031720733317722,0.0007692597499956447,-0.00037332968105558193,-0.0003373530563429533,-0.000339575241467272,0.0006902530103851817,0.9798526181379065
40,36,2.356194490192345,0.000551456571079041,0.002169005717368645,-0.0005417378781522655,-0.00010307483282224889,0.0012537386499666208,0.0017699506206552047,0.9787873992651797
40,37,2.421644337142132,0.0003301596519482206,0.003296518019245659,0.00010400541689677885,-0.00031335007424715476,-0.0005847514839359132,-0.003244240551076025,0.9544598007419219
40,38,2.4870941840919194,0.0012390796326769813,0.0033527000155422213,0.0008206836052461308,0.0009283300901054191,-8.675170368636514e-05,0.0033515774698079596,0.9139212128624435
40,39,2.5525440310417067,0.0003929580937227172,0.003677697738916628,-0.00036249560360557113,-0.00015170036515718883,-0.0006823243948256156,0.0036138475450769,0.9692403916518003
40,40,2.6179938779914944,0.0022935561703787155,0.0008154593839253884,-0.0012655212057525041,0.001912813630355296,-0.00041845583083434217,0.000699906225485039,0.9802873366001413
40,41,2.6834437249412812,0.0020572900982370255,0.0035407286514686706,-0.001968003045256904,0.0005995052645003735,-0.0034939427363758803,-0.0005736928954217379,0.9427306705958332
40,42,2.748893571891069,0.0018950391313918848,0.0020218044157272663,0.0014874297319207937,-0.0011741916803080087,0.0006119487794533829,-0.0019269695863660607,0.9346197736289951
40,43,2.8143434188408563,0.0011010695682206828,0.0021710442428496722,-0.00041464882384279405,-0.0010200100719833449,-0.0019251209039234237,0.0010036645902330946,0.9364701012335349
40,44,2.8797932657906435,0.0020976473547386436,0.0024656058975309897,-0.0005894207202921092,-0.0020131337857510513,-0.0008629995382851742,-0.0023096415823367863,0.9905630509805178
40,45,2.9452431127404313,0.0009885072883707975,0.0017924194412409305,0.00041316688013522086,0.0008980199264612758,-1.7583210154611935e-05,-0.0017923331956026223,0.9746251958456303
40,46,3.010692959690218,0.001440074474422787,0.0019525056643794653,0.0004320288962049708,0.0013737414329953001,0.0009603783823222598,0.0016999858035295402,0.9364530286287859
40,47,3.076142806640006,0.0011316490501395062,0.00103923408653657,0.0004893020854461376,0.0010203984720978895,0.0003219832275456587,0.0009880962948006534,0.9633048025567214
40,48,3.141592653589793,0.00045833333333333316,0.003239583333333334,-0.00045833333333333316,0.0,-0.003239583333333334,0.0,0.9388125
